county_fips,state,cohort,rurality,base_rate,poverty_pct_2013,cate,cate_lo,cate_hi,observed_change
04001,AZ,2014,"Rural, near a metro",34.8,38.7,-5.993960689868707,-8.74740330853473,-3.240518071202674,-7.266666666666666
04003,AZ,2014,Metro,36.0,18.8,-7.605466249943094,-8.967820816523714,-6.243111683362473,-13.166666666666668
04005,AZ,2014,Metro,36.2,23.2,-6.587048353409785,-8.07946477983571,-5.094631926983856,-11.266666666666666
04007,AZ,2014,"Rural, near a metro",33.8,22.6,-7.360356282554085,-8.89755650405616,-5.823156061052011,-9.833333333333329
04009,AZ,2014,Remote rural,32.5,21.6,-6.66157864992696,-7.9152329246805575,-5.407924375173362,-11.166666666666668
04011,AZ,2014,Remote rural,26.7,11.6,-4.965657578626378,-6.693314481075807,-3.2380006761769504,-7.43333333333333
04012,AZ,2014,"Rural, near a metro",45.3,23.2,-9.95505218599456,-12.550320179760368,-7.35978419222876,-11.266666666666666
04013,AZ,2014,Metro,44.0,17.6,-7.3317171291863685,-9.004590386889523,-5.6588438714832145,-14.833333333333332
04015,AZ,2014,Metro,38.0,21.3,-7.003370377775087,-8.854507714212222,-5.152233041337951,-14.033333333333331
04017,AZ,2014,"Rural, near a metro",33.7,31.8,-6.455141571544524,-8.589689872220735,-4.320593270868315,-11.033333333333335
04019,AZ,2014,Metro,36.7,19.3,-6.3817831342179865,-8.039470837503972,-4.724095430932006,-12.500000000000004
04021,AZ,2014,Metro,39.7,16.7,-7.134324640274032,-8.067503663716913,-6.201145616831153,-14.700000000000003
04023,AZ,2014,"Rural, near a metro",43.5,22.7,-10.34245763594376,-12.069190106569883,-8.615725165317638,-14.966666666666669
04025,AZ,2014,Metro,41.5,16.4,-7.962173953453651,-10.623933382443257,-5.300414524464046,-16.400000000000002
04027,AZ,2014,Metro,42.9,19.2,-9.239218674670333,-11.265454676588302,-7.212982672752364,-12.599999999999998
05001,AR,2014,"Rural, near a metro",40.2,19.8,-11.162596137240946,-12.323634656333915,-10.001557618147977,-18.200000000000003
05003,AR,2014,Remote rural,39.7,21.9,-10.598520432708284,-11.485531658524355,-9.711509206892211,-18.533333333333335
05005,AR,2014,Remote rural,40.6,15.6,-10.843381656495083,-12.03147491096174,-9.655288402028427,-18.73333333333333
05007,AR,2014,Metro,51.1,11.7,-7.863496279040262,-9.065614257096081,-6.661378300984456,-17.1
05009,AR,2014,Remote rural,40.6,17.2,-11.39743534257088,-11.97698681691069,-10.81788386823107,-19.000000000000004
05011,AR,2014,Remote rural,49.1,27.0,-8.893528042462954,-11.80629096551881,-5.980765119407083,-19.6
05013,AR,2014,Remote rural,42.4,18.9,-11.100444653661032,-12.580803301554361,-9.620086005767703,-19.999999999999996
05015,AR,2014,"Rural, near a metro",49.5,22.2,-10.35735879326004,-11.150555739230601,-9.564161847289476,-16.500000000000007
05017,AR,2014,Remote rural,39.6,32.4,-9.975001845498335,-11.159250648417236,-8.790753042579427,-18.166666666666664
05019,AR,2014,Remote rural,36.9,22.7,-8.455200431118834,-9.549852197476524,-7.360548664761143,-16.23333333333333
05021,AR,2014,Remote rural,42.2,20.0,-11.584533755482848,-12.831332866644015,-10.337734644321682,-19.600000000000005
05023,AR,2014,"Rural, near a metro",46.3,16.3,-11.275296311456112,-12.03736413384735,-10.513228489064874,-22.499999999999996
05025,AR,2014,Metro,43.3,17.0,-11.565823143718013,-13.077290253545796,-10.054356033890237,-20.966666666666665
05027,AR,2014,Remote rural,41.0,23.2,-11.767463239808222,-12.797789727834681,-10.73713675178176,-17.53333333333333
05029,AR,2014,"Rural, near a metro",41.8,21.1,-11.466959395786892,-12.746927822557893,-10.186990969015877,-17.366666666666664
05031,AR,2014,Metro,41.9,20.0,-10.730209555120686,-11.331538164373379,-10.128880945867994,-17.999999999999996
05033,AR,2014,Metro,46.1,19.2,-10.559583945224269,-11.456878354778162,-9.662289535670382,-19.500000000000004
05035,AR,2014,Metro,34.4,23.6,-6.586258843784116,-7.298596806172198,-5.873920881396036,-16.666666666666664
05037,AR,2014,"Rural, near a metro",37.0,20.6,-9.211898109533598,-10.376009552875736,-8.047786666191461,-16.599999999999998
05039,AR,2014,"Rural, near a metro",39.3,21.4,-10.775044489762479,-11.760563693283883,-9.789525286241071,-17.999999999999996
05041,AR,2014,"Rural, near a metro",37.9,34.0,-9.146500047170752,-10.059419118554567,-8.233580975786941,-17.3
05043,AR,2014,"Rural, near a metro",36.6,24.8,-8.437766385511164,-9.928432560050682,-6.947100210971653,-15.8
05045,AR,2014,Metro,39.6,14.9,-9.044815890566191,-10.317000388969864,-7.77263139216253,-16.06666666666667
05047,AR,2014,"Rural, near a metro",42.3,20.7,-11.859946732126142,-12.802092412171458,-10.917801052080826,-18.13333333333333
05049,AR,2014,Remote rural,44.4,22.9,-11.089968322969979,-12.409852335571886,-9.770084310368071,-22.066666666666666
05051,AR,2014,Metro,45.2,22.1,-9.736929987934763,-10.456051371315272,-9.01780860455426,-18.83333333333334
05053,AR,2014,Metro,44.7,14.2,-11.691330389697985,-13.189782334652458,-10.192878444743515,-21.86666666666667
05055,AR,2014,"Rural, near a metro",39.8,17.7,-11.19117693947342,-12.445768801480213,-9.936585077466628,-19.73333333333333
05057,AR,2014,"Rural, near a metro",47.5,22.9,-9.865134869078961,-11.7754849088391,-7.954784829318808,-19.96666666666667
05059,AR,2014,"Rural, near a metro",40.7,18.5,-11.900266048562978,-13.38318348148866,-10.417348615637296,-18.8
05061,AR,2014,"Rural, near a metro",49.9,21.5,-8.870134303901622,-11.335713709335934,-6.40455489846731,-19.366666666666667
05063,AR,2014,Remote rural,49.2,18.4,-11.30525738376902,-13.19145017498418,-9.419064592553841,-24.500000000000004
05065,AR,2014,Remote rural,42.7,20.8,-11.205642363873785,-12.434862974830413,-9.976421752917148,-16.400000000000002
05067,AR,2014,"Rural, near a metro",38.6,27.5,-10.261960120199834,-11.491430525956368,-9.0324897144433,-17.6
05069,AR,2014,Metro,33.8,25.8,-7.212129392767569,-8.114568040536493,-6.309690744998642,-15.099999999999998
05071,AR,2014,Remote rural,47.0,23.4,-10.179723886641598,-10.961033153938079,-9.398414619345118,-16.86666666666667
05073,AR,2014,"Rural, near a metro",43.7,26.0,-10.622046291051253,-12.079854795714304,-9.164237786388206,-20.36666666666667
05075,AR,2014,"Rural, near a metro",38.1,20.4,-10.78433556389758,-12.157293369314488,-9.411377758480654,-19.233333333333338
05077,AR,2014,Remote rural,35.4,41.1,-8.607353634978775,-10.035500062026136,-7.179207207931407,-16.933333333333334
05079,AR,2014,Metro,41.6,27.6,-10.856874335758516,-12.22641680959784,-9.487331861919186,-17.366666666666667
05081,AR,2014,Metro,42.4,19.3,-11.151869658107808,-13.054263791658823,-9.249475524556797,-19.566666666666666
05083,AR,2014,"Rural, near a metro",39.7,18.7,-11.173859331818669,-12.535278504940084,-9.81244015869725,-17.033333333333335
05085,AR,2014,Metro,42.5,12.6,-10.357929329569583,-11.421308294851816,-9.29455036428736,-20.066666666666666
05087,AR,2014,Metro,48.7,20.2,-10.601915431405015,-11.46091379173967,-9.742917071070345,-19.400000000000002
05089,AR,2014,Remote rural,41.4,19.0,-11.227389143463235,-12.110481458062834,-10.344296828863648,-19.833333333333336
05091,AR,2014,Metro,38.6,21.4,-10.513857930993781,-11.832091087632152,-9.19562477435541,-17.06666666666667
05093,AR,2014,"Rural, near a metro",36.9,25.6,-8.936813292818384,-10.417615778067068,-7.456010807569699,-16.999999999999996
05095,AR,2014,Remote rural,35.6,28.7,-8.646164563075713,-9.48609348465496,-7.806235641496462,-14.466666666666669
05097,AR,2014,"Rural, near a metro",46.4,22.4,-10.964766454856342,-11.832714212026493,-10.096818697686196,-20.333333333333336
05099,AR,2014,Remote rural,39.6,21.1,-10.829195800569472,-12.031826557276249,-9.626565043862696,-18.533333333333335
05101,AR,2014,Remote rural,44.1,23.5,-11.151231566204661,-12.497342346152136,-9.805120786257186,-20.833333333333336
05103,AR,2014,Remote rural,35.1,27.5,-7.86061878494549,-8.613055771447149,-7.10818179844383,-17.200000000000003
05105,AR,2014,Metro,43.3,17.5,-11.914804357585014,-12.689031362384867,-11.14057735278516,-19.900000000000002
05107,AR,2014,"Rural, near a metro",33.3,36.6,-7.283345265395054,-8.155076286842231,-6.411614243947878,-16.2
05109,AR,2014,Remote rural,51.3,21.9,-9.883401842292457,-11.754458995529733,-8.01234468905517,-20.566666666666663
05111,AR,2014,Metro,36.0,24.7,-8.816245602385374,-10.952042227659792,-6.680448977110963,-14.3
05113,AR,2014,Remote rural,49.0,24.4,-10.820589987762986,-11.585031472212634,-10.056148503313338,-21.566666666666663
05115,AR,2014,Remote rural,44.7,20.0,-11.02526156849794,-12.820955173920115,-9.22956796307577,-17.16666666666667
05117,AR,2014,"Rural, near a metro",42.3,19.6,-10.842170079428831,-12.07198828349101,-9.61235187536667,-17.799999999999997
05119,AR,2014,Metro,42.7,17.3,-8.446734009441242,-10.638711411286039,-6.2547566075964465,-18.599999999999998
05121,AR,2014,Remote rural,42.7,22.6,-11.929989597525319,-13.330362353815739,-10.5296168412349,-21.066666666666666
05123,AR,2014,"Rural, near a metro",34.3,37.3,-7.013196536608475,-8.48336554041992,-5.543027532797029,-16.433333333333334
05125,AR,2014,Metro,45.3,10.3,-9.945090087286342,-10.945871651486119,-8.944308523086558,-21.466666666666665
05127,AR,2014,"Rural, near a metro",47.4,21.2,-11.03110155339883,-11.999134026979265,-10.063069079818389,-19.133333333333333
05129,AR,2014,Remote rural,43.9,25.9,-10.771482813445306,-11.630974812125517,-9.911990814765103,-20.133333333333333
05131,AR,2014,Metro,46.1,22.1,-8.096804128616276,-8.835301375551916,-7.358306881680646,-17.2
05133,AR,2014,"Rural, near a metro",60.2,22.2,-8.814915186338162,-11.2573595861921,-6.372470786484224,-17.833333333333336
05135,AR,2014,Remote rural,44.6,22.8,-11.344498039839563,-12.517999660147177,-10.170996419531951,-20.466666666666665
05137,AR,2014,Remote rural,44.3,26.2,-10.854000141866948,-12.110956318640893,-9.597043965092999,-19.63333333333333
05139,AR,2014,Remote rural,40.4,21.0,-11.017640904099132,-12.292808497380395,-9.742473310817868,-15.099999999999998
05141,AR,2014,"Rural, near a metro",44.8,18.9,-11.153962118750977,-12.191300293936491,-10.116623943565463,-18.433333333333326
05143,AR,2014,Metro,43.4,20.9,-7.089161376593902,-8.974817925148033,-5.203504828039779,-12.966666666666665
05145,AR,2014,"Rural, near a metro",40.6,17.2,-10.552762137014124,-11.639793495893207,-9.465730778135043,-16.7
05147,AR,2014,Remote rural,36.6,28.0,-8.831793973393125,-10.249540650972065,-7.414047295814183,-14.866666666666667
05149,AR,2014,"Rural, near a metro",52.1,19.7,-8.772572816186004,-10.308840919339715,-7.236304713032308,-18.400000000000006
06001,CA,2014,Metro,34.5,13.0,-4.634454515212996,-6.09160876134386,-3.1773002690821253,-16.833333333333332
06003,CA,2014,"Rural, near a metro",36.2,19.7,-8.105589449937742,-8.761338316049194,-7.449840583826301,-17.433333333333337
06005,CA,2014,"Rural, near a metro",34.8,14.3,-7.065921071293883,-7.794161430952107,-6.337680711635664,-18.999999999999993
06007,CA,2014,Metro,29.4,21.4,-5.279359650362833,-7.004281417349893,-3.5544378833757735,-13.799999999999999
06009,CA,2014,"Rural, near a metro",34.4,15.0,-7.02628895791121,-7.747577614285515,-6.305000301536905,-18.700000000000003
06011,CA,2014,"Rural, near a metro",46.9,13.0,-9.799095552034299,-11.35129158644426,-8.246899517624334,-19.8
06013,CA,2014,Metro,40.9,10.8,-7.241939211460553,-9.217624733239688,-5.2662536896814185,-18.766666666666662
06015,CA,2014,Remote rural,27.8,23.7,-5.7729220191335635,-7.373250320900975,-4.172593717366152,-12.933333333333334
06017,CA,2014,Metro,37.8,11.4,-7.386683732051677,-9.13799611360361,-5.635371350499749,-19.13333333333333
06019,CA,2014,Metro,37.5,28.6,-9.228873452070259,-11.762925578709583,-6.69482132543094,-14.633333333333336
06021,CA,2014,"Rural, near a metro",40.2,19.1,-10.278913783427724,-12.29737212782088,-8.260455439034567,-16.000000000000004
06023,CA,2014,Remote rural,33.8,21.5,-6.53045110010173,-8.731167563679579,-4.329734636523883,-17.299999999999994
06025,CA,2014,Metro,36.6,22.7,-9.853188746607968,-11.357773838572928,-8.348603654643007,-15.633333333333333
06027,CA,2014,Remote rural,35.0,15.7,-8.69194008010865,-9.910793105727423,-7.473087054489875,-15.066666666666666
06029,CA,2014,Metro,39.7,22.7,-9.609291124134042,-10.774952760303519,-8.443629487964568,-18.8
06031,CA,2014,Metro,35.3,21.8,-8.770016117716098,-10.710878231584577,-6.829154003847613,-15.566666666666663
06033,CA,2014,"Rural, near a metro",33.1,23.3,-6.807246587731527,-7.688108731859371,-5.926384443603678,-14.433333333333334
06035,CA,2014,Remote rural,26.0,19.1,-5.033928764136689,-6.539764360322071,-3.5280931679513086,-13.4
06037,CA,2014,Metro,45.6,19.0,-9.399120772037433,-12.961643407801446,-5.83659813627342,-18.76666666666667
06039,CA,2014,Metro,41.1,23.4,-10.101295969245598,-11.734189076342497,-8.468402862148698,-15.86666666666667
06041,CA,2014,Metro,39.4,8.7,-6.871869560894026,-8.642792187767379,-5.100946934020675,-16.266666666666662
06043,CA,2014,"Rural, near a metro",28.0,16.4,-5.674569927149822,-6.460598107543705,-4.888541746755933,-11.533333333333331
06045,CA,2014,"Rural, near a metro",35.6,20.9,-8.757471698479977,-10.10094455840223,-7.413998838557729,-14.86666666666667
06047,CA,2014,Metro,37.3,24.8,-9.36175252779588,-11.87286487058601,-6.850640185005755,-17.366666666666664
06049,CA,2014,"Rural, near a metro",37.8,20.0,-9.273836702306578,-11.373121270685747,-7.174552133927417,-17.966666666666665
06051,CA,2014,Remote rural,44.3,11.8,-9.534352701160874,-10.693220388073186,-8.375485014248554,-18.799999999999997
06053,CA,2014,Metro,46.9,17.5,-9.638651277544742,-11.819160388073595,-7.458142167015881,-19.466666666666665
06055,CA,2014,Metro,43.4,9.7,-8.47822328052425,-9.844566838807152,-7.111879722241354,-20.166666666666664
06057,CA,2014,"Rural, near a metro",38.7,12.8,-9.289418437475096,-10.948843851313423,-7.629993023636765,-20.000000000000004
06059,CA,2014,Metro,47.1,13.5,-7.9145619853090405,-8.984381871980148,-6.8447420986379335,-20.499999999999996
06061,CA,2014,Metro,39.1,8.3,-7.2099639807752505,-9.23131912662832,-5.1886088349221815,-20.166666666666668
06063,CA,2014,Remote rural,34.4,15.7,-8.12330734710349,-9.006320621200253,-7.24029407300673,-17.966666666666665
06065,CA,2014,Metro,44.7,17.4,-8.60324910764789,-10.782005428931178,-6.424492786364604,-18.533333333333335
06067,CA,2014,Metro,35.2,18.9,-4.412490277758129,-5.949194277225521,-2.8757862782907377,-18.26666666666667
06069,CA,2014,Metro,43.8,12.7,-10.171695236841735,-11.711112970054423,-8.632277503629046,-19.13333333333333
06071,CA,2014,Metro,42.3,19.2,-8.5958257933664,-11.921237453578279,-5.2704141331545244,-19.63333333333333
06073,CA,2014,Metro,39.4,15.3,-6.484646265053218,-8.157128411571769,-4.812164118534668,-16.066666666666666
06075,CA,2014,Metro,26.0,13.8,-4.662914725335911,-5.2544626505452845,-4.071366800126545,-10.533333333333331
06077,CA,2014,Metro,38.4,19.8,-7.3563237255974006,-9.747077526243581,-4.965569924951228,-18.599999999999998
06079,CA,2014,Metro,32.2,15.0,-5.72572875382062,-6.642545537897413,-4.808911969743828,-12.833333333333336
06081,CA,2014,Metro,36.9,8.0,-6.092088721521415,-7.515993659007632,-4.668183784035199,-15.366666666666667
06083,CA,2014,Metro,40.9,16.2,-8.69531045000016,-9.905067543050999,-7.485553356949323,-14.999999999999996
06085,CA,2014,Metro,37.6,10.5,-6.194139588063148,-7.852803770813127,-4.535475405313171,-17.466666666666665
06087,CA,2014,Metro,39.9,14.9,-7.837193996881547,-9.55342131014496,-6.120966683618128,-20.066666666666666
06089,CA,2014,Metro,31.8,19.7,-5.666119054054135,-6.581402329734228,-4.750835778374041,-15.133333333333333
06091,CA,2014,"Rural, near a metro",38.8,14.5,-9.546914126717205,-10.953182702974843,-8.140645550459574,-19.4
06093,CA,2014,"Rural, near a metro",31.8,20.4,-6.440630831127057,-7.6011695919513205,-5.280092070302793,-15.466666666666669
06095,CA,2014,Metro,37.3,12.9,-5.83345474819313,-7.363754639845941,-4.30315485654032,-18.566666666666663
06097,CA,2014,Metro,38.1,12.4,-6.561839760950794,-8.642985167107124,-4.480694354794464,-16.500000000000004
06099,CA,2014,Metro,40.0,21.8,-9.458177841717173,-11.206161072748898,-7.710194610685449,-21.933333333333334
06101,CA,2014,Metro,39.4,17.2,-8.342800522131668,-9.44179399989995,-7.243807044363393,-16.866666666666667
06103,CA,2014,"Rural, near a metro",32.7,17.9,-7.819459817408765,-9.266489320092875,-6.372430314724651,-15.56666666666667
06105,CA,2014,"Rural, near a metro",33.0,22.1,-7.306422419546933,-8.585031806489987,-6.027813032603876,-17.866666666666667
06107,CA,2014,Metro,38.2,29.6,-9.9016174131861,-12.275725365408688,-7.527509460963509,-14.433333333333334
06109,CA,2014,"Rural, near a metro",31.3,14.6,-5.703965214480375,-6.63402840623413,-4.773902022726622,-15.833333333333334
06111,CA,2014,Metro,46.3,12.0,-8.690628885695105,-10.306050990068606,-7.075206781321604,-17.16666666666666
06113,CA,2014,Metro,33.3,17.8,-5.940896469832749,-7.204808588045708,-4.676984351619787,-16.66666666666666
06115,CA,2014,Metro,32.7,20.6,-6.519856173891254,-7.869273349519054,-5.170438998263459,-14.733333333333338
08001,CO,2014,Metro,45.4,13.2,-7.82461395148471,-10.059276901233567,-5.589951001735855,-15.23333333333333
08003,CO,2014,Remote rural,31.5,25.6,-8.567587015594572,-10.17316904836364,-6.962004982825505,-9.166666666666668
08005,CO,2014,Metro,40.9,12.3,-7.372817910573913,-8.877558326830497,-5.868077494317323,-15.73333333333333
08007,CO,2014,Remote rural,42.1,15.1,-9.785006512799663,-11.356604234356166,-8.213408791243161,-17.900000000000002
08009,CO,2014,Remote rural,40.6,19.1,-10.07435735373289,-12.123546995610646,-8.025167711855127,-20.1
08011,CO,2014,Remote rural,29.4,33.0,-5.897570859555989,-7.004365618879002,-4.790776100232976,-10.133333333333333
08013,CO,2014,Metro,32.3,13.5,-5.445052672335799,-6.753749011558352,-4.136356333113244,-13.033333333333331
08014,CO,2014,Metro,39.2,6.4,-8.268309490970092,-9.346248840949995,-7.190370140990189,-18.566666666666666
08015,CO,2014,Remote rural,36.7,13.0,-8.157049803501042,-8.862974128783527,-7.451125478218562,-18.333333333333332
08017,CO,2014,Remote rural,50.0,13.1,-9.618354502617603,-10.704760982337877,-8.531948022897325,-21.400000000000002
08019,CO,2014,Metro,35.0,9.1,-5.984854191402865,-6.5724165835624095,-5.39729179924332,-17.466666666666665
08021,CO,2014,Remote rural,33.9,22.9,-9.71873480274613,-11.824247327377044,-7.61322227811522,-15.433333333333334
08023,CO,2014,Remote rural,46.2,26.0,-10.738868662136941,-12.222804438720134,-9.254932885553751,-21.36666666666667
08025,CO,2014,"Rural, near a metro",30.7,43.2,-6.046372018215256,-6.951323636942704,-5.141420399487811,-15.566666666666665
08027,CO,2014,"Rural, near a metro",41.1,14.4,-10.388757430838135,-11.520340224030479,-9.257174637645788,-19.666666666666668
08029,CO,2014,"Rural, near a metro",39.9,15.1,-10.448050687074158,-11.653140086636876,-9.242961287511454,-18.566666666666666
08031,CO,2014,Metro,35.3,18.7,-5.0999678014349525,-6.274870549715143,-3.9250650531547624,-11.2
08033,CO,2014,Remote rural,40.2,14.0,-10.044555125623472,-11.372264863325574,-8.716845387921365,-20.500000000000004
08035,CO,2014,Metro,39.5,3.6,-7.327063493421841,-8.405064244439775,-6.249062742403925,-20.466666666666665
08037,CO,2014,Remote rural,51.3,9.5,-7.383674166752819,-9.428081879151357,-5.339266454354284,-17.4
08039,CO,2014,Metro,44.7,6.7,-10.770976435613933,-12.146228388165383,-9.39572448306249,-20.400000000000002
08041,CO,2014,Metro,30.8,11.4,-4.8302477864701805,-5.304819476049764,-4.355676096890597,-12.633333333333333
08043,CO,2014,"Rural, near a metro",31.0,19.7,-5.717503524036925,-6.80473655804502,-4.630270490028833,-14.0
08045,CO,2014,Remote rural,50.1,12.4,-8.177630440350455,-9.80635484905909,-6.548906031641825,-14.833333333333329
08047,CO,2014,Metro,31.4,8.1,-2.484161625130683,-3.183971189916,-1.7843520603453689,-16.93333333333333
08049,CO,2014,Remote rural,41.3,11.0,-10.574599147063381,-12.031231804676422,-9.117966489450334,-18.966666666666665
08051,CO,2014,Remote rural,40.2,13.7,-8.916137308215765,-10.149081122957467,-7.68319349347406,-20.06666666666667
08053,CO,2014,Remote rural,34.4,10.6,-7.371284974677907,-8.32217539338836,-6.420394555967454,-14.466666666666665
08055,CO,2014,"Rural, near a metro",34.3,22.8,-8.55284890039998,-9.935339991671075,-7.17035780912888,-17.63333333333333
08057,CO,2014,Remote rural,35.3,15.7,-9.122791439555286,-11.054050214963393,-7.191532664147179,-10.199999999999992
08059,CO,2014,Metro,35.5,9.1,-5.823399543065564,-6.659375127507381,-4.987423958623745,-15.066666666666666
08061,CO,2014,Remote rural,37.4,12.9,-8.984370448712266,-9.865541564408877,-8.103199333015658,-18.73333333333333
08063,CO,2014,Remote rural,44.6,15.1,-7.494016403501638,-8.88136086860965,-6.1066719383936245,-18.333333333333336
08065,CO,2014,"Rural, near a metro",47.9,14.7,-9.185588597965477,-11.4341664219959,-6.9370107739350395,-21.8
08067,CO,2014,"Rural, near a metro",35.5,12.4,-7.899822499752188,-9.130621289207715,-6.66902371029666,-14.766666666666666
08069,CO,2014,Metro,29.6,13.8,-4.91849346748976,-5.6061494526982,-4.230837482281316,-13.100000000000001
08071,CO,2014,Remote rural,30.8,18.0,-8.471759891668574,-10.02941609559661,-6.914103687740551,-12.56666666666667
08073,CO,2014,"Rural, near a metro",31.4,19.1,-6.1346841563455925,-7.316862582090101,-4.952505730601084,-14.933333333333334
08075,CO,2014,Remote rural,37.3,16.9,-8.466619060863312,-9.668341232659255,-7.264896889067369,-15.799999999999997
08077,CO,2014,Metro,36.1,15.4,-7.362843772978063,-8.317758308372438,-6.4079292375836845,-15.100000000000001
08079,CO,2014,Remote rural,37.9,9.9,-7.858359230331876,-8.42556863152214,-7.291149829141614,-17.866666666666664
08081,CO,2014,Remote rural,38.9,11.5,-9.190849193834719,-10.68147785603779,-7.700220531631656,-16.8
08083,CO,2014,"Rural, near a metro",38.0,19.1,-9.627159793125063,-11.524470838073032,-7.7298487481770985,-15.033333333333331
08085,CO,2014,"Rural, near a metro",41.4,15.1,-9.822047260804043,-11.37257209405766,-8.271522427550433,-16.766666666666662
08087,CO,2014,"Rural, near a metro",39.3,13.5,-8.499307039870127,-9.888376802006363,-7.110237277733894,-13.599999999999998
08089,CO,2014,"Rural, near a metro",29.9,22.5,-8.28973553243024,-10.236509335603376,-6.342961729257102,-9.666666666666664
08091,CO,2014,Remote rural,40.4,9.8,-9.950174423987978,-10.976165137286603,-8.924183710689363,-21.033333333333335
08093,CO,2014,Metro,40.9,10.3,-10.180106980596811,-11.293269295571909,-9.06694466562172,-19.266666666666662
08095,CO,2014,Remote rural,45.0,12.4,-9.801980411520272,-11.31871811769105,-8.285242705349495,-16.233333333333334
08097,CO,2014,Remote rural,46.1,7.3,-9.778190646045202,-10.671005026095997,-8.885376265994402,-16.966666666666665
08099,CO,2014,Remote rural,37.1,21.7,-9.727277044019756,-11.757783898000547,-7.696770190038977,-12.733333333333338
08101,CO,2014,Metro,28.5,20.1,-7.035456145865877,-8.50857082171629,-5.562341470015477,-11.533333333333335
08103,CO,2014,Remote rural,37.8,10.7,-7.575640368290352,-8.294746371696043,-6.85653436488466,-15.033333333333331
08105,CO,2014,Remote rural,34.6,17.9,-9.312868643860464,-10.386969444279199,-8.238767843441728,-13.700000000000003
08107,CO,2014,Remote rural,39.9,8.9,-8.875858156575736,-9.853905357570968,-7.897810955580505,-18.066666666666666
08109,CO,2014,Remote rural,44.0,29.4,-10.637640089525057,-11.765963509194213,-9.509316669855906,-16.13333333333333
08111,CO,2014,Remote rural,34.6,15.7,-8.631240044126,-10.045817357366333,-7.216662730885668,-18.2
08113,CO,2014,Remote rural,43.5,11.9,-8.517017915378307,-10.626311117605768,-6.407724713150847,-21.666666666666668
08115,CO,2014,Remote rural,37.4,14.5,-9.43439047940402,-10.543258362800199,-8.32552259600783,-16.833333333333332
08117,CO,2014,Remote rural,47.9,9.3,-8.352368866737939,-10.219594077079293,-6.485143656396591,-21.499999999999996
08119,CO,2014,Metro,36.1,8.4,-6.557816909395903,-7.3007025477165675,-5.814931271075242,-17.8
08121,CO,2014,Remote rural,34.2,14.0,-7.6687683957505035,-8.700074855000155,-6.637461936500847,-14.700000000000003
08123,CO,2014,Metro,36.7,13.2,-6.7649074015142885,-7.772702865862855,-5.757111937165719,-15.200000000000003
08125,CO,2014,Remote rural,44.7,13.0,-9.851640533905327,-11.208151245689969,-8.495129822120688,-18.200000000000003
15001,HI,2014,Remote rural,22.8,19.5,-3.4321710643286862,-4.355386801330679,-2.5089553273266936,-10.499999999999998
15003,HI,2014,Metro,17.6,9.6,-1.45955560501176,-2.1982879197239216,-0.7208232902995987,-5.799999999999999
15007,HI,2014,Remote rural,21.3,11.8,-1.6243709104172825,-2.001480697874323,-1.2472611229602422,-8.133333333333335
15009,HI,2014,Metro,22.1,10.7,-2.9182629330058596,-3.794837917839546,-2.0416879481721733,-8.066666666666668
17001,IL,2014,Remote rural,25.3,15.9,-4.870941846593697,-5.4238293880378565,-4.318054305149537,-11.6
17003,IL,2014,Metro,25.2,33.0,-6.591821346717626,-7.5471023654872855,-5.63654032794797,-11.533333333333333
17005,IL,2014,Metro,27.5,16.0,-5.154398052683859,-5.781697137803027,-4.527098967564692,-11.899999999999999
17007,IL,2014,Metro,42.5,10.2,-10.148267116165467,-11.658006945633186,-8.638527286697755,-18.066666666666666
17009,IL,2014,Remote rural,28.2,16.0,-3.7467292419640814,-4.813600869533619,-2.679857614394545,-15.033333333333333
17011,IL,2014,Remote rural,31.8,12.0,-5.384119932357751,-5.790564092219715,-4.977675772495787,-14.166666666666664
17013,IL,2014,Metro,32.6,12.0,-5.033885226720063,-5.703405029111324,-4.3643654243288035,-17.366666666666667
17015,IL,2014,Remote rural,31.2,14.0,-5.053525945797181,-5.4439232610540795,-4.6631286305402835,-14.633333333333333
17017,IL,2014,"Rural, near a metro",37.6,12.9,-8.331866228332377,-9.164961716685768,-7.498770739978989,-14.26666666666667
17019,IL,2014,Metro,24.5,21.6,-4.5554956725880364,-5.713864311492015,-3.3971270336840593,-10.433333333333332
17021,IL,2014,"Rural, near a metro",27.1,13.1,-4.590125810032892,-5.201750895968712,-3.9785007240970716,-12.799999999999999
17023,IL,2014,"Rural, near a metro",27.9,13.7,-4.367886603926261,-4.832341717537415,-3.9034314903151044,-13.799999999999999
17025,IL,2014,Remote rural,27.8,14.2,-4.208611770373445,-4.44176103029298,-3.9754625104539105,-13.166666666666668
17027,IL,2014,Metro,29.2,9.5,-4.930549723643232,-5.450880255029783,-4.4102191922566805,-13.999999999999998
17029,IL,2014,Remote rural,25.8,19.8,-5.345646472330879,-5.757583291994193,-4.933709652667568,-12.733333333333333
17031,IL,2014,Metro,41.1,17.8,-5.475475886354922,-7.9695892044307675,-2.981362568279079,-14.76666666666667
17033,IL,2014,Remote rural,30.5,14.0,-5.04760502492655,-5.508332611337954,-4.586877438515142,-15.299999999999997
17035,IL,2014,Remote rural,30.6,12.1,-4.23327609167743,-4.7313085970753,-3.73524358627956,-15.333333333333336
17037,IL,2014,Metro,29.9,18.7,-4.6857439721185,-5.890999152957084,-3.480488791279914,-13.333333333333332
17039,IL,2014,Metro,27.9,13.8,-4.189433057954632,-4.619444532968644,-3.7594215829406212,-13.033333333333333
17041,IL,2014,"Rural, near a metro",37.6,10.7,-8.344735743869075,-9.267908984191262,-7.42156250354688,-14.466666666666665
17043,IL,2014,Metro,39.5,7.0,-7.053798406093419,-8.412741124923217,-5.694855687263618,-14.533333333333331
17045,IL,2014,"Rural, near a metro",27.2,18.5,-4.201885091064741,-4.5048928561518755,-3.8988773259776073,-12.333333333333334
17047,IL,2014,Remote rural,30.2,12.7,-4.092792371788399,-4.678800639026943,-3.506784104549854,-13.633333333333333
17049,IL,2014,Remote rural,26.3,11.1,-3.9473295087840876,-4.374988864880194,-3.519670152687981,-11.600000000000003
17051,IL,2014,"Rural, near a metro",29.8,16.9,-5.633820147541022,-6.1096411902135,-5.157999104868544,-13.333333333333332
17053,IL,2014,Metro,27.6,11.4,-4.4131168191582,-4.771084698271286,-4.055148940045115,-11.66666666666667
17055,IL,2014,"Rural, near a metro",27.8,20.0,-4.565916650568764,-4.967284106018244,-4.164549195119282,-12.366666666666669
17057,IL,2014,"Rural, near a metro",29.4,14.8,-5.176095123404173,-5.929069538321951,-4.423120708486396,-13.599999999999996
17059,IL,2014,"Rural, near a metro",28.5,17.1,-4.769074626372707,-5.075619241464916,-4.462530011280498,-12.466666666666665
17061,IL,2014,"Rural, near a metro",28.0,18.3,-4.624176575158177,-4.885882706074403,-4.362470444241948,-13.466666666666667
17063,IL,2014,Metro,30.1,8.0,-4.8936497068424885,-5.6017634861860905,-4.185535927498886,-13.8
17065,IL,2014,Remote rural,30.7,14.9,-4.781438943903914,-5.297435473061519,-4.265442414746309,-14.999999999999998
17067,IL,2014,Remote rural,32.7,12.2,-5.090805182742761,-5.732256141003264,-4.449354224482265,-18.433333333333337
17069,IL,2014,Remote rural,29.6,20.3,-4.152842241371938,-4.473702394216839,-3.8319820885270377,-13.833333333333336
17071,IL,2014,Remote rural,31.1,12.8,-4.787997556682652,-5.2544183040379515,-4.321576809327354,-14.500000000000004
17073,IL,2014,Metro,30.6,11.2,-4.725971784248679,-5.621725805705026,-3.83021776279233,-14.900000000000004
17075,IL,2014,"Rural, near a metro",30.3,14.0,-5.03194104605058,-5.997222547229055,-4.066659544872105,-12.333333333333336
17077,IL,2014,Metro,22.7,29.5,-5.813711594159723,-7.3284695088248215,-4.298953679494625,-8.433333333333334
17079,IL,2014,Remote rural,33.0,10.5,-5.040685863342905,-5.531576800183618,-4.549794926502191,-15.899999999999999
17081,IL,2014,Remote rural,28.8,18.4,-5.260578758257524,-5.681898235223976,-4.839259281291072,-15.233333333333333
17083,IL,2014,Metro,28.3,10.5,-4.204211485633465,-4.544963151997343,-3.8634598192695817,-13.633333333333335
17085,IL,2014,"Rural, near a metro",35.0,10.2,-6.265026351334165,-7.241875148097833,-5.288177554570498,-18.533333333333335
17087,IL,2014,"Rural, near a metro",32.2,17.9,-5.534726966490521,-6.146862395386358,-4.9225915375946885,-17.733333333333334
17089,IL,2014,Metro,48.1,10.9,-6.94201778182962,-8.429342403670741,-5.454693159988505,-15.433333333333337
17091,IL,2014,Metro,28.7,16.7,-5.044021124720429,-5.758502700058936,-4.329539549381924,-10.833333333333332
17093,IL,2014,Metro,38.6,5.8,-7.289673680949742,-8.48407632595315,-6.095271035946352,-16.966666666666665
17095,IL,2014,"Rural, near a metro",27.9,19.6,-5.5377930000309155,-6.224208923587478,-4.851377076474357,-13.366666666666662
17097,IL,2014,Metro,45.2,9.5,-7.750034767024349,-9.39765158941249,-6.102417944636209,-15.466666666666669
17099,IL,2014,"Rural, near a metro",33.2,13.8,-5.501045873633923,-6.314627387809214,-4.687464359458632,-16.400000000000002
17101,IL,2014,Remote rural,28.1,18.2,-5.411105357469034,-6.029414967461749,-4.792795747476321,-13.233333333333336
17103,IL,2014,"Rural, near a metro",28.7,12.4,-5.081140085902287,-5.926638077926126,-4.235642093878453,-13.933333333333334
17105,IL,2014,"Rural, near a metro",27.0,12.5,-4.728211547507608,-5.1822020680477126,-4.2742210269675,-11.9
17107,IL,2014,"Rural, near a metro",25.1,13.6,-4.934908168026111,-5.527700869380757,-4.342115466671469,-12.500000000000002
17109,IL,2014,Remote rural,27.1,21.1,-5.299262462908793,-5.72353853775746,-4.8749863880601145,-13.833333333333336
17111,IL,2014,Metro,41.4,7.1,-8.288243061912679,-9.764977715837395,-6.811508407987963,-16.96666666666666
17113,IL,2014,Metro,26.6,13.8,-4.761500568690853,-5.603872590512689,-3.9191285468690173,-12.16666666666667
17115,IL,2014,Metro,25.6,18.1,-5.554115904149033,-6.054460364126343,-5.05377144417172,-10.933333333333335
17117,IL,2014,Metro,29.9,13.9,-4.47296832544418,-5.388123789208867,-3.557812861679496,-15.166666666666666
17119,IL,2014,Metro,26.0,13.7,-4.7203072954402305,-5.417875227323419,-4.022739363557049,-11.333333333333334
17121,IL,2014,"Rural, near a metro",25.7,19.2,-5.273139657053635,-5.592009422799664,-4.954269891307603,-11.933333333333334
17123,IL,2014,Metro,30.1,10.2,-4.560862039653904,-5.153122846597282,-3.968601232710527,-14.9
17125,IL,2014,"Rural, near a metro",27.7,14.0,-4.452580495309207,-4.998077967747872,-3.9070830228705407,-12.2
17127,IL,2014,Remote rural,25.9,17.5,-5.229958166844354,-5.619151342169441,-4.840764991519268,-11.799999999999999
17129,IL,2014,Metro,29.0,10.8,-4.594060813957906,-5.108848337158488,-4.079273290757323,-14.100000000000001
17131,IL,2014,Metro,29.6,9.7,-4.348144028862729,-4.763403134116715,-3.932884923608742,-14.633333333333333
17133,IL,2014,Metro,30.2,4.9,-4.149731483906003,-4.944325503835374,-3.3551374639766327,-14.2
17135,IL,2014,"Rural, near a metro",28.1,16.1,-4.973902611257191,-5.360012309102148,-4.587792913412237,-13.966666666666669
17137,IL,2014,"Rural, near a metro",25.2,16.0,-5.2322621459622765,-5.713319394465229,-4.751204897459325,-11.6
17139,IL,2014,"Rural, near a metro",31.3,12.4,-5.346529637477682,-6.215148594151959,-4.477910680803408,-12.799999999999997
17141,IL,2014,"Rural, near a metro",33.1,13.0,-5.201404868581207,-6.040243009454944,-4.362566727707471,-14.466666666666669
17143,IL,2014,Metro,29.4,17.0,-5.24639358419864,-5.895997895920245,-4.596789272477032,-12.633333333333333
17145,IL,2014,"Rural, near a metro",26.4,17.6,-5.392868162656774,-6.0165294921455015,-4.769206833168051,-12.266666666666666
17147,IL,2014,Metro,30.2,7.2,-4.421670534735625,-5.049531946262338,-3.7938091232089133,-14.399999999999997
17149,IL,2014,Remote rural,31.6,17.3,-5.783969276248766,-6.287373645314688,-5.280564907182844,-15.133333333333336
17151,IL,2014,"Rural, near a metro",31.6,19.9,-5.576207182132616,-6.548633327208119,-4.603781037057116,-15.3
17153,IL,2014,"Rural, near a metro",27.4,21.5,-6.780094947327884,-7.48270458495095,-6.077485309704821,-12.133333333333333
17155,IL,2014,"Rural, near a metro",34.7,9.0,-5.718778279324617,-6.233640785629483,-5.203915773019753,-17.1
17157,IL,2014,"Rural, near a metro",26.2,14.1,-5.3882796092474905,-5.966944325867396,-4.809614892627586,-11.966666666666665
17159,IL,2014,Remote rural,26.1,16.4,-4.166975162317852,-4.4237018686206016,-3.9102484560151085,-12.933333333333335
17161,IL,2014,Metro,33.5,15.8,-5.598053215444525,-6.149598521882163,-5.046507909006888,-14.733333333333334
17163,IL,2014,Metro,28.0,18.3,-5.024406149796683,-6.020009084915721,-4.028803214677659,-12.433333333333332
17165,IL,2014,"Rural, near a metro",26.2,18.6,-4.9209906694693855,-5.3693119121594055,-4.472669426779365,-12.033333333333333
17167,IL,2014,Metro,27.3,15.2,-5.081496823434649,-5.9158666247295475,-4.247127022139752,-13.1
17169,IL,2014,Remote rural,37.3,13.2,-8.517914746914728,-9.647793142283657,-7.388036351545808,-18.53333333333333
17171,IL,2014,Remote rural,30.9,13.3,-4.689589266421919,-5.27351433247548,-4.10566420036836,-15.299999999999999
17173,IL,2014,"Rural, near a metro",29.9,12.6,-4.232843760435854,-4.823694469651503,-3.641993051220203,-14.799999999999999
17175,IL,2014,Metro,30.8,11.0,-4.683445221677445,-5.050541205267445,-4.316349238087444,-14.8
17177,IL,2014,"Rural, near a metro",26.5,18.6,-5.402806368114268,-5.741345972091228,-5.064266764137308,-12.666666666666666
17179,IL,2014,Metro,29.0,8.9,-4.121921708771718,-4.813823548826934,-3.4300198687165055,-15.9
17181,IL,2014,"Rural, near a metro",31.5,16.7,-5.352324508080425,-6.103992838622936,-4.600656177537919,-15.699999999999998
17183,IL,2014,Metro,26.4,19.6,-5.442956813340764,-5.7885542974901565,-5.097359329191372,-12.566666666666665
17185,IL,2014,Remote rural,29.6,14.6,-4.630802161317438,-5.16388579738665,-4.097718525248226,-13.866666666666667
17187,IL,2014,"Rural, near a metro",33.2,15.1,-5.724002858282484,-6.449819871695184,-4.998185844869783,-13.86666666666667
17189,IL,2014,"Rural, near a metro",29.6,9.9,-4.301465540384074,-4.837379814381047,-3.7655512663870985,-14.533333333333333
17191,IL,2014,Remote rural,29.8,17.4,-4.6111940955912765,-4.90192338850292,-4.320464802679633,-14.133333333333335
17193,IL,2014,"Rural, near a metro",26.3,15.5,-4.32848436246662,-4.869981683589623,-3.786987041343618,-11.066666666666666
17195,IL,2014,"Rural, near a metro",29.7,12.1,-4.90641669328201,-5.396310922233002,-4.416522464331018,-13.833333333333334
17197,IL,2014,Metro,41.4,8.5,-7.694649503038476,-8.936881896835247,-6.4524171092417095,-16.466666666666665
17199,IL,2014,Metro,28.0,16.2,-5.332953569269223,-5.645362263298767,-5.02054487523968,-14.1
17201,IL,2014,Metro,31.1,16.3,-4.695931288167589,-5.557001631328391,-3.834860945006788,-13.100000000000001
17203,IL,2014,Metro,29.2,7.0,-3.348279732938565,-4.067410218779897,-2.6291492470972315,-13.2
19001,IA,2014,"Rural, near a metro",25.3,10.1,-2.3374874578772036,-2.7667199411863144,-1.908254974568093,-11.633333333333335
19003,IA,2014,Remote rural,28.1,13.2,-4.038801381304975,-4.317214339899393,-3.7603884227105544,-12.300000000000002
19005,IA,2014,"Rural, near a metro",36.2,13.9,-6.533808689469373,-7.36836105398816,-5.699256324950584,-17.033333333333335
19007,IA,2014,Remote rural,24.3,17.2,-3.96849774825052,-4.410646345767194,-3.5263491507338385,-10.766666666666667
19009,IA,2014,"Rural, near a metro",29.4,11.2,-4.197409908421413,-4.568282363960156,-3.8265374528826706,-13.266666666666662
19011,IA,2014,Metro,25.2,8.8,-2.27053557854745,-2.739618575177487,-1.801452581917414,-10.8
19013,IA,2014,Metro,23.4,16.7,-2.9221808120570967,-3.907512457814127,-1.9368491663000658,-8.766666666666666
19015,IA,2014,"Rural, near a metro",25.1,11.3,-2.5055516366415134,-2.963300873062978,-2.0478024002200486,-12.033333333333337
19017,IA,2014,Metro,24.8,6.5,-2.179464114718515,-2.8435499500335553,-1.515378279403475,-11.333333333333334
19019,IA,2014,"Rural, near a metro",27.0,9.2,-3.128788616481469,-3.4140598859763696,-2.8435173469865695,-12.4
19021,IA,2014,Remote rural,39.8,12.5,-9.812046163235713,-11.29108575995892,-8.333006566512486,-13.63333333333333
19023,IA,2014,"Rural, near a metro",27.8,9.3,-2.5461261486217177,-2.9317167291600033,-2.1605355680834313,-13.999999999999998
19025,IA,2014,Remote rural,25.8,14.0,-2.5923509184901943,-3.193708286919635,-1.9909935500607536,-11.033333333333335
19027,IA,2014,Remote rural,23.4,9.5,-1.9027477363122374,-2.3758957258179008,-1.4295997468065744,-10.83333333333333
19029,IA,2014,"Rural, near a metro",23.5,14.8,-2.8092871752192514,-3.2857956700122783,-2.3327786804262245,-9.666666666666666
19031,IA,2014,"Rural, near a metro",25.4,7.4,-2.1884487206835437,-2.7701244762596255,-1.6067729651074623,-11.933333333333332
19033,IA,2014,Remote rural,25.1,11.9,-2.3854039830389637,-2.863168292843766,-1.9076396732341614,-12.5
19035,IA,2014,"Rural, near a metro",25.5,11.1,-2.523104273188889,-2.881956434052125,-2.1642521123256513,-10.799999999999999
19037,IA,2014,"Rural, near a metro",28.7,10.6,-3.71639009172832,-4.236563474027629,-3.1962167094290113,-11.899999999999999
19039,IA,2014,"Rural, near a metro",29.2,13.3,-4.088435118730586,-4.511309031412644,-3.66556120604853,-12.566666666666666
19041,IA,2014,Remote rural,25.0,10.7,-2.5776522867393328,-2.903015725634725,-2.2522888478439387,-12.1
19043,IA,2014,"Rural, near a metro",28.7,12.0,-4.114866553362829,-4.616603656889645,-3.61312944983601,-14.133333333333331
19045,IA,2014,"Rural, near a metro",20.3,13.9,-1.4448767236741498,-2.2366561246250267,-0.6530973227232739,-8.100000000000003
19047,IA,2014,Remote rural,40.4,13.0,-10.357977865680839,-11.350975092336771,-9.364980639024896,-13.866666666666664
19049,IA,2014,Metro,31.2,6.0,-3.1658671990577045,-4.167533683762046,-2.1642007143533615,-12.266666666666666
19051,IA,2014,Remote rural,33.9,16.5,-7.275867973496727,-8.163332520409671,-6.388403426583775,-13.833333333333332
19053,IA,2014,Remote rural,26.1,21.6,-4.797535563490539,-5.175886869438196,-4.4191842575428755,-11.466666666666669
19055,IA,2014,"Rural, near a metro",29.5,10.1,-4.077775012529258,-4.618379609432134,-3.537170415626381,-15.066666666666668
19057,IA,2014,Remote rural,23.1,12.3,-2.486367275167968,-3.083176769100667,-1.8895577812352689,-10.366666666666669
19059,IA,2014,Remote rural,26.5,8.7,-3.181781871676582,-3.673309318068989,-2.690254425284172,-12.399999999999999
19061,IA,2014,Metro,23.2,12.8,-1.4730290087230336,-2.227836020469704,-0.718221996976363,-10.133333333333331
19063,IA,2014,Remote rural,36.3,14.7,-6.816537191716996,-7.5686101062550035,-6.064464277178987,-15.499999999999996
19065,IA,2014,"Rural, near a metro",25.0,13.9,-3.389785603000246,-3.9422047314945172,-2.837366474505971,-11.366666666666667
19067,IA,2014,Remote rural,23.9,12.1,-2.6646431719586436,-3.202957952514907,-2.126328391402381,-9.499999999999998
19069,IA,2014,Remote rural,33.6,13.6,-5.71588222670414,-6.184791939392148,-5.246972514016131,-13.200000000000003
19071,IA,2014,"Rural, near a metro",26.0,13.1,-2.4460369873926093,-2.9149056623361727,-1.9771683124490442,-12.366666666666667
19073,IA,2014,"Rural, near a metro",25.5,12.8,-3.1558098468626454,-3.728016083078931,-2.583603610646358,-10.766666666666666
19075,IA,2014,Metro,29.6,6.9,-2.4259780676091767,-2.898322175316994,-1.9536339599013584,-16.6
19077,IA,2014,Metro,28.0,10.3,-3.3666614640384647,-3.8919919261303706,-2.8413310019465587,-12.566666666666668
19079,IA,2014,"Rural, near a metro",31.2,10.1,-3.977862544674215,-4.472864661115765,-3.482860428232666,-16.633333333333333
19081,IA,2014,Remote rural,27.9,10.1,-3.201611506799057,-3.8370749044523755,-2.5661481091457405,-12.399999999999999
19083,IA,2014,"Rural, near a metro",25.4,11.0,-2.9807636966377755,-3.516311453547391,-2.445215939728158,-10.899999999999999
19085,IA,2014,Metro,26.4,10.6,-3.037112965252316,-3.6050585018185055,-2.4691674286861267,-11.199999999999998
19087,IA,2014,"Rural, near a metro",26.1,14.2,-2.0109034620887516,-2.8803044979095365,-1.1415024262679676,-12.200000000000001
19089,IA,2014,"Rural, near a metro",28.5,11.9,-4.0327765821255666,-4.357402014295611,-3.708151149955522,-12.033333333333331
19091,IA,2014,Remote rural,27.1,11.2,-3.0432162139602448,-3.528128626812707,-2.55830380110778,-11.866666666666667
19093,IA,2014,"Rural, near a metro",26.0,11.5,-2.422768542231902,-2.666392309941169,-2.179144774522635,-12.0
19095,IA,2014,"Rural, near a metro",24.7,10.1,-2.0974704890888805,-2.543386539650046,-1.6515544385277143,-10.633333333333331
19097,IA,2014,"Rural, near a metro",26.7,11.8,-3.934674246757601,-4.202557807740849,-3.6667906857743593,-12.4
19099,IA,2014,"Rural, near a metro",23.5,9.8,-1.8460226571364797,-2.4006958122060813,-1.2913495020668782,-11.033333333333333
19101,IA,2014,Remote rural,26.4,16.1,-4.789668832307026,-5.335931905438963,-4.2434057591750864,-10.966666666666663
19103,IA,2014,Metro,22.4,16.0,-2.9600161154659794,-3.892094921704197,-2.027937309227763,-8.133333333333333
19105,IA,2014,Metro,26.4,10.2,-2.517946225212179,-2.941990027414524,-2.0939024230098338,-12.033333333333331
19107,IA,2014,"Rural, near a metro",25.7,13.3,-3.4630803757333153,-4.070892397629524,-2.855268353837107,-10.799999999999999
19109,IA,2014,Remote rural,26.7,9.8,-2.6085528249757926,-3.0351303663227034,-2.1819752836288817,-12.866666666666665
19111,IA,2014,Remote rural,23.9,16.2,-3.2041023037197296,-3.7930097680646777,-2.6151948393747797,-11.666666666666664
19113,IA,2014,Metro,23.2,9.7,-1.627576907995022,-2.3478606022221857,-0.907293213767857,-10.133333333333331
19115,IA,2014,"Rural, near a metro",32.5,11.3,-5.053727962831171,-5.442839251849944,-4.664616673812399,-11.8
19117,IA,2014,"Rural, near a metro",31.9,15.1,-3.9174934896921467,-4.288331046513751,-3.546655932870543,-14.766666666666662
19119,IA,2014,"Rural, near a metro",28.2,7.6,-3.2039037993217625,-3.8357907547948455,-2.572016843848681,-12.4
19121,IA,2014,Metro,27.2,8.4,-3.0427777560519123,-3.693108769548818,-2.392446742555007,-12.1
19123,IA,2014,Remote rural,23.0,14.0,-2.1476523374513015,-2.777028317377872,-1.518276357524731,-10.866666666666667
19125,IA,2014,"Rural, near a metro",23.1,9.3,-1.8145870965023523,-2.242909799415785,-1.3862643935889205,-10.766666666666667
19127,IA,2014,"Rural, near a metro",32.2,13.4,-5.253691337139518,-5.768794642444359,-4.738588031834679,-9.26666666666667
19129,IA,2014,Metro,25.3,10.0,-2.458505009672593,-2.7691148526481717,-2.1478951666970145,-11.233333333333333
19131,IA,2014,Remote rural,29.7,10.2,-4.031608956918451,-4.480479949788554,-3.5827379640483485,-12.266666666666666
19133,IA,2014,"Rural, near a metro",26.4,12.5,-4.016045005086689,-4.3500429769673294,-3.6820470332060475,-11.966666666666663
19135,IA,2014,Remote rural,33.5,12.6,-5.146913294496297,-5.975368300989123,-4.318458288003472,-15.566666666666666
19137,IA,2014,"Rural, near a metro",24.4,15.0,-3.6162848974324615,-4.186275606066759,-3.0462941887981634,-9.933333333333332
19139,IA,2014,"Rural, near a metro",27.1,12.7,-4.236102399293317,-4.828297911715062,-3.6439068868715783,-9.333333333333332
19141,IA,2014,Remote rural,27.1,9.4,-3.386854976514708,-3.8241647075758145,-2.9495452454536015,-11.56666666666667
19143,IA,2014,Remote rural,33.6,9.1,-4.814457546349826,-5.442362852335632,-4.18655224036403,-13.500000000000004
19145,IA,2014,"Rural, near a metro",25.5,17.3,-3.3550488163624843,-4.117934464271696,-2.5921631684532733,-10.799999999999999
19147,IA,2014,Remote rural,23.7,10.8,-2.177408249351055,-2.6061148860937586,-1.7487016126083526,-9.7
19149,IA,2014,Metro,28.0,8.3,-2.5088980531987217,-2.827656998491941,-2.1901391079055026,-12.866666666666667
19151,IA,2014,Remote rural,27.1,11.5,-2.4629131018536556,-3.1681871055259565,-1.757639098181356,-11.799999999999999
19153,IA,2014,Metro,27.2,12.4,-4.035321125552314,-4.821296820829725,-3.2493454302749027,-10.566666666666663
19155,IA,2014,Metro,27.7,13.6,-4.212934520069678,-4.8070371212599765,-3.6188319188793794,-12.633333333333331
19157,IA,2014,Remote rural,22.9,12.0,-1.7847465418207935,-2.2709718249760344,-1.2985212586655495,-9.199999999999998
19159,IA,2014,Remote rural,29.1,16.4,-4.710462962581679,-5.084401314589325,-4.336524610574029,-12.600000000000001
19161,IA,2014,Remote rural,28.0,10.6,-3.739239073580768,-4.316157960024057,-3.162320187137479,-12.6
19163,IA,2014,Metro,26.7,14.2,-3.628599772503198,-4.441539149543755,-2.8156603954626442,-12.2
19165,IA,2014,"Rural, near a metro",26.1,9.4,-2.3313789356640613,-2.8886867319870335,-1.7740711393410895,-11.799999999999999
19167,IA,2014,Remote rural,37.5,8.2,-7.054239674578919,-7.84430103034857,-6.264178318809266,-15.2
19169,IA,2014,Metro,18.4,21.1,-1.7701848878748856,-2.952227835750268,-0.5881419399995025,-6.299999999999999
19171,IA,2014,"Rural, near a metro",32.2,11.5,-5.396474326684664,-5.916012742738995,-4.8769359106303325,-14.26666666666667
19173,IA,2014,Remote rural,34.1,14.1,-4.964546844317511,-5.95791830610766,-3.971175382527359,-16.133333333333336
19175,IA,2014,"Rural, near a metro",24.7,13.5,-3.069070453278153,-3.4880126116235903,-2.650128294932717,-10.666666666666666
19177,IA,2014,Remote rural,30.1,16.2,-4.243576675263906,-4.7063388643757476,-3.78081448615207,-13.533333333333335
19179,IA,2014,Remote rural,27.2,19.9,-4.38149235897428,-5.029541329419661,-3.7334433885288987,-8.099999999999998
19181,IA,2014,Metro,26.5,7.0,-2.1748957517849212,-2.804357674762722,-1.545433828807122,-13.433333333333332
19183,IA,2014,Metro,28.5,9.3,-4.469247759559693,-5.22536855484453,-3.7131269642748554,-12.533333333333331
19185,IA,2014,Remote rural,30.0,14.2,-4.671603856224245,-5.0072226195250655,-4.335985092923427,-13.400000000000002
19187,IA,2014,Remote rural,23.8,15.9,-3.2643726842261933,-3.835466276009738,-2.693279092442657,-10.066666666666666
19189,IA,2014,Remote rural,26.7,11.1,-2.2263376828892394,-3.0906180237550327,-1.3620573420234445,-12.8
19191,IA,2014,Remote rural,26.8,10.9,-2.342805934095756,-2.890934790924183,-1.794677077267329,-13.533333333333333
19193,IA,2014,Metro,31.0,16.5,-5.543962859574917,-6.79530784672127,-4.2926178724285595,-10.599999999999998
19195,IA,2014,Remote rural,25.7,10.9,-2.344169742449644,-3.0537061541122776,-1.6346333307870096,-11.566666666666668
19197,IA,2014,Remote rural,32.3,10.6,-4.515858318438987,-5.07240839775983,-3.9593082391181476,-13.333333333333329
21001,KY,2014,Remote rural,40.7,25.0,-12.067080173156924,-13.1594840810399,-10.974676265273953,-25.6
21003,KY,2014,Metro,45.1,20.6,-13.14664852556552,-14.271428330515953,-12.021868720615092,-28.86666666666667
21005,KY,2014,"Rural, near a metro",42.5,11.4,-11.448784894053961,-12.363750001249072,-10.533819786858848,-28.0
21007,KY,2014,Remote rural,44.3,17.1,-13.266695394851485,-14.698402658405929,-11.834988131297042,-28.199999999999996
21009,KY,2014,"Rural, near a metro",38.0,20.7,-11.761048364588088,-13.487056200558342,-10.035040528617838,-22.9
21011,KY,2014,"Rural, near a metro",38.9,26.5,-11.800154270180755,-13.66568721425538,-9.93462132610613,-23.93333333333333
21013,KY,2014,Remote rural,32.8,35.7,-6.2427196503336475,-7.095088595790116,-5.3903507048771795,-19.866666666666667
21015,KY,2014,Metro,46.7,8.7,-9.931736632559833,-11.294136221277624,-8.569337043842054,-28.833333333333336
21017,KY,2014,Metro,47.2,16.5,-10.718233603404038,-13.235506209081736,-8.200960997726343,-28.26666666666667
21019,KY,2014,Metro,39.0,20.3,-11.88080203282626,-13.013612919276179,-10.74799114637634,-25.06666666666667
21021,KY,2014,Remote rural,41.3,17.2,-12.533512824763976,-13.746422940220047,-11.320602709307906,-27.03333333333333
21023,KY,2014,Metro,43.0,16.2,-13.251633305806648,-14.682291536825346,-11.820975074787949,-29.1
21025,KY,2014,Remote rural,33.9,33.9,-5.935713157349788,-7.130208716702686,-4.74121759799689,-19.93333333333333
21027,KY,2014,"Rural, near a metro",43.6,19.2,-13.100810005647237,-14.567793522686,-11.633826488608474,-27.0
21029,KY,2014,Metro,41.6,10.2,-11.577218453199901,-13.10917448819489,-10.045262418204912,-26.700000000000003
21031,KY,2014,Metro,43.4,22.1,-12.861140362815819,-14.43939635744619,-11.282884368185448,-26.5
21033,KY,2014,Remote rural,40.8,19.0,-12.750870733956619,-14.392835193514596,-11.108906274398638,-26.96666666666666
21035,KY,2014,Remote rural,41.3,22.8,-13.407833445952537,-15.196024847467417,-11.619642044437658,-25.266666666666662
21037,KY,2014,Metro,39.9,14.8,-11.53211251731461,-13.501282086521194,-9.562942948108027,-24.199999999999996
21039,KY,2014,Remote rural,47.2,17.5,-12.267833913320239,-14.383043667659688,-10.152624158980785,-29.56666666666667
21041,KY,2014,"Rural, near a metro",42.7,21.0,-12.64512145043709,-14.37617383386186,-10.91406906701232,-25.333333333333336
21043,KY,2014,"Rural, near a metro",40.9,22.5,-12.905343813590893,-14.74213173703101,-11.06855589015078,-25.53333333333333
21045,KY,2014,Remote rural,43.1,29.7,-12.503102012456626,-13.707202976358658,-11.299001048554594,-26.26666666666667
21047,KY,2014,Metro,35.7,18.1,-7.272424619619712,-9.599353433467384,-4.9454958057720475,-22.03333333333334
21049,KY,2014,Metro,36.9,17.1,-8.961227263175799,-10.948650916448543,-6.973803609903056,-22.46666666666667
21051,KY,2014,Remote rural,31.0,42.8,-6.02199689038337,-7.486926251077936,-4.557067529688803,-16.366666666666667
21053,KY,2014,Remote rural,38.0,27.6,-11.080313326722544,-11.800049805442208,-10.360576848002887,-22.4
21055,KY,2014,Remote rural,44.7,22.2,-12.342729076469457,-13.781887932686686,-10.903570220252234,-28.700000000000003
21057,KY,2014,Remote rural,41.0,26.2,-11.8757052390791,-13.368654891235071,-10.382755586923128,-26.333333333333336
21059,KY,2014,Metro,36.7,15.3,-8.730271949550916,-10.880777026900343,-6.579766872201496,-23.200000000000003
21061,KY,2014,Metro,45.0,21.2,-12.64273747763321,-14.020081205810216,-11.2653937494562,-28.566666666666666
21063,KY,2014,Remote rural,40.3,33.1,-13.145070609778735,-14.769313960004892,-11.520827259552581,-25.33333333333333
21065,KY,2014,"Rural, near a metro",38.8,28.1,-11.109369792303543,-12.513297182256112,-9.705442402350974,-24.26666666666666
21067,KY,2014,Metro,39.9,19.0,-8.525260958618059,-10.5638726916691,-6.486649225567012,-20.566666666666666
21069,KY,2014,Remote rural,45.5,23.2,-12.829519827635863,-14.401294267473089,-11.257745387798634,-28.099999999999998
21071,KY,2014,Remote rural,34.7,30.6,-7.665853409471148,-8.982760221203698,-6.348946597738598,-19.833333333333336
21073,KY,2014,"Rural, near a metro",43.5,16.9,-12.777072445802796,-14.783240114992935,-10.77090477661265,-27.266666666666666
21075,KY,2014,Remote rural,33.1,29.2,-6.8989803037631505,-8.19302610027321,-5.604934507253082,-20.666666666666664
21077,KY,2014,Metro,41.3,16.3,-11.964737013218205,-13.740697741338384,-10.18877628509803,-24.899999999999995
21079,KY,2014,"Rural, near a metro",45.0,19.3,-12.154530371886002,-13.339842103120894,-10.969218640651114,-27.3
21081,KY,2014,Metro,38.3,20.1,-10.474924496564405,-12.380187972368866,-8.569661020759945,-24.233333333333327
21083,KY,2014,Remote rural,45.7,19.3,-11.799747719670677,-13.507759666655359,-10.09173577268599,-26.86666666666667
21085,KY,2014,"Rural, near a metro",43.1,25.1,-13.08283513263735,-14.58422874271355,-11.581441522561152,-27.700000000000003
21087,KY,2014,"Rural, near a metro",42.7,23.1,-12.792863795585252,-14.487341595938785,-11.098385995231734,-27.133333333333333
21089,KY,2014,Metro,44.3,19.0,-12.856134912907875,-13.987434520932972,-11.724835304882786,-28.999999999999993
21091,KY,2014,Metro,41.8,15.4,-12.024225641135562,-14.046766498561226,-10.001684783709898,-27.4
21093,KY,2014,Metro,38.4,14.4,-9.939937045104013,-11.768547459804624,-8.111326630403418,-24.46666666666667
21095,KY,2014,Remote rural,37.1,30.5,-10.858977921268071,-12.177147803829582,-9.540808038706563,-22.833333333333336
21097,KY,2014,"Rural, near a metro",40.9,17.4,-13.27109950015399,-15.067068754688421,-11.475130245619571,-26.299999999999997
21099,KY,2014,"Rural, near a metro",42.6,27.9,-13.582123469794405,-14.938008569272041,-12.22623837031677,-25.666666666666668
21101,KY,2014,Metro,37.1,19.5,-10.798124363870981,-11.825860558116448,-9.770388169625514,-23.66666666666667
21103,KY,2014,Metro,43.1,15.4,-12.699096777420388,-13.713272107740277,-11.684921447100493,-26.633333333333333
21105,KY,2014,Remote rural,43.1,19.8,-11.975758199432741,-13.856825609884462,-10.094690788981021,-26.533333333333335
21107,KY,2014,Remote rural,40.0,17.5,-12.186878850131565,-13.849007712727463,-10.524749987535685,-24.633333333333333
21109,KY,2014,Remote rural,39.0,30.3,-11.39389806174132,-13.426089189244358,-9.361706934238269,-24.733333333333334
21111,KY,2014,Metro,41.8,16.1,-9.736833627060514,-13.069158417210843,-6.404508836910187,-24.933333333333334
21113,KY,2014,Metro,43.3,15.4,-12.032226884679613,-13.508384897296278,-10.556068872062948,-26.466666666666665
21115,KY,2014,Remote rural,35.9,25.7,-9.067751398815926,-10.337852298314811,-7.797650499317054,-21.799999999999997
21117,KY,2014,Metro,41.1,13.4,-9.635067525304486,-10.907912691173761,-8.362222359435206,-24.76666666666667
21119,KY,2014,Remote rural,35.9,28.3,-8.998784359055476,-10.734244475718024,-7.263324242392922,-21.83333333333333
21121,KY,2014,Remote rural,36.0,35.2,-9.321195396960352,-11.006603907561175,-7.635786886359533,-22.46666666666667
21123,KY,2014,Metro,42.8,18.3,-12.79008430597983,-14.266585945197583,-11.313582666762073,-26.96666666666666
21125,KY,2014,Remote rural,39.1,22.2,-11.35989633895115,-12.822402199505802,-9.897390478396497,-24.133333333333333
21127,KY,2014,"Rural, near a metro",38.2,25.2,-11.2776648344687,-12.81592906968941,-9.73940059924799,-23.833333333333336
21129,KY,2014,Remote rural,34.7,35.1,-7.428849582272046,-8.940176750649679,-5.917522413894411,-22.233333333333334
21131,KY,2014,Remote rural,36.9,29.2,-9.779890287136364,-11.37655385141879,-8.18322672285394,-21.766666666666666
21133,KY,2014,Remote rural,35.7,27.1,-8.649494227873125,-10.321886168256402,-6.977102287489846,-21.300000000000004
21135,KY,2014,"Rural, near a metro",41.1,27.0,-12.888661087960681,-14.577521135433205,-11.19980104048815,-26.16666666666667
21137,KY,2014,Remote rural,43.3,23.1,-13.329258966467622,-15.258943174494924,-11.399574758440316,-27.4
21139,KY,2014,Remote rural,46.5,15.9,-12.310957443387714,-13.794201195711333,-10.827713691064085,-29.933333333333334
21141,KY,2014,"Rural, near a metro",43.4,19.7,-12.187996634503307,-13.508516481998914,-10.8674767870077,-27.5
21143,KY,2014,Remote rural,44.7,17.4,-12.54735038855467,-14.276793711707809,-10.817907065401526,-28.866666666666667
21145,KY,2014,Remote rural,38.5,19.8,-12.175027153347404,-13.486802585877781,-10.863251720817034,-24.06666666666667
21147,KY,2014,Remote rural,36.4,40.7,-9.72613249658646,-11.243251497779184,-8.209013495393734,-22.133333333333333
21149,KY,2014,Metro,42.8,18.1,-13.271501475945302,-14.288013093339968,-12.254989858550635,-25.999999999999996
21151,KY,2014,"Rural, near a metro",35.8,19.8,-8.360380682735393,-10.166267696589612,-6.5544936688811735,-22.33333333333333
21153,KY,2014,Remote rural,38.8,29.0,-10.909803964373308,-12.898914754935873,-8.920693173810747,-22.266666666666662
21155,KY,2014,Remote rural,39.1,18.5,-11.428940789155833,-13.185568163444081,-9.672313414867585,-24.200000000000003
21157,KY,2014,Remote rural,42.6,12.7,-12.361181798878679,-13.825761160133228,-10.896602437624134,-27.1
21159,KY,2014,Remote rural,33.2,40.5,-6.538838595645209,-7.398143161350609,-5.679534029939811,-19.233333333333334
21161,KY,2014,"Rural, near a metro",38.7,20.7,-12.389500618496808,-13.672630604226955,-11.10637063276666,-24.16666666666667
21163,KY,2014,Metro,42.5,15.4,-12.47005177552021,-13.904333948552502,-11.035769602487917,-28.266666666666666
21165,KY,2014,Remote rural,41.2,28.3,-12.711705285446616,-14.111273702689797,-11.312136868203435,-24.200000000000003
21167,KY,2014,"Rural, near a metro",40.0,16.4,-12.092854110344447,-13.188697134108784,-10.997011086580107,-25.233333333333334
21169,KY,2014,Remote rural,42.3,27.7,-13.167861158166335,-14.82356454243897,-11.512157773893703,-27.5
21171,KY,2014,"Rural, near a metro",41.5,23.8,-12.306806940484103,-13.436492627753822,-11.177121253214384,-24.733333333333334
21173,KY,2014,"Rural, near a metro",41.2,20.0,-13.278985662762857,-15.130281453146637,-11.427689872379077,-26.200000000000003
21175,KY,2014,Remote rural,38.1,29.4,-11.819104496010882,-13.389789612154319,-10.248419379867444,-22.66666666666667
21177,KY,2014,"Rural, near a metro",42.1,25.1,-13.194195907265332,-14.864183596057558,-11.524208218473106,-25.433333333333334
21179,KY,2014,"Rural, near a metro",43.0,14.7,-12.952126753127072,-14.825386785629979,-11.078866720624164,-28.199999999999996
21181,KY,2014,"Rural, near a metro",43.8,20.6,-13.142211522352746,-15.039973208495393,-11.244449836210098,-28.53333333333333
21183,KY,2014,"Rural, near a metro",40.8,19.1,-12.814688332464884,-14.243598725440792,-11.38577793948897,-25.03333333333333
21185,KY,2014,Metro,51.4,6.1,-8.88178157069961,-10.376155304919054,-7.38740783648015,-31.933333333333334
21187,KY,2014,"Rural, near a metro",42.4,19.1,-13.386321543032166,-15.026100514218772,-11.74654257184556,-28.299999999999997
21189,KY,2014,Remote rural,34.9,42.0,-7.848555940764444,-9.11642025361388,-6.580691627915006,-21.566666666666663
21191,KY,2014,Metro,40.8,16.1,-12.691577696152901,-14.560026397363735,-10.823128994942063,-26.066666666666663
21193,KY,2014,Remote rural,35.6,26.9,-8.718239301796817,-10.022670459579613,-7.413808144014008,-21.700000000000003
21195,KY,2014,Remote rural,35.9,23.0,-8.977260396982178,-10.474729532830107,-7.479791261134246,-20.866666666666667
21197,KY,2014,"Rural, near a metro",37.4,29.6,-10.694144201699228,-12.021023308078746,-9.36726509531971,-22.833333333333336
21199,KY,2014,Remote rural,37.3,25.2,-11.066553382334325,-12.46936287649115,-9.663743888177493,-22.699999999999996
21201,KY,2014,"Rural, near a metro",42.5,23.4,-12.64413043685123,-14.15204590147695,-11.13621497222551,-26.666666666666664
21203,KY,2014,Remote rural,38.1,25.6,-11.20733935783368,-12.26036646530398,-10.154312250363377,-24.0
21205,KY,2014,Remote rural,37.4,24.7,-10.890312429241089,-12.010848054786196,-9.769776803695985,-23.633333333333333
21207,KY,2014,Remote rural,42.1,25.5,-12.544793628626248,-13.822257805626245,-11.267329451626248,-25.433333333333334
21209,KY,2014,Metro,45.2,10.5,-9.807959656485446,-11.881000866026506,-7.7349184469443895,-28.06666666666667
21211,KY,2014,Metro,52.0,12.6,-8.587045056548098,-9.931262916075728,-7.242827197020475,-28.03333333333333
21213,KY,2014,"Rural, near a metro",38.2,18.5,-11.750455192076688,-13.683026020790976,-9.817884363362401,-24.700000000000003
21215,KY,2014,Metro,47.6,9.3,-10.286452010269969,-12.149146575178033,-8.423757445361893,-30.133333333333333
21217,KY,2014,Remote rural,40.2,20.7,-13.16388710158059,-14.820298286931068,-11.507475916230115,-25.933333333333337
21219,KY,2014,"Rural, near a metro",50.0,20.5,-10.855330717467488,-12.907077315679187,-8.803584119255786,-32.16666666666667
21221,KY,2014,Metro,47.3,18.3,-11.712178088316229,-13.39544545829519,-10.028910718337267,-30.333333333333332
21223,KY,2014,Metro,43.9,16.1,-12.753488251275629,-13.771929907790893,-11.735046594760364,-28.0
21225,KY,2014,"Rural, near a metro",40.2,18.7,-12.00828398265265,-13.367835844094405,-10.648732121210898,-23.000000000000004
21227,KY,2014,Metro,42.2,18.4,-12.218382123227833,-13.724776223435876,-10.71198802301979,-23.633333333333336
21229,KY,2014,Remote rural,43.8,16.8,-12.793791921294963,-14.64520561573875,-10.942378226851165,-26.2
21231,KY,2014,Remote rural,37.8,27.5,-11.106751006169619,-12.4111477521197,-9.80235426021953,-22.93333333333333
21233,KY,2014,"Rural, near a metro",42.2,17.0,-11.548370401725135,-12.480885175934615,-10.615855627515648,-23.56666666666667
21235,KY,2014,Remote rural,33.3,26.3,-6.629001848183015,-7.607005631144118,-5.650998065221912,-20.166666666666664
21237,KY,2014,Remote rural,31.3,36.4,-5.514234383578227,-6.491384717111105,-4.537084050045349,-17.96666666666667
21239,KY,2014,Metro,49.0,11.0,-9.454937316915053,-10.522060970769509,-8.387813663060603,-28.833333333333332
24001,MD,2014,Metro,20.4,18.6,-5.311145954378833,-5.901840688916445,-4.720451219841226,-8.0
24003,MD,2014,Metro,28.0,7.3,-4.770369889031224,-5.456016733564637,-4.084723044497813,-9.099999999999998
24005,MD,2014,Metro,29.1,9.5,-4.844721727039595,-5.574524667135577,-4.114918786943621,-10.666666666666668
24009,MD,2014,Metro,28.8,6.9,-5.6063403849860505,-6.60679384668414,-4.605886923287963,-12.633333333333333
24011,MD,2014,"Rural, near a metro",27.8,16.7,-5.70140845129861,-6.952042789843915,-4.450774112753306,-9.533333333333335
24013,MD,2014,Metro,28.4,6.8,-5.195491809401166,-5.926671033333399,-4.464312585468939,-12.499999999999998
24015,MD,2014,Metro,24.5,9.8,-5.345755694399924,-6.448903395717547,-4.242607993082297,-8.799999999999999
24017,MD,2014,Metro,26.9,8.0,-5.80184521586454,-6.568894399852678,-5.034796031876407,-10.466666666666665
24019,MD,2014,"Rural, near a metro",24.4,17.7,-5.772048630309101,-6.854404029794799,-4.689693230823405,-8.566666666666665
24021,MD,2014,Metro,30.9,6.9,-4.9073948762056325,-5.837645015019372,-3.9771447373918885,-11.7
24023,MD,2014,"Rural, near a metro",24.4,15.9,-4.60868218260893,-5.166381143801264,-4.050983221416596,-9.766666666666666
24025,MD,2014,Metro,25.8,7.4,-4.869515898783088,-5.644416550159065,-4.094615247407112,-10.566666666666666
24027,MD,2014,Metro,35.1,5.3,-5.608362893052754,-6.472691416274072,-4.744034369831435,-13.2
24029,MD,2014,"Rural, near a metro",29.2,14.9,-6.098076870875512,-6.799723746890071,-5.396429994860961,-10.099999999999998
24031,MD,2014,Metro,41.8,7.0,-5.8363343715911045,-7.88185943059177,-3.7908093125904383,-12.099999999999998
24033,MD,2014,Metro,39.5,9.9,-5.346887182534785,-7.155566918885601,-3.5382074461839634,-10.5
24035,MD,2014,Metro,29.9,8.4,-5.806331686920316,-6.446047160638685,-5.166616213201954,-12.0
24037,MD,2014,Metro,24.6,8.2,-5.593017039495559,-6.647359496520346,-4.538674582470771,-9.466666666666667
24039,MD,2014,Metro,25.1,28.5,-6.172362410011879,-7.185290448211353,-5.1594343718124005,-9.433333333333337
24041,MD,2014,"Rural, near a metro",29.9,10.9,-5.778396012835527,-6.411089663010279,-5.145702362660773,-10.633333333333333
24043,MD,2014,Metro,23.3,12.0,-5.02873376545757,-6.191166604726969,-3.866300926188168,-7.633333333333335
24045,MD,2014,Metro,27.6,16.5,-5.895452461652396,-7.424292065722062,-4.366612857582732,-10.2
24047,MD,2014,Metro,30.0,13.1,-5.786292492306314,-6.2593892793518675,-5.3131957052607595,-12.733333333333334
24510,MD,2014,Metro,20.0,22.7,-4.856091570515912,-5.536311966416347,-4.175871174615471,-6.266666666666666
26001,MI,2014,Remote rural,39.6,16.4,-10.880800363075378,-11.979568939282514,-9.782031786868243,-19.633333333333333
26003,MI,2014,Remote rural,35.5,15.8,-7.857965914181994,-8.847968139829305,-6.867963688534684,-15.333333333333332
26005,MI,2014,"Rural, near a metro",35.8,13.3,-6.2569743574056,-7.317822084922425,-5.1961266298887745,-16.83333333333333
26007,MI,2014,Remote rural,30.1,17.9,-4.564561306492187,-4.817996154362277,-4.3111264586220965,-14.0
26009,MI,2014,Remote rural,35.7,14.0,-7.151268317136714,-7.616635293650159,-6.685901340623264,-16.06666666666667
26011,MI,2014,"Rural, near a metro",32.7,18.2,-5.210309209656344,-5.568940026626393,-4.851678392686296,-14.8
26013,MI,2014,Remote rural,33.6,16.6,-6.504921982868291,-7.141921727459918,-5.867922238276668,-14.400000000000002
26015,MI,2014,Metro,33.2,11.2,-4.735391362476364,-5.655878001257945,-3.8149047236947817,-15.56666666666667
26017,MI,2014,Metro,30.2,16.9,-5.0905354920585,-5.776228778945834,-4.404842205171164,-14.866666666666665
26019,MI,2014,Remote rural,35.3,13.1,-6.548009710948474,-7.206243302914468,-5.8897761189824775,-14.999999999999996
26021,MI,2014,Metro,34.0,16.9,-5.889699733642324,-6.509114531841997,-5.270284935442647,-13.7
26023,MI,2014,"Rural, near a metro",32.2,16.9,-5.317404013580973,-6.091966191891904,-4.542841835270041,-13.133333333333336
26025,MI,2014,Metro,30.2,18.7,-4.999858283475915,-5.726239716329218,-4.273476850622616,-13.600000000000001
26027,MI,2014,Metro,33.4,17.2,-5.981531182678678,-6.63918560374234,-5.323876761615012,-14.266666666666662
26029,MI,2014,Remote rural,33.9,14.9,-5.3289494745151105,-6.419458915000253,-4.238440034029968,-14.899999999999995
26031,MI,2014,Remote rural,34.2,18.7,-7.316220982779036,-7.9426992960867935,-6.689742669471276,-14.700000000000003
26033,MI,2014,Remote rural,32.6,16.6,-6.277224474613894,-7.310501245937509,-5.24394770329028,-13.3
26035,MI,2014,"Rural, near a metro",28.4,24.1,-4.534195861763517,-4.819898115872217,-4.2484936076548045,-10.7
26037,MI,2014,Metro,30.9,9.8,-3.978048234543442,-4.935773451354848,-3.020323017732036,-15.533333333333331
26039,MI,2014,Remote rural,31.0,17.6,-4.656788303632628,-4.903878256716424,-4.409698350548832,-13.866666666666667
26041,MI,2014,Remote rural,29.3,16.1,-4.492241266723161,-4.949159834618749,-4.035322698827574,-11.633333333333333
26043,MI,2014,Remote rural,32.4,15.3,-4.420003670564734,-4.898281019351981,-3.941726321777486,-16.4
26045,MI,2014,Metro,30.0,11.5,-4.542138879842969,-5.19872910506335,-3.8855486546225877,-13.933333333333334
26047,MI,2014,Remote rural,32.5,11.3,-5.678506433886548,-6.234006852477241,-5.1230060152958545,-14.066666666666666
26049,MI,2014,Metro,24.1,21.7,-5.056796097652369,-6.09396040308913,-4.019631792215605,-10.200000000000001
26051,MI,2014,"Rural, near a metro",34.0,21.0,-5.580629363232932,-6.294819335902148,-4.866439390563718,-15.099999999999998
26053,MI,2014,Remote rural,30.7,23.0,-4.906604835418469,-5.301757342255629,-4.511452328581312,-13.5
26055,MI,2014,Remote rural,30.2,11.6,-5.098278637065913,-6.0660245042563155,-4.130532769875504,-13.133333333333333
26057,MI,2014,"Rural, near a metro",28.9,19.5,-4.797093105618615,-5.565586841886292,-4.028599369350939,-13.966666666666667
26059,MI,2014,"Rural, near a metro",32.7,18.2,-5.3199523453315285,-5.6654420053077414,-4.9744626853553155,-15.166666666666668
26061,MI,2014,Remote rural,29.7,21.9,-4.736739259719884,-5.219469244631527,-4.254009274808241,-12.733333333333334
26063,MI,2014,Remote rural,33.2,15.7,-5.4895732711835805,-6.2376520832661875,-4.741494459100974,-15.3
26065,MI,2014,Metro,23.8,22.4,-3.9365001703178253,-5.190174672224337,-2.6828256684113105,-8.100000000000003
26067,MI,2014,"Rural, near a metro",27.4,13.3,-4.844445067513743,-5.2592438914362125,-4.4296462435912725,-10.566666666666666
26069,MI,2014,Remote rural,32.3,19.9,-5.180223077147592,-5.672588221572282,-4.687857932722901,-15.266666666666666
26071,MI,2014,Remote rural,30.6,15.2,-4.6400102024586785,-4.978437307223566,-4.3015830976937925,-13.56666666666667
26073,MI,2014,"Rural, near a metro",24.7,28.8,-4.988597910683583,-5.646396456474271,-4.330799364892895,-8.8
26075,MI,2014,Metro,28.5,18.9,-4.828128190260806,-5.59008695156178,-4.066169428959831,-12.833333333333334
26077,MI,2014,Metro,28.8,17.7,-4.855128184078771,-5.949322713870689,-3.7609336542868546,-12.600000000000001
26079,MI,2014,Remote rural,33.6,17.9,-5.59163484036032,-5.981916952226109,-5.201352728494535,-14.86666666666667
26081,MI,2014,Metro,31.4,14.8,-3.9525521839187223,-5.371366027275167,-2.5337383405622766,-10.899999999999999
26083,MI,2014,Remote rural,38.1,14.0,-8.172912096650165,-9.584960574829138,-6.760863618471183,-18.166666666666668
26085,MI,2014,Remote rural,29.8,31.0,-5.472655297888926,-6.119024307814903,-4.82628628796295,-13.533333333333335
26087,MI,2014,Metro,33.2,11.1,-5.154550564367669,-5.675973614617998,-4.633127514117339,-13.300000000000004
26089,MI,2014,Remote rural,39.6,10.2,-9.16678160298381,-9.853000438857489,-8.480562767110136,-17.466666666666665
26091,MI,2014,"Rural, near a metro",32.7,16.0,-5.152612933316376,-5.825031090614262,-4.480194776018486,-15.633333333333336
26093,MI,2014,Metro,35.9,6.4,-5.526520770568486,-6.273968389976149,-4.779073151160821,-16.7
26095,MI,2014,Remote rural,30.9,23.4,-5.406794965733024,-5.8189684074517505,-4.994621524014299,-10.966666666666665
26097,MI,2014,Remote rural,36.2,14.6,-8.715313114657844,-9.465334263025335,-7.965291966290372,-13.966666666666672
26099,MI,2014,Metro,34.0,13.4,-5.236164337967605,-6.43185983844785,-4.040468837487355,-13.899999999999999
26101,MI,2014,Remote rural,33.1,17.9,-6.240162190298015,-6.921814993106916,-5.558509387489112,-14.833333333333336
26103,MI,2014,Remote rural,29.4,15.4,-4.380765319568782,-4.809675852801417,-3.9518547863361455,-15.766666666666666
26105,MI,2014,Remote rural,31.0,15.7,-5.230613641034849,-5.617469670322892,-4.843757611746808,-13.933333333333334
26107,MI,2014,"Rural, near a metro",26.1,23.6,-4.999971730403876,-5.532173505531304,-4.467769955276449,-10.766666666666667
26109,MI,2014,Remote rural,32.2,16.2,-5.008578676243661,-5.198323161501761,-4.818834190985564,-15.633333333333336
26111,MI,2014,Metro,32.1,14.7,-4.22959337625581,-5.105470117712712,-3.35371663479891,-13.966666666666665
26113,MI,2014,Remote rural,31.4,15.6,-5.188637463993545,-5.609077569666077,-4.768197358321011,-12.466666666666665
26115,MI,2014,Metro,30.8,12.5,-4.569562027354797,-5.208431522472796,-3.930692532236797,-14.566666666666666
26117,MI,2014,Metro,29.4,18.8,-4.9957570843389725,-5.367769108196412,-4.623745060481532,-12.466666666666665
26119,MI,2014,Remote rural,33.6,20.4,-5.616318090003958,-6.400645263979157,-4.831990916028751,-14.76666666666667
26121,MI,2014,Metro,26.7,20.4,-4.937117453524241,-5.777984062034502,-4.096250845013982,-11.23333333333333
26123,MI,2014,"Rural, near a metro",32.6,17.2,-5.273395538477543,-5.7527531633249875,-4.794037913630099,-14.200000000000003
26125,MI,2014,Metro,34.0,10.2,-5.258167490789314,-6.284496646722246,-4.2318383348563735,-13.366666666666664
26127,MI,2014,"Rural, near a metro",36.4,18.3,-7.787897968475834,-8.81321455618575,-6.762581380765918,-11.966666666666665
26129,MI,2014,Remote rural,29.1,22.2,-4.679649381777264,-4.996538467057994,-4.362760296496533,-11.300000000000004
26131,MI,2014,Remote rural,36.6,16.4,-7.0652145552771195,-8.756794525127741,-5.3736345854265,-16.766666666666666
26133,MI,2014,Remote rural,30.3,22.4,-4.570791815838541,-4.787949448206438,-4.353634183470646,-12.933333333333334
26135,MI,2014,Remote rural,33.9,19.9,-6.659913511034629,-7.452730721548496,-5.867096300520764,-14.133333333333333
26137,MI,2014,Remote rural,32.1,13.6,-4.936780314889174,-5.381078417277854,-4.492482212500489,-13.700000000000003
26139,MI,2014,Metro,32.3,11.3,-4.321946709523216,-5.047762965431982,-3.5961304536144483,-14.999999999999996
26141,MI,2014,Remote rural,37.1,15.6,-8.380868583004958,-9.683224257030126,-7.078512908979796,-16.833333333333336
26143,MI,2014,Remote rural,29.8,22.2,-4.622783128059969,-4.930873971140195,-4.314692284979748,-11.366666666666667
26145,MI,2014,Metro,26.7,18.7,-4.398479882055329,-5.435799924292175,-3.361159839818484,-11.7
26147,MI,2014,Metro,30.6,15.8,-4.961163599852496,-5.797236529513617,-4.125090670191375,-13.233333333333334
26149,MI,2014,"Rural, near a metro",31.4,17.4,-5.012395813659101,-5.535972663426286,-4.488818963891914,-11.266666666666666
26151,MI,2014,"Rural, near a metro",33.1,15.8,-5.920805991009144,-6.459281206669394,-5.382330775348893,-13.733333333333334
26153,MI,2014,Remote rural,33.7,18.0,-6.108642381784105,-6.531457542696884,-5.685827220871326,-13.86666666666667
26155,MI,2014,"Rural, near a metro",30.6,15.9,-4.901007590333342,-5.218198978375792,-4.583816202290896,-14.3
26157,MI,2014,"Rural, near a metro",33.8,16.6,-5.7487668122214055,-6.188878539803753,-5.308655084639058,-17.299999999999997
26159,MI,2014,Metro,37.2,17.8,-8.302937626065834,-9.550866642693762,-7.055008609437905,-17.033333333333335
26161,MI,2014,Metro,26.1,16.3,-4.637771030072849,-5.758354059341596,-3.517188000804102,-11.333333333333336
26163,MI,2014,Metro,33.0,25.1,-4.7266916950107,-5.3463503691137735,-4.107033020907624,-14.8
26165,MI,2014,Remote rural,29.6,19.8,-4.5207435586374025,-5.060493600617732,-3.980993516657074,-12.633333333333336
27001,MN,2014,"Rural, near a metro",21.9,13.3,-3.919738318306259,-4.303566769773835,-3.535909866838681,-8.83333333333333
27003,MN,2014,Metro,27.0,7.6,-4.399046422534707,-5.0412955473007806,-3.7567972977686335,-11.799999999999999
27005,MN,2014,"Rural, near a metro",21.4,13.5,-3.951161767864651,-4.735455517223276,-3.166868018506026,-7.633333333333333
27007,MN,2014,Remote rural,22.0,20.2,-5.167644406884089,-6.146842017334493,-4.188446796433683,-7.666666666666666
27009,MN,2014,Metro,19.4,11.9,-1.8697954708524722,-2.643531290374759,-1.0960596513301852,-9.633333333333331
27011,MN,2014,Remote rural,21.5,12.8,-2.729874030822024,-3.024667910756269,-2.435080150887779,-8.766666666666666
27013,MN,2014,Metro,18.5,17.0,-1.5833738665543264,-2.3213706012321573,-0.8453771318764962,-8.766666666666667
27015,MN,2014,"Rural, near a metro",20.0,9.6,-1.5592146188169318,-2.0334174457018004,-1.0850117919320619,-9.166666666666666
27017,MN,2014,Metro,20.3,12.1,-3.8187548390948574,-4.300337348035424,-3.337172330154291,-8.133333333333335
27019,MN,2014,Metro,27.5,4.9,-3.4227152252579605,-4.287881708177379,-2.557548742338544,-12.799999999999999
27021,MN,2014,Remote rural,22.8,15.3,-4.343351104193474,-5.089724496013541,-3.596977712373407,-7.699999999999999
27023,MN,2014,Remote rural,23.1,11.1,-3.5530100283595596,-4.0694994053194735,-3.036520651399644,-8.16666666666667
27025,MN,2014,Metro,22.8,6.8,-1.9567111840008857,-2.502377724524497,-1.4110446434772743,-9.200000000000001
27027,MN,2014,Metro,19.2,12.4,-1.612283135851286,-1.9786222862377438,-1.2459439854648275,-9.266666666666666
27029,MN,2014,"Rural, near a metro",22.0,16.4,-4.358873213461917,-4.6863446690136845,-4.031401757910149,-6.733333333333334
27031,MN,2014,Remote rural,25.4,10.1,-4.418471479223014,-4.932769810032723,-3.9041731484133058,-9.133333333333333
27033,MN,2014,Remote rural,21.3,14.5,-2.8154457393340535,-3.1834407917748573,-2.447450686893249,-7.666666666666668
27035,MN,2014,"Rural, near a metro",19.9,11.3,-2.8668527544729976,-3.31603766575844,-2.4176678431875556,-8.399999999999999
27037,MN,2014,Metro,26.6,8.4,-3.340113474055466,-4.4068886445361946,-2.273338303574736,-10.833333333333336
27039,MN,2014,Metro,22.6,7.3,-1.9188611907065523,-2.2375878720761504,-1.6001345093369541,-9.866666666666667
27041,MN,2014,"Rural, near a metro",17.7,10.4,-1.5055932637805203,-1.7999503188510673,-1.2112362087099753,-6.6
27043,MN,2014,"Rural, near a metro",21.6,11.5,-3.1816659107303917,-3.6119816474542743,-2.751350174006511,-8.566666666666668
27045,MN,2014,Metro,23.6,10.7,-4.007588647830766,-4.433253056322197,-3.5819242393393353,-8.766666666666667
27047,MN,2014,Remote rural,23.8,10.5,-3.8877547285065925,-4.275997434515735,-3.4995120224974494,-9.433333333333335
27049,MN,2014,"Rural, near a metro",22.4,9.3,-2.6667794887527743,-3.271725212079329,-2.0618337654262193,-7.966666666666667
27051,MN,2014,Remote rural,20.7,10.7,-2.8771129746472823,-3.5132157482079847,-2.2410102010865804,-8.533333333333333
27053,MN,2014,Metro,25.8,12.2,-4.37926551346814,-5.509303467239398,-3.249227559696883,-10.166666666666668
27055,MN,2014,Metro,20.8,10.4,-1.8238927562583986,-2.338577770499584,-1.3092077420172124,-8.700000000000001
27057,MN,2014,Remote rural,22.8,13.4,-3.868786660343993,-4.202887828040146,-3.53468549264784,-9.866666666666669
27059,MN,2014,Metro,21.3,8.4,-1.9613658563515142,-2.4678306402481365,-1.4549010724548914,-9.133333333333335
27061,MN,2014,"Rural, near a metro",22.6,13.1,-3.3683023222023682,-3.6598635610928194,-3.0767410833119144,-9.566666666666668
27063,MN,2014,Remote rural,21.0,9.6,-1.755374123837123,-2.1577740549689937,-1.3529741927052519,-9.433333333333332
27065,MN,2014,"Rural, near a metro",20.7,14.2,-3.115092666503059,-3.59403864664081,-2.6361466863653082,-8.399999999999997
27067,MN,2014,"Rural, near a metro",21.5,11.9,-3.6845507794409613,-4.16922583030541,-3.1998757285765147,-7.533333333333331
27069,MN,2014,Remote rural,22.0,10.1,-1.9507986121919922,-2.419860944598252,-1.4817362797857316,-8.833333333333334
27071,MN,2014,"Rural, near a metro",24.1,16.9,-3.7402007610186923,-4.136096314190214,-3.3443052078471704,-9.533333333333333
27073,MN,2014,Remote rural,21.9,10.5,-2.14188886011353,-2.589275825111469,-1.6945018951155881,-10.066666666666665
27075,MN,2014,"Rural, near a metro",21.0,11.1,-1.7904549884716479,-2.2314887268034447,-1.349421250139851,-9.633333333333333
27077,MN,2014,Remote rural,24.6,12.4,-3.4090047748209806,-3.76448745387322,-3.0535220957687415,-10.533333333333333
27079,MN,2014,Metro,23.9,8.9,-2.7287433408737063,-3.304471050008079,-2.1530156317393327,-8.599999999999996
27081,MN,2014,Remote rural,23.6,11.4,-2.6224563563883594,-3.0721888745610895,-2.172723838215625,-11.866666666666667
27083,MN,2014,Remote rural,21.3,12.8,-2.707583327135456,-3.601397598577866,-1.8137690556930455,-8.8
27085,MN,2014,"Rural, near a metro",19.5,8.8,-1.4678665344634132,-1.942297612258832,-0.993435456667995,-6.6
27087,MN,2014,"Rural, near a metro",20.5,24.3,-4.947276829501602,-5.726904999492699,-4.167648659510506,-6.799999999999999
27089,MN,2014,"Rural, near a metro",24.5,9.2,-3.8729477067845144,-4.401551936041619,-3.344343477527407,-10.4
27091,MN,2014,Remote rural,19.7,11.6,-2.2742732777695585,-2.9030478766523387,-1.6454986788867767,-7.066666666666666
27093,MN,2014,"Rural, near a metro",22.8,9.4,-2.9677235130049207,-3.5672154133386274,-2.368231612671216,-9.366666666666669
27095,MN,2014,Metro,21.0,12.1,-4.0619832518212675,-4.445286228957728,-3.6786802746848073,-8.200000000000001
27097,MN,2014,"Rural, near a metro",21.0,12.2,-3.286744533295617,-3.7993971570796816,-2.7740919095115544,-8.966666666666669
27099,MN,2014,"Rural, near a metro",28.9,13.7,-4.295761890822752,-4.816454787856952,-3.775068993788552,-12.7
27101,MN,2014,Remote rural,23.1,9.6,-2.5428470755231953,-3.115385302376649,-1.9703088486697418,-8.900000000000004
27103,MN,2014,Metro,17.6,11.4,-1.399417679363473,-1.9677073073288545,-0.8311280513980915,-6.233333333333336
27105,MN,2014,Remote rural,34.3,14.2,-6.7333403754189645,-7.903474971125664,-5.563205779712268,-10.2
27107,MN,2014,"Rural, near a metro",21.0,13.6,-3.4392191853441503,-3.9550176979611353,-2.9234206727271657,-7.833333333333334
27109,MN,2014,Metro,23.9,8.3,-2.529638886189263,-3.322824118825231,-1.7364536535532955,-8.966666666666667
27111,MN,2014,"Rural, near a metro",21.1,11.8,-2.7781231243262856,-3.3676048448862934,-2.188641403766278,-8.000000000000002
27113,MN,2014,"Rural, near a metro",17.0,10.7,-1.6402734870515494,-2.14438857992626,-1.1361583941768378,-5.733333333333334
27115,MN,2014,"Rural, near a metro",22.4,15.7,-4.778306262502175,-5.399137450710165,-4.157475074294184,-9.033333333333333
27117,MN,2014,"Rural, near a metro",22.5,12.4,-3.9908161559068542,-4.419727395223079,-3.561904916590629,-8.366666666666667
27119,MN,2014,Metro,19.7,13.3,-2.940557374625335,-3.7761914463263437,-2.104923302924327,-7.7333333333333325
27121,MN,2014,"Rural, near a metro",20.1,11.0,-1.9115647440070735,-2.1561544918569604,-1.6669749961571865,-8.733333333333334
27123,MN,2014,Metro,25.0,16.2,-4.095228960147519,-5.055928577896454,-3.1345293423985834,-10.799999999999999
27125,MN,2014,"Rural, near a metro",22.3,11.2,-3.8214619624761705,-4.202234514714175,-3.4406894102381678,-8.866666666666669
27127,MN,2014,Remote rural,22.3,10.2,-3.6768027002752612,-4.2632058420342736,-3.090399558516247,-7.366666666666669
27129,MN,2014,"Rural, near a metro",22.6,11.8,-3.571717724114696,-4.251751190184335,-2.8916842580450557,-8.633333333333335
27131,MN,2014,"Rural, near a metro",25.1,11.6,-4.081809539299081,-4.9052471170679945,-3.2583719615301656,-8.7
27133,MN,2014,"Rural, near a metro",21.2,10.5,-2.429498283012843,-3.116051828672207,-1.742944737353481,-8.433333333333332
27135,MN,2014,Remote rural,21.7,8.7,-1.718246784275744,-2.015916558181121,-1.420577010370366,-8.799999999999999
27137,MN,2014,Metro,18.0,16.5,-2.6813708139093455,-3.4025312533292476,-1.9602103744894435,-8.2
27139,MN,2014,Metro,31.4,5.9,-4.94234179998695,-5.553456634499433,-4.3312269654744675,-13.7
27141,MN,2014,Metro,19.6,6.5,-2.1176769643713933,-3.0279657634772845,-1.2073881652655023,-6.733333333333336
27143,MN,2014,Metro,26.4,9.8,-3.9647363265665265,-4.420571814164728,-3.5089008389683256,-11.1
27145,MN,2014,Metro,20.2,12.7,-1.9793320850490395,-2.8402691633128985,-1.118395006785181,-8.433333333333334
27147,MN,2014,Remote rural,19.5,10.7,-1.3595677884787416,-1.838897375527854,-0.8802382014296288,-7.766666666666666
27149,MN,2014,Remote rural,22.0,14.0,-2.4197800224015267,-3.117644622638265,-1.7219154221647894,-9.9
27151,MN,2014,Remote rural,19.2,10.3,-2.001848591444209,-2.481216535919946,-1.522480646968472,-6.699999999999999
27153,MN,2014,"Rural, near a metro",27.2,13.5,-4.487399198353893,-4.920858905647127,-4.053939491060659,-10.5
27155,MN,2014,Remote rural,24.1,11.9,-4.267005792968447,-4.870920580842951,-3.6630910050939405,-10.56666666666667
27157,MN,2014,Metro,20.9,9.4,-1.847183837545367,-2.289450464814256,-1.4049172102764802,-8.93333333333333
27159,MN,2014,Remote rural,18.8,15.5,-3.583402926663765,-4.101441596930576,-3.065364256396954,-7.933333333333334
27161,MN,2014,"Rural, near a metro",22.5,10.3,-1.9399809286652616,-2.398321967592964,-1.4816398897375598,-10.300000000000002
27163,MN,2014,Metro,23.2,5.8,-1.814166917804717,-2.483907361852725,-1.1444264737567096,-9.833333333333334
27165,MN,2014,"Rural, near a metro",33.8,11.2,-6.337331879521593,-7.396757132893909,-5.277906626149268,-11.466666666666665
27167,MN,2014,"Rural, near a metro",20.7,11.0,-1.651170118622975,-2.196870310841778,-1.1054699264041696,-8.999999999999998
27169,MN,2014,"Rural, near a metro",19.6,14.4,-2.0280285654245986,-2.787462983983174,-1.2685941468660242,-7.7666666666666675
27171,MN,2014,Metro,23.3,7.1,-2.2927283255041133,-3.0540646478597457,-1.5313920031484805,-11.033333333333335
27173,MN,2014,Remote rural,22.4,10.8,-2.79986544172354,-3.2994285456432535,-2.3003023378038265,-8.999999999999998
32001,NV,2014,"Rural, near a metro",41.7,13.9,-9.594105768308065,-11.62210920989148,-7.566102326724657,-13.633333333333336
32003,NV,2014,Metro,50.1,16.3,-6.408277078390822,-8.286094032640769,-4.530460124140871,-17.233333333333334
32005,NV,2014,"Rural, near a metro",49.2,10.2,-9.543512787540001,-10.843789268426097,-8.243236306653895,-19.8
32007,NV,2014,Remote rural,49.5,9.1,-6.893158698381508,-9.082858389517442,-4.703459007245584,-14.633333333333333
32009,NV,2014,Remote rural,58.5,13.8,-7.644140001857153,-9.46346553219712,-5.824814471517187,-22.46666666666666
32011,NV,2014,Remote rural,38.1,8.1,-7.178688982273678,-8.069308175172148,-6.288069789375208,-14.933333333333334
32013,NV,2014,Remote rural,52.1,10.1,-7.708277882766726,-8.796945985254998,-6.6196097802784575,-14.466666666666669
32015,NV,2014,Remote rural,51.5,9.8,-8.566571374309934,-9.632157577501332,-7.5009851711185425,-15.699999999999996
32017,NV,2014,"Rural, near a metro",45.9,14.1,-9.384750865595198,-10.25631548430901,-8.513186246881386,-16.3
32019,NV,2014,"Rural, near a metro",47.5,15.7,-9.454917335071384,-11.173359968198936,-7.736474701943832,-17.599999999999998
32021,NV,2014,Remote rural,39.7,18.3,-10.453619550266474,-11.774946431494037,-9.132292669038911,-14.066666666666666
32023,NV,2014,"Rural, near a metro",44.4,18.5,-8.230224276636006,-10.499046439644044,-5.961402113627951,-16.866666666666667
32027,NV,2014,Remote rural,51.2,21.2,-7.899984959414247,-9.31282741405021,-6.487142504778293,-19.600000000000005
32029,NV,2014,Metro,48.4,8.2,-9.74352370230838,-11.352689299811109,-8.134358104805647,-22.366666666666667
32031,NV,2014,Metro,46.0,15.1,-7.41983106113498,-9.184215689143429,-5.6554464331265315,-17.933333333333337
32033,NV,2014,Remote rural,39.0,13.5,-8.584596279511985,-9.449271296157082,-7.719921262866887,-13.599999999999998
32510,NV,2014,Metro,45.2,15.4,-8.074209607938121,-9.427346610064564,-6.721072605811681,-17.233333333333334
34001,NJ,2014,Metro,39.0,17.1,-4.266338552671366,-6.739140185493594,-1.79353691984914,-12.900000000000002
34003,NJ,2014,Metro,46.0,8.1,-6.720913309963732,-8.64318308285804,-4.798643537069426,-13.466666666666661
34005,NJ,2014,Metro,34.3,6.2,-5.251862828146354,-6.016901534735687,-4.486824121557019,-13.43333333333333
34007,NJ,2014,Metro,33.6,14.7,-3.557277135362134,-4.847960113664746,-2.2665941570595223,-11.133333333333333
34009,NJ,2014,Metro,33.5,10.8,-5.463998488763459,-6.907612960500848,-4.0203840170260685,-11.666666666666668
34011,NJ,2014,Metro,35.6,20.1,-4.810311830522999,-7.623132478050516,-1.9974911829954856,-9.133333333333333
34013,NJ,2014,Metro,38.2,17.7,-3.264052040216673,-6.537435268553201,0.009331188119857003,-9.266666666666666
34015,NJ,2014,Metro,33.4,9.4,-5.016349435804206,-6.416868678954177,-3.6158301926542267,-13.033333333333331
34017,NJ,2014,Metro,43.6,19.4,-7.674320263654399,-9.758019422575229,-5.59062110473355,-13.866666666666667
34019,NJ,2014,Metro,40.5,4.1,-9.857127411706717,-11.599306635019646,-8.114948188393788,-14.7
34021,NJ,2014,Metro,40.2,11.8,-5.532344691168904,-8.15960524913883,-2.9050841331989785,-11.36666666666667
34023,NJ,2014,Metro,44.9,9.4,-6.449445592164546,-7.994940584171287,-4.903950600157808,-13.866666666666664
34025,NJ,2014,Metro,42.7,7.8,-7.097242408338102,-9.42589059242647,-4.768594224249734,-13.666666666666671
34027,NJ,2014,Metro,44.9,4.9,-8.255461379943746,-9.562910364803042,-6.9480123950844455,-14.533333333333335
34029,NJ,2014,Metro,37.9,10.5,-5.534705805520473,-8.060516119004841,-3.008895492036109,-12.533333333333335
34031,NJ,2014,Metro,42.5,16.6,-6.394931064036031,-8.116461149426653,-4.673400978645421,-12.900000000000002
34033,NJ,2014,Metro,31.9,15.0,-4.8944461010192075,-6.787221151063213,-3.0016710509751965,-10.833333333333332
34035,NJ,2014,Metro,47.7,5.7,-7.176884691241645,-8.720575122344579,-5.633194260138689,-17.13333333333334
34037,NJ,2014,Metro,40.2,6.1,-9.095084534538175,-10.965292527184719,-7.224876541891627,-16.733333333333334
34039,NJ,2014,Metro,48.1,11.5,-5.321755744298477,-7.909054013171039,-2.7344574754259168,-13.06666666666667
34041,NJ,2014,Metro,38.7,8.7,-8.242845254071488,-9.524905675018461,-6.960784833124501,-13.700000000000003
35001,NM,2014,Metro,43.4,18.7,-9.110298573215026,-10.988350879370714,-7.23224626705935,-16.6
35003,NM,2014,Remote rural,46.8,21.7,-10.09513288435007,-11.733812953465783,-8.456452815234357,-23.266666666666666
35005,NM,2014,Remote rural,46.8,21.2,-9.732355655268073,-11.395229921676103,-8.069481388860057,-15.966666666666665
35006,NM,2014,"Rural, near a metro",41.9,32.2,-10.735974850191381,-11.716458265348862,-9.755491435033907,-15.23333333333333
35007,NM,2014,Remote rural,38.6,20.1,-10.57440886530609,-11.4297520756502,-9.719065654961984,-16.533333333333335
35009,NM,2014,Remote rural,42.8,21.1,-9.787562581721756,-10.83543689365706,-8.73968826978642,-16.499999999999996
35011,NM,2014,Remote rural,48.0,22.0,-9.900236123856823,-12.01183823661967,-7.788634011093981,-15.199999999999996
35013,NM,2014,Metro,49.2,27.0,-10.784644626912993,-12.509712208993875,-9.059577044832134,-19.933333333333337
35015,NM,2014,Remote rural,42.2,15.1,-10.652951787533558,-11.728674435636265,-9.577229139430859,-15.26666666666667
35017,NM,2014,Remote rural,37.0,22.4,-10.314552372216745,-11.815556539712851,-8.813548204720632,-16.73333333333333
35019,NM,2014,Remote rural,37.7,25.8,-10.826883088960757,-11.756571204648836,-9.897194973272683,-17.333333333333336
35021,NM,2014,Remote rural,47.5,15.2,-10.463465193505893,-11.444726428953716,-9.48220395805808,-24.333333333333332
35023,NM,2014,Remote rural,41.9,25.7,-11.232357729869268,-12.435395719822981,-10.029319739915554,-16.599999999999998
35025,NM,2014,Remote rural,53.2,14.8,-7.904868519701474,-10.342561143109352,-5.467175896293613,-16.300000000000004
35027,NM,2014,Remote rural,49.2,18.8,-10.225902009966479,-12.644028491654652,-7.807775528278301,-20.0
35028,NM,2014,"Rural, near a metro",41.5,4.0,-7.375521762241783,-9.708215678703311,-5.042827845780259,-16.700000000000003
35029,NM,2014,"Rural, near a metro",49.9,31.2,-11.000135973898114,-12.52449757080639,-9.47577437698983,-19.199999999999996
35031,NM,2014,Remote rural,48.0,40.3,-9.375775249437847,-10.513308686822455,-8.238241812053236,-14.966666666666669
35033,NM,2014,Remote rural,42.8,23.8,-11.006514834149721,-12.390721825489967,-9.622307842809471,-20.399999999999995
35035,NM,2014,"Rural, near a metro",44.3,21.3,-7.998744890885219,-9.11221774998115,-6.885272031789283,-16.433333333333334
35037,NM,2014,Remote rural,34.6,25.8,-9.51676069715802,-11.108407093777931,-7.925114300538091,-14.600000000000001
35039,NM,2014,"Rural, near a metro",47.9,24.8,-10.511293844048591,-12.219320984405199,-8.803266703691985,-17.866666666666667
35041,NM,2014,Remote rural,44.1,24.6,-10.482543172536502,-11.77238585948165,-9.192700485591354,-17.03333333333334
35043,NM,2014,Metro,46.1,15.3,-9.314778764416607,-10.204183094889565,-8.425374433943649,-17.900000000000002
35045,NM,2014,Metro,50.1,21.8,-8.901048702611217,-10.071452968865486,-7.730644436356947,-16.933333333333337
35047,NM,2014,"Rural, near a metro",38.3,32.4,-10.9179575531883,-12.562034179992512,-9.273880926384084,-18.13333333333333
35049,NM,2014,Metro,51.4,18.1,-9.544927603618738,-11.302465622919378,-7.787389584318114,-16.200000000000003
35051,NM,2014,"Rural, near a metro",39.5,26.9,-10.486624125037096,-11.485335528240606,-9.487912721833583,-17.900000000000002
35053,NM,2014,"Rural, near a metro",40.9,27.9,-11.3816623391299,-12.823335254681805,-9.939989423577993,-15.13333333333333
35055,NM,2014,Remote rural,42.8,26.2,-10.854796031456189,-12.195168104557,-9.514423958355389,-15.899999999999995
35057,NM,2014,Metro,40.6,27.8,-11.458627822281064,-12.782893654172026,-10.13436199039012,-16.833333333333336
35059,NM,2014,Remote rural,41.4,20.1,-10.44643444876293,-11.367998960330002,-9.524869937195856,-14.333333333333336
35061,NM,2014,Metro,48.1,23.4,-10.497753886253332,-12.215426752390012,-8.780081020116647,-18.566666666666666
38001,ND,2014,Remote rural,33.2,10.2,-5.548264943660513,-6.342257846055115,-4.754272041265913,-12.56666666666667
38003,ND,2014,"Rural, near a metro",29.5,10.9,-4.390766414987056,-4.954663177552775,-3.8268696524213413,-9.933333333333334
38005,ND,2014,Remote rural,29.9,30.2,-6.020264136208779,-7.9637084992555485,-4.076819773162016,-5.699999999999996
38007,ND,2014,Remote rural,47.1,8.2,-10.637500233420294,-12.313222047738433,-8.96177841910216,-16.466666666666665
38009,ND,2014,Remote rural,40.8,10.0,-10.757359407066108,-12.180966239610644,-9.333752574521569,-15.999999999999996
38011,ND,2014,Remote rural,35.6,8.0,-6.755075657357085,-7.804329052849317,-5.705822261864855,-12.56666666666667
38013,ND,2014,Remote rural,39.0,9.5,-8.862379860203559,-10.206123912898558,-7.518635807508555,-9.833333333333332
38015,ND,2014,Metro,28.7,8.3,-4.4154408928468385,-5.36557721383459,-3.4653045718590905,-10.866666666666667
38017,ND,2014,Metro,25.5,13.2,-4.705002337849213,-5.201361263441032,-4.208643412257387,-8.933333333333334
38019,ND,2014,Remote rural,36.9,8.6,-7.031191202360084,-8.164694334949285,-5.897688069770885,-13.133333333333333
38021,ND,2014,Remote rural,32.6,12.2,-5.203602482120721,-5.846906679911407,-4.560298284330028,-13.066666666666666
38023,ND,2014,Remote rural,42.6,9.0,-10.971175758943852,-12.210695108701254,-9.731656409186444,-15.76666666666667
38025,ND,2014,Remote rural,44.9,9.6,-11.217995324259455,-12.21350841311112,-10.222482235407792,-13.2
38027,ND,2014,Remote rural,33.8,10.0,-5.51939449774669,-6.314744807467241,-4.724044188026138,-13.366666666666664
38029,ND,2014,"Rural, near a metro",40.0,13.9,-11.103621748805992,-12.342501335797081,-9.864742161814902,-17.366666666666664
38031,ND,2014,Remote rural,33.6,8.3,-4.360353905930589,-5.24075801298583,-3.479949798875349,-13.733333333333334
38033,ND,2014,Remote rural,37.1,11.7,-8.812877536254055,-9.766230011694553,-7.859525060813564,-16.666666666666668
38035,ND,2014,Metro,23.7,15.1,-4.648434235349297,-5.659498610939915,-3.637369859758682,-8.6
38037,ND,2014,"Rural, near a metro",42.3,15.1,-10.771403838318664,-12.763062996208312,-8.779744680429031,-17.599999999999998
38039,ND,2014,Remote rural,34.7,9.4,-5.931133164589668,-6.674288703481177,-5.187977625698161,-11.900000000000002
38041,ND,2014,Remote rural,40.6,10.5,-10.982981041213256,-12.114811615352542,-9.85115046707397,-17.2
38043,ND,2014,"Rural, near a metro",38.0,13.1,-9.14329266678192,-10.353112934837759,-7.933472398726094,-15.633333333333336
38045,ND,2014,Remote rural,37.5,9.6,-8.110707707319618,-9.141481005314814,-7.079934409324422,-13.399999999999995
38047,ND,2014,Remote rural,43.5,11.9,-11.690326366512668,-12.630045376844885,-10.75060735618044,-18.233333333333334
38049,ND,2014,Remote rural,38.9,11.1,-9.605861999447718,-10.858190385045813,-8.353533613849617,-16.566666666666666
38051,ND,2014,Remote rural,36.6,15.2,-8.412236028178086,-9.436416553197862,-7.388055503158299,-15.333333333333332
38053,ND,2014,Remote rural,35.7,9.9,-6.843611725329354,-8.241908894525674,-5.445314556133034,-9.733333333333338
38055,ND,2014,"Rural, near a metro",36.0,10.6,-6.869030424978668,-8.302908332448359,-5.435152517508977,-13.066666666666666
38057,ND,2014,Remote rural,35.1,7.1,-5.57805041410519,-6.998153850681301,-4.157946977529078,-12.3
38059,ND,2014,Metro,31.8,8.3,-4.920907239084347,-5.8182684679180054,-4.0235460102506915,-12.100000000000001
38061,ND,2014,Remote rural,37.3,11.5,-7.641248736437479,-9.059220863293849,-6.22327660958112,-8.599999999999998
38063,ND,2014,"Rural, near a metro",34.2,9.6,-5.357030314617015,-6.003337879789743,-4.710722749444283,-13.56666666666667
38065,ND,2014,Metro,42.7,10.4,-11.750790720781985,-13.24400234075403,-10.25757910080994,-19.96666666666667
38067,ND,2014,Remote rural,35.8,8.4,-6.198297332148069,-7.184936308267512,-5.21165835602862,-13.566666666666663
38069,ND,2014,Remote rural,34.4,12.3,-6.468614210628564,-7.2196277161544105,-5.717600705102716,-12.533333333333335
38071,ND,2014,Remote rural,28.5,13.0,-5.226263104655161,-6.246304191612307,-4.206222017698014,-9.933333333333334
38073,ND,2014,"Rural, near a metro",30.0,8.8,-4.17594464484414,-4.5832841963525315,-3.7686050933357502,-11.633333333333336
38075,ND,2014,Remote rural,34.1,7.6,-5.230860961018101,-5.992284120238733,-4.469437801797469,-14.000000000000004
38077,ND,2014,"Rural, near a metro",29.2,10.6,-4.725535662448684,-5.317779280354713,-4.133292044542654,-11.366666666666667
38079,ND,2014,Remote rural,29.7,29.6,-5.191571196391349,-6.908231072801112,-3.474911319981583,-4.0
38081,ND,2014,Remote rural,30.8,6.5,-3.3650779601485774,-3.981083620316438,-2.749072299980714,-10.966666666666669
38083,ND,2014,Remote rural,43.0,16.5,-11.996641247429965,-13.343986041940386,-10.649296452919533,-19.333333333333332
38085,ND,2014,Metro,25.4,37.3,-4.962165799951562,-6.191628232359054,-3.7327033675440626,-5.199999999999999
38087,ND,2014,Remote rural,42.9,9.1,-11.010922604730707,-11.70061431931633,-10.321230890145085,-18.766666666666662
38089,ND,2014,Remote rural,29.8,8.7,-4.96656349069887,-5.605183919423346,-4.327943061974392,-8.06666666666667
38091,ND,2014,"Rural, near a metro",37.1,7.3,-7.437405789090283,-8.535014551988656,-6.33979702619191,-13.300000000000004
38093,ND,2014,Remote rural,29.2,12.1,-4.360075008466915,-4.781263342281942,-3.938886674651888,-11.600000000000001
38095,ND,2014,Remote rural,34.8,10.5,-6.345110791456834,-7.011330982521205,-5.678890600392465,-13.333333333333329
38097,ND,2014,"Rural, near a metro",28.9,9.3,-4.156740691263865,-4.601039305841626,-3.7124420766861026,-11.333333333333332
38099,ND,2014,"Rural, near a metro",32.8,11.2,-5.931733030382693,-6.602777428464139,-5.260688632301249,-10.533333333333328
38101,ND,2014,Remote rural,28.0,8.9,-4.9840906671313965,-5.7233395822207,-4.2448417520421,-8.633333333333333
38103,ND,2014,Remote rural,33.4,10.3,-4.939149176889083,-5.6514127795769085,-4.226885574201258,-13.333333333333332
38105,ND,2014,Remote rural,32.3,7.8,-5.49707682699741,-6.15574359038346,-4.838410063611363,-8.63333333333333
39001,OH,2014,"Rural, near a metro",28.4,24.1,-4.7558536284782456,-5.284632260925399,-4.227074996031092,-10.7
39003,OH,2014,Metro,30.5,16.1,-5.511816593323129,-5.910843536845522,-5.112789649800736,-13.666666666666668
39005,OH,2014,"Rural, near a metro",32.4,12.9,-5.247224161949093,-5.711097592381446,-4.7833507315167445,-12.566666666666666
39007,OH,2014,"Rural, near a metro",30.8,18.9,-5.272198368745322,-5.848705342869688,-4.695691394620956,-13.133333333333333
39009,OH,2014,"Rural, near a metro",26.9,31.0,-5.1807220235770695,-5.7217849677307555,-4.639659079423385,-11.266666666666666
39011,OH,2014,"Rural, near a metro",29.5,9.7,-3.246532200504644,-3.8037951433967363,-2.6892692576125503,-12.466666666666665
39013,OH,2014,Metro,31.2,16.8,-5.046086496931363,-5.644821100969938,-4.447351892892786,-14.666666666666664
39015,OH,2014,Metro,32.1,17.8,-4.987417669685767,-5.525890446046933,-4.448944893324603,-14.533333333333335
39017,OH,2014,Metro,32.9,13.3,-5.146857512579223,-6.171056832777952,-4.122658192380499,-13.333333333333332
39019,OH,2014,Metro,34.7,15.5,-6.4281641118870825,-7.010216517007616,-5.846111706766548,-15.100000000000005
39021,OH,2014,"Rural, near a metro",29.9,12.0,-4.629005724389873,-5.087299307562029,-4.1707121412177175,-12.433333333333334
39023,OH,2014,Metro,30.0,18.2,-5.198123772295454,-5.585803690267553,-4.810443854323354,-12.766666666666666
39025,OH,2014,Metro,30.2,9.7,-5.131990589876278,-5.7078584665189025,-4.556122713233651,-11.5
39027,OH,2014,"Rural, near a metro",29.2,17.3,-5.0010936807054875,-5.684219971329222,-4.317967390081753,-13.666666666666668
39029,OH,2014,"Rural, near a metro",33.2,17.8,-6.165304478991607,-7.045559422634984,-5.285049535348232,-16.066666666666674
39031,OH,2014,"Rural, near a metro",33.6,14.4,-6.032846644768625,-6.938998118188538,-5.126695171348711,-15.3
39033,OH,2014,"Rural, near a metro",29.0,18.2,-4.637686048674275,-4.958842042597595,-4.316530054750954,-13.100000000000001
39035,OH,2014,Metro,30.7,19.2,-4.482465446363287,-5.3756377630218735,-3.5892931297047013,-13.399999999999999
39037,OH,2014,"Rural, near a metro",32.4,14.6,-4.988333657003578,-5.408767881624908,-4.5678994323822435,-14.899999999999999
39039,OH,2014,"Rural, near a metro",33.2,11.4,-5.01862204708683,-5.430709562241528,-4.606534531932134,-14.76666666666667
39041,OH,2014,Metro,41.1,5.6,-9.264218905715428,-10.321116412371428,-8.207321399059438,-18.6
39043,OH,2014,"Rural, near a metro",31.1,15.0,-5.531645737341452,-6.135702400331471,-4.927589074351433,-15.366666666666667
39045,OH,2014,Metro,30.0,11.8,-5.310873703093157,-5.685819874007927,-4.93592753217838,-12.833333333333332
39047,OH,2014,"Rural, near a metro",27.9,17.9,-4.990139451173132,-5.352346039804267,-4.627932862541998,-12.166666666666666
39049,OH,2014,Metro,33.9,17.7,-3.9894110695157434,-6.267424004015485,-1.7113981350159992,-12.566666666666666
39051,OH,2014,Metro,34.4,10.8,-5.211431327368613,-6.0383387733440514,-4.384523881393175,-16.7
39053,OH,2014,"Rural, near a metro",29.2,20.3,-4.902185037885804,-5.335839898187989,-4.4685301775836175,-11.23333333333333
39055,OH,2014,Metro,45.2,7.4,-11.480997880174996,-13.13413434764421,-9.82786141270579,-18.233333333333334
39057,OH,2014,Metro,32.2,12.8,-5.3113839735598,-5.749413948872569,-4.873353998247024,-14.133333333333336
39059,OH,2014,"Rural, near a metro",29.5,22.6,-4.823036769741204,-5.41471837816249,-4.2313551613199145,-12.933333333333334
39061,OH,2014,Metro,32.3,18.7,-5.142174069369128,-6.117216110548511,-4.1671320281897435,-14.433333333333334
39063,OH,2014,"Rural, near a metro",31.3,12.6,-4.913200051216849,-5.485243541304498,-4.341156561129204,-14.366666666666667
39065,OH,2014,"Rural, near a metro",30.3,15.7,-4.973797695219647,-5.3315571952416105,-4.6160381951976825,-12.600000000000001
39067,OH,2014,"Rural, near a metro",31.4,16.5,-4.690561897786901,-5.201206857368899,-4.179916938204903,-13.666666666666664
39069,OH,2014,"Rural, near a metro",32.3,11.2,-4.720409694859713,-5.083545205400136,-4.35727418431929,-15.099999999999998
39071,OH,2014,"Rural, near a metro",29.9,21.2,-4.9614817165858485,-5.544063911809636,-4.378899521362062,-12.433333333333334
39073,OH,2014,Metro,30.3,16.2,-4.790274751635374,-5.195147023827578,-4.385402479443171,-14.133333333333333
39075,OH,2014,Remote rural,43.6,12.4,-9.503596618438738,-12.090860560663163,-6.916332676214315,-7.766666666666666
39077,OH,2014,"Rural, near a metro",34.3,14.6,-5.998189773921138,-6.491967403501458,-5.504412144340819,-14.566666666666663
39079,OH,2014,Remote rural,27.4,21.4,-4.414755362529026,-4.857966477162212,-3.971544247895838,-9.999999999999996
39081,OH,2014,Metro,29.7,18.4,-5.091313025118425,-5.666588216038557,-4.516037834198293,-14.799999999999999
39083,OH,2014,"Rural, near a metro",33.3,14.5,-5.580876800107559,-6.320861224078005,-4.8408923761371145,-15.399999999999999
39085,OH,2014,Metro,35.2,9.4,-5.696637914714672,-6.107562719095341,-5.285713110334003,-14.733333333333334
39087,OH,2014,Metro,28.5,20.6,-4.850728905059559,-5.224729697953804,-4.476728112165312,-11.866666666666664
39089,OH,2014,Metro,32.1,11.2,-5.341030875148334,-6.049036530353146,-4.633025219943524,-14.833333333333336
39091,OH,2014,"Rural, near a metro",33.5,13.2,-5.5543922134944905,-6.161813134597341,-4.946971292391642,-15.866666666666664
39093,OH,2014,Metro,31.9,14.6,-4.593482383660102,-5.338979772586562,-3.84798499473364,-14.833333333333332
39095,OH,2014,Metro,30.3,21.6,-4.785735663253223,-5.876563762843192,-3.6949075636632593,-14.200000000000003
39097,OH,2014,Metro,32.0,12.2,-5.993818592808086,-6.846722385897523,-5.14091479971865,-13.666666666666668
39099,OH,2014,Metro,27.9,18.0,-4.850420882221252,-5.577364359986372,-4.123477404456129,-11.7
39101,OH,2014,"Rural, near a metro",30.4,16.3,-5.479286450366675,-5.9859402566452875,-4.97263264408806,-14.799999999999999
39103,OH,2014,Metro,36.0,6.6,-5.716712409893779,-6.684122160296703,-4.749302659490854,-16.933333333333334
39105,OH,2014,"Rural, near a metro",29.9,20.6,-4.754152114200765,-5.247486522258891,-4.260817706142632,-12.2
39107,OH,2014,Remote rural,33.3,9.4,-4.746417403931399,-5.184402524433598,-4.308432283429204,-15.5
39109,OH,2014,Metro,31.4,10.1,-5.161411024713796,-5.799903183611972,-4.522918865815617,-13.566666666666666
39111,OH,2014,"Rural, near a metro",34.3,16.7,-4.945094864789102,-6.046694086363788,-3.843495643214414,-15.566666666666663
39113,OH,2014,Metro,31.1,18.8,-4.678834488786976,-5.671995283478593,-3.68567369409536,-12.533333333333335
39115,OH,2014,"Rural, near a metro",32.1,22.8,-5.3160654553605795,-5.852275857315253,-4.7798550534059006,-15.033333333333335
39117,OH,2014,Metro,33.0,13.3,-5.272360007364581,-5.723225760834556,-4.82149425389461,-14.766666666666666
39119,OH,2014,"Rural, near a metro",28.3,20.6,-5.001113306699382,-5.247476282618769,-4.754750330779992,-12.833333333333332
39121,OH,2014,Remote rural,33.1,17.3,-5.461972607557791,-5.873596037544301,-5.050349177571276,-14.600000000000001
39123,OH,2014,"Rural, near a metro",36.2,10.4,-5.931198730363638,-6.582715386385378,-5.279682074341896,-18.200000000000003
39125,OH,2014,"Rural, near a metro",33.3,12.3,-5.277590306363471,-5.81029434797709,-4.744886264749853,-14.999999999999996
39127,OH,2014,Metro,31.7,17.8,-4.950407035557636,-5.545667217384767,-4.355146853730509,-14.533333333333331
39129,OH,2014,Metro,31.8,13.6,-5.362465717309479,-6.2956678865959015,-4.429263548023052,-14.899999999999999
39131,OH,2014,Remote rural,26.9,24.3,-4.334120751562053,-4.667961331104941,-4.000280172019165,-9.399999999999999
39133,OH,2014,Metro,29.4,16.9,-4.78046724865648,-5.379138684957626,-4.181795812355331,-11.23333333333333
39135,OH,2014,"Rural, near a metro",31.9,13.1,-4.6842615360790205,-5.176865750423869,-4.191657321734168,-14.299999999999997
39137,OH,2014,"Rural, near a metro",33.3,7.2,-4.025883931573862,-4.716423890980411,-3.335343972167313,-14.899999999999999
39139,OH,2014,Metro,30.6,17.6,-5.298429851615131,-5.690396099327878,-4.906463603902375,-13.433333333333334
39141,OH,2014,"Rural, near a metro",28.2,19.4,-5.0878599868369765,-5.441972004242547,-4.733747969431403,-12.533333333333333
39143,OH,2014,"Rural, near a metro",32.9,12.9,-5.033694823369579,-5.461685760902639,-4.605703885836513,-16.7
39145,OH,2014,"Rural, near a metro",28.4,24.5,-5.061230694747746,-5.457015005737274,-4.665446383758214,-13.299999999999999
39147,OH,2014,"Rural, near a metro",31.1,13.9,-5.189480969989891,-5.934036076157813,-4.444925863821966,-14.900000000000002
39149,OH,2014,"Rural, near a metro",30.3,10.0,-4.882633066979492,-5.401173625282379,-4.36409250867661,-15.066666666666666
39151,OH,2014,Metro,29.1,15.4,-4.938540060812607,-5.735008158301149,-4.142071963324069,-13.533333333333337
39153,OH,2014,Metro,31.0,14.8,-4.890328052784235,-6.109381557636292,-3.6712745479321818,-12.900000000000002
39155,OH,2014,Metro,33.2,18.7,-5.917195312842908,-6.488566497738292,-5.345824127947524,-15.566666666666666
39157,OH,2014,"Rural, near a metro",32.9,14.3,-5.745518952571444,-6.786228111748116,-4.704809793394771,-13.499999999999996
39159,OH,2014,Metro,35.0,7.8,-5.097293514128671,-5.932631410534966,-4.261955617722377,-16.8
39161,OH,2014,"Rural, near a metro",33.2,13.3,-5.066700250691748,-5.591896182356194,-4.541504319027304,-15.8
39163,OH,2014,"Rural, near a metro",27.7,22.2,-4.3258474153186866,-4.689212916440563,-3.96248191419681,-10.633333333333333
39165,OH,2014,Metro,38.6,7.3,-7.149388905683043,-8.515291718188827,-5.783486093177259,-17.500000000000004
39167,OH,2014,"Rural, near a metro",32.9,16.3,-5.147357813490178,-5.67881836223338,-4.615897264746976,-14.966666666666665
39169,OH,2014,"Rural, near a metro",34.3,13.1,-6.506606511431654,-7.51797844350294,-5.4952345793603685,-12.533333333333328
39171,OH,2014,"Rural, near a metro",29.1,12.1,-4.7467246566176025,-5.099208664076808,-4.3942406491584,-12.233333333333338
39173,OH,2014,Metro,29.3,13.0,-4.396022047053352,-4.8775746153269885,-3.914469478779715,-13.9
39175,OH,2014,Remote rural,31.7,11.2,-4.695801809225068,-5.304878983553645,-4.0867246348964885,-14.533333333333331
41001,OR,2014,Remote rural,32.0,14.5,-6.694752282346566,-7.482893836887293,-5.906610727805834,-15.633333333333333
41003,OR,2014,Metro,26.0,20.8,-6.486522720142208,-7.726307215503099,-5.246738224781314,-9.76666666666667
41005,OR,2014,Metro,39.3,9.7,-7.333714125764756,-9.12377405046629,-5.543654201063219,-19.699999999999996
41007,OR,2014,"Rural, near a metro",37.3,16.7,-9.201304211705335,-11.193646911103176,-7.208961512307493,-19.299999999999997
41009,OR,2014,Metro,35.1,11.8,-6.3412279682709025,-7.077154680265194,-5.605301256276611,-17.666666666666668
41011,OR,2014,Remote rural,32.8,19.6,-7.251871565555486,-8.127879139151405,-6.375863991959565,-16.666666666666664
41013,OR,2014,"Rural, near a metro",34.3,17.4,-8.302991723385714,-9.598213322715019,-7.007770124056418,-17.166666666666664
41015,OR,2014,Remote rural,32.9,18.7,-7.763469193514015,-9.055536076997601,-6.471402310030424,-16.633333333333333
41017,OR,2014,Metro,41.5,15.2,-9.05731307927411,-10.291692140179064,-7.822934018369145,-22.166666666666668
41019,OR,2014,"Rural, near a metro",32.5,19.5,-6.94656771916559,-7.688131929280714,-6.205003509050463,-17.0
41021,OR,2014,Remote rural,37.6,11.9,-7.48106219618992,-7.998314783804204,-6.963809608575634,-22.133333333333333
41023,OR,2014,Remote rural,36.2,18.0,-9.37408441316086,-10.690207795603511,-8.057961030718205,-20.166666666666668
41025,OR,2014,Remote rural,36.7,18.1,-9.64298029881478,-11.074258422875351,-8.211702174754215,-19.400000000000002
41027,OR,2014,"Rural, near a metro",49.1,14.8,-9.706719580100728,-11.1927152819453,-8.220723878256148,-22.166666666666668
41029,OR,2014,Metro,39.5,18.7,-8.603216756051642,-10.15600186147594,-7.050431650627342,-21.666666666666668
41031,OR,2014,"Rural, near a metro",41.6,21.8,-9.894449780266989,-12.125074328849019,-7.663825231684959,-18.333333333333336
41033,OR,2014,Metro,31.1,19.4,-6.464461061725419,-7.258732710298892,-5.670189413151942,-15.366666666666667
41035,OR,2014,Remote rural,37.8,18.2,-10.079938055595825,-11.652294421362068,-8.507581689829586,-18.899999999999995
41037,OR,2014,Remote rural,39.4,20.9,-10.659758763015672,-11.684494549454689,-9.635022976576652,-19.766666666666662
41039,OR,2014,Metro,35.0,21.1,-6.609098233858388,-7.382131018530012,-5.836065449186765,-17.96666666666667
41041,OR,2014,Remote rural,37.8,20.1,-10.429438455979035,-11.467534909693097,-9.391342002264976,-18.033333333333328
41043,OR,2014,Metro,33.3,19.0,-6.496732880931262,-7.644698701309659,-5.3487670605528645,-17.099999999999998
41045,OR,2014,"Rural, near a metro",41.6,29.4,-11.25543367184956,-13.555712476814865,-8.955154866884255,-19.1
41047,OR,2014,Metro,39.4,18.8,-7.479704800970044,-8.809458705796763,-6.14995089614332,-17.833333333333336
41049,OR,2014,"Rural, near a metro",46.4,16.8,-10.69345397113592,-11.555116327007738,-9.831791615264112,-19.033333333333335
41051,OR,2014,Metro,37.6,18.2,-6.171221270555446,-7.600112450241428,-4.742330090869463,-18.96666666666667
41053,OR,2014,Metro,37.5,18.3,-9.035081601394406,-10.323159450385857,-7.747003752402948,-19.3
41055,OR,2014,Remote rural,41.8,17.1,-10.799405334718793,-11.809641291047058,-9.789169378390529,-23.299999999999997
41057,OR,2014,"Rural, near a metro",42.8,16.6,-10.547907476295979,-11.632798513223559,-9.46301643936841,-23.066666666666663
41059,OR,2014,"Rural, near a metro",40.9,17.1,-10.42746751443099,-11.704898225121052,-9.150036803740928,-17.599999999999998
41061,OR,2014,Remote rural,35.1,19.4,-8.215500276025914,-9.12350477917337,-7.307495772878447,-19.033333333333335
41063,OR,2014,Remote rural,35.5,15.1,-8.36579372880977,-9.34601028897158,-7.385577168647959,-20.46666666666667
41065,OR,2014,"Rural, near a metro",41.5,17.2,-10.346304887062907,-12.204350646079781,-8.488259128046032,-18.266666666666666
41067,OR,2014,Metro,43.9,10.9,-8.318710262627416,-9.59379457267533,-7.043625952579502,-20.866666666666664
41069,OR,2014,Remote rural,36.4,22.6,-9.362551777713412,-10.648373785164338,-8.076729770262489,-21.733333333333334
41071,OR,2014,Metro,40.6,14.3,-10.478147506708606,-11.56789792856452,-9.388397084852688,-20.033333333333335
44001,RI,2014,Metro,39.5,8.2,-9.587968424595593,-11.113441471505023,-8.062495377686162,-23.3
44003,RI,2014,Metro,32.0,8.1,-4.874772345590756,-5.833356965968126,-3.9161877252133883,-18.866666666666667
44005,RI,2014,Metro,34.5,10.1,-5.85119562313241,-7.315384192582081,-4.38700705368274,-19.93333333333333
44007,RI,2014,Metro,34.9,18.6,-5.506816224734269,-6.397189332538132,-4.61644311693041,-17.299999999999997
44009,RI,2014,Metro,29.8,9.6,-5.053283051948006,-5.782984315668858,-4.323581788227153,-15.700000000000001
53001,WA,2014,"Rural, near a metro",52.3,17.6,-9.162871247191923,-11.748204197844398,-6.5775382965394265,-19.733333333333334
53003,WA,2014,Metro,29.4,16.8,-5.693679579823735,-6.241266341496247,-5.1460928181512235,-14.699999999999998
53005,WA,2014,Metro,43.5,13.2,-9.358725072065731,-10.342568841585354,-8.3748813025461,-21.399999999999995
53007,WA,2014,Metro,46.1,16.0,-9.85750986044804,-11.443601647444146,-8.271418073451931,-23.966666666666665
53009,WA,2014,Remote rural,35.4,17.5,-8.414595762527108,-9.19895845392466,-7.63023307112956,-17.066666666666666
53011,WA,2014,Metro,38.3,12.6,-7.3768482232417645,-9.254864532981085,-5.498831913502447,-19.599999999999998
53013,WA,2014,Metro,36.5,17.0,-8.543520739714653,-9.290288546156717,-7.796752933272585,-19.599999999999998
53015,WA,2014,Metro,36.1,15.9,-8.316909331561371,-9.168059178274355,-7.4657594848483875,-18.866666666666667
53017,WA,2014,Metro,51.6,14.4,-9.51866575167259,-11.162319738910801,-7.875011764434392,-24.033333333333335
53019,WA,2014,Remote rural,37.8,22.1,-9.46532967051136,-11.09004366835305,-7.840615672669681,-17.566666666666663
53021,WA,2014,Metro,51.2,17.1,-7.224449442727252,-10.588334543802445,-3.8605643416520574,-19.16666666666667
53023,WA,2014,"Rural, near a metro",34.1,15.1,-5.991396892407291,-6.4790801199248635,-5.503713664889726,-21.233333333333334
53025,WA,2014,Remote rural,47.7,18.4,-9.971681944301947,-11.88219268858858,-8.061171200015318,-19.233333333333334
53027,WA,2014,"Rural, near a metro",41.4,19.4,-10.058004779352173,-11.900102623807125,-8.215906934897212,-22.23333333333333
53029,WA,2014,"Rural, near a metro",34.5,10.9,-6.29168907602489,-7.447269120354955,-5.136109031694826,-17.599999999999998
53031,WA,2014,"Rural, near a metro",38.4,13.6,-9.943125279060446,-11.555456712299815,-8.330793845821074,-22.866666666666667
53033,WA,2014,Metro,39.5,12.4,-7.2475462165706634,-9.144835936160993,-5.350256496980335,-19.833333333333336
53035,WA,2014,Metro,35.1,11.4,-6.142200414379313,-7.1625749708495405,-5.1218258579090925,-19.200000000000003
53037,WA,2014,"Rural, near a metro",36.4,19.0,-8.641074718706177,-9.99298459940332,-7.289164838009035,-19.466666666666665
53039,WA,2014,"Rural, near a metro",39.3,15.9,-10.280052850484894,-11.340383265393806,-9.21972243557599,-19.066666666666663
53041,WA,2014,"Rural, near a metro",37.3,18.9,-9.729435019849697,-11.36724592364861,-8.091624116050786,-18.799999999999997
53043,WA,2014,"Rural, near a metro",34.8,14.1,-6.788366727981778,-7.298371830429607,-6.2783616255339485,-19.1
53045,WA,2014,"Rural, near a metro",43.0,18.2,-10.684729925406945,-11.692795731570122,-9.676664119243775,-20.166666666666668
53047,WA,2014,"Rural, near a metro",46.8,21.7,-9.866074168559278,-11.968143238858836,-7.764005098259746,-20.16666666666666
53049,WA,2014,Remote rural,37.7,19.0,-10.06834779060813,-10.916571154277046,-9.220124426939192,-18.333333333333332
53051,WA,2014,Metro,32.9,18.8,-6.337394203870308,-7.1728853410327,-5.501903066707914,-17.46666666666667
53053,WA,2014,Metro,34.4,14.1,-5.318819184315516,-6.111977323623543,-4.5256610450074914,-16.033333333333335
53055,WA,2014,Remote rural,45.5,10.4,-10.155230279136802,-12.385717262278167,-7.924743295995452,-24.7
53057,WA,2014,Metro,41.5,16.3,-9.8819796246319,-11.63243906377028,-8.131520185493518,-18.566666666666666
53059,WA,2014,Metro,37.9,13.0,-8.252967116965646,-9.478840518985706,-7.027093714945593,-20.7
53061,WA,2014,Metro,40.1,11.2,-8.020636760142878,-9.49692195862047,-6.544351561665296,-19.433333333333334
53063,WA,2014,Metro,35.6,17.0,-7.112223095662625,-9.362636597259108,-4.861809594066139,-21.03333333333334
53065,WA,2014,Metro,37.3,16.5,-9.672152276630342,-10.740386225935769,-8.60391832732492,-20.13333333333333
53067,WA,2014,Metro,33.7,12.5,-5.4470486467588835,-6.454800324451242,-4.439296969066525,-16.96666666666667
53069,WA,2014,"Rural, near a metro",40.2,14.9,-11.138204876895685,-13.103805881985972,-9.172603871805395,-22.333333333333336
53071,WA,2014,Metro,40.6,17.3,-9.862237311412281,-11.23229040756377,-8.492184215260774,-18.466666666666665
53073,WA,2014,Metro,37.5,16.4,-6.662032776590569,-8.277506705354307,-5.046558847826822,-18.866666666666664
53075,WA,2014,"Rural, near a metro",27.2,26.4,-5.067734635581048,-6.090849179260773,-4.044620091901321,-15.366666666666665
53077,WA,2014,Metro,52.5,21.1,-10.865255859988016,-14.20405025025022,-7.526461469725817,-22.13333333333333
54001,WV,2014,"Rural, near a metro",39.6,21.4,-11.530334700863621,-12.674538150362288,-10.38613125136495,-23.2
54003,WV,2014,Metro,41.7,13.2,-10.519141465620327,-12.2898482656292,-8.748434665611455,-23.233333333333338
54005,WV,2014,Metro,36.0,22.5,-9.000306565079038,-10.34709229995924,-7.653520830198834,-20.233333333333334
54007,WV,2014,"Rural, near a metro",38.8,22.3,-10.810586643264061,-11.762892954370235,-9.858280332157888,-22.299999999999997
54009,WV,2014,Metro,37.3,14.7,-8.573253922808787,-9.784259348077278,-7.362248497540301,-22.499999999999993
54011,WV,2014,Metro,37.1,23.4,-10.939859516074016,-12.430595278687436,-9.449123753460595,-22.666666666666664
54013,WV,2014,"Rural, near a metro",39.8,21.0,-11.274096002867024,-12.223617322551359,-10.324574683182686,-22.73333333333333
54015,WV,2014,Metro,37.2,23.6,-10.390390312906158,-12.032330689284128,-8.748449936528187,-20.400000000000002
54017,WV,2014,Remote rural,40.1,18.1,-12.1060361181327,-12.992663956776626,-11.219408279488773,-23.333333333333336
54019,WV,2014,Metro,39.6,22.6,-12.125055872614542,-13.890386218779227,-10.35972552644986,-23.000000000000004
54021,WV,2014,Remote rural,39.7,31.1,-10.704230679257044,-12.147731566545362,-9.260729791968727,-22.300000000000004
54023,WV,2014,Remote rural,42.5,16.7,-12.488097693301107,-13.594263852670398,-11.381931533931809,-26.033333333333335
54025,WV,2014,"Rural, near a metro",40.8,17.7,-11.626437257713091,-12.774273821576335,-10.47860069384985,-24.73333333333333
54027,WV,2014,Metro,45.2,16.9,-11.8217138959436,-13.755252365440697,-9.888175426446502,-27.333333333333336
54029,WV,2014,Metro,38.6,14.6,-10.863849272736221,-12.223673672692268,-9.504024872780171,-23.0
54031,WV,2014,"Rural, near a metro",42.1,18.0,-12.597257548807198,-14.099595070880952,-11.094920026733426,-23.2
54033,WV,2014,Remote rural,39.2,16.1,-11.193468833083989,-12.085185199233898,-10.301752466934076,-22.966666666666672
54035,WV,2014,"Rural, near a metro",39.2,18.1,-11.099208986242084,-12.022770297906971,-10.175647674577197,-22.76666666666667
54037,WV,2014,Metro,46.2,11.3,-10.978449161444017,-12.757290739536444,-9.199607583351597,-25.900000000000002
54039,WV,2014,Metro,36.5,15.3,-7.9669152813874025,-9.164935764072776,-6.768894798702031,-21.53333333333333
54041,WV,2014,Remote rural,37.4,17.4,-9.618132573943509,-10.471338549350612,-8.764926598536405,-21.366666666666664
54043,WV,2014,Metro,37.5,23.7,-10.763049929937345,-12.43503963910291,-9.091060220771784,-20.933333333333334
54045,WV,2014,"Rural, near a metro",35.4,22.2,-8.54694864053629,-9.763182164109574,-7.330715116963009,-19.5
54047,WV,2014,Remote rural,36.7,36.5,-9.62879332871218,-11.282839634766857,-7.9747470226575015,-18.833333333333336
54049,WV,2014,"Rural, near a metro",38.6,15.3,-10.991961249198978,-12.05370440691037,-9.930218091487585,-22.700000000000003
54051,WV,2014,Metro,40.8,16.9,-12.468336837030732,-13.762710453845143,-11.173963220216326,-25.9
54053,WV,2014,"Rural, near a metro",32.9,22.3,-5.96594793494034,-6.75596483324415,-5.175931036636529,-18.03333333333333
54055,WV,2014,"Rural, near a metro",36.8,26.7,-10.190622671268244,-11.544114645375485,-8.837130697161006,-21.4
54057,WV,2014,Metro,39.9,16.4,-12.103866400781211,-12.989496244589674,-11.218236556972744,-24.766666666666666
54059,WV,2014,Remote rural,35.0,24.9,-8.480741652349606,-9.903750617299718,-7.057732687399494,-19.066666666666663
54061,WV,2014,Metro,34.0,19.2,-6.010135243826442,-7.692782447168282,-4.327488040484602,-19.866666666666667
54063,WV,2014,"Rural, near a metro",45.4,17.3,-11.734828103585278,-12.996416383643632,-10.473239823526926,-26.7
54065,WV,2014,"Rural, near a metro",45.3,15.4,-12.306321358687985,-13.336025064031928,-11.276617653344045,-27.299999999999997
54067,WV,2014,"Rural, near a metro",40.6,18.6,-12.497449038283895,-14.284458626949595,-10.710439449618198,-24.233333333333338
54069,WV,2014,Metro,37.8,15.3,-10.321799816322915,-11.704219213533232,-8.939380419112581,-23.766666666666666
54071,WV,2014,"Rural, near a metro",43.1,18.0,-11.4887631070958,-12.553710112163452,-10.423816102028153,-25.26666666666667
54073,WV,2014,"Rural, near a metro",39.6,15.0,-10.737069715511733,-13.284397661786782,-8.189741769236687,-24.233333333333334
54075,WV,2014,Remote rural,43.5,19.2,-12.410105781915059,-13.613380577871995,-11.20683098595813,-25.733333333333334
54077,WV,2014,Metro,42.7,17.0,-12.51675375237056,-13.483114820327987,-11.550392684413133,-24.800000000000004
54079,WV,2014,Metro,42.8,11.0,-11.360385504454678,-12.01676300049622,-10.704008008413126,-25.66666666666666
54081,WV,2014,Metro,38.2,20.2,-12.051866837435753,-13.660783131111167,-10.442950543760341,-21.36666666666667
54083,WV,2014,Remote rural,39.1,18.5,-11.352634595044933,-12.171376983131251,-10.53389220695862,-23.06666666666667
54085,WV,2014,"Rural, near a metro",43.0,19.1,-12.531733157546602,-13.957847081030458,-11.105619234062747,-23.966666666666665
54087,WV,2014,"Rural, near a metro",37.0,23.1,-10.047036196602788,-11.726260480681047,-8.367811912524534,-19.46666666666667
54089,WV,2014,"Rural, near a metro",36.4,22.6,-9.640931251716072,-11.085395693268229,-8.196466810163923,-21.266666666666666
54091,WV,2014,"Rural, near a metro",40.7,17.2,-12.637712500296196,-14.154603216124368,-11.120821784468038,-24.533333333333335
54093,WV,2014,"Rural, near a metro",43.0,16.3,-11.61618028656205,-12.492171065198315,-10.740189507925786,-26.666666666666668
54095,WV,2014,Remote rural,44.6,17.9,-12.788896293269685,-13.691182280376823,-11.886610306162543,-27.26666666666667
54097,WV,2014,Remote rural,39.0,20.6,-11.482246993216524,-13.053352609253455,-9.911141377179582,-21.933333333333334
54099,WV,2014,Metro,38.5,20.0,-11.127150033455715,-12.304912340258957,-9.949387726652475,-22.066666666666666
54101,WV,2014,Remote rural,33.9,27.1,-6.837504475792149,-7.762130808327935,-5.912878143256373,-17.633333333333333
54103,WV,2014,"Rural, near a metro",40.3,19.7,-12.304441731654624,-13.888088518900942,-10.720794944408306,-23.666666666666664
54105,WV,2014,Metro,41.1,21.3,-12.807925976167725,-14.100910798896411,-11.51494115343904,-25.16666666666667
54107,WV,2014,Metro,36.4,17.9,-8.823040122639117,-10.468449668635756,-7.177630576642478,-20.799999999999997
54109,WV,2014,"Rural, near a metro",37.3,24.3,-10.67045183874556,-12.279792659300858,-9.061111018190262,-20.266666666666662
18001,IN,2015,"Rural, near a metro",34.9,15.5,-6.6497782028541605,-7.373325348818315,-5.926231056890004,-10.7
18003,IN,2015,Metro,36.1,17.0,-6.317364481872665,-7.44657554158543,-5.188153422159901,-12.933333333333334
18005,IN,2015,Metro,39.6,11.6,-8.369482833867213,-10.183867703949954,-6.5550979637844735,-11.933333333333334
18007,IN,2015,Metro,34.7,11.9,-5.988685007699881,-6.57491674673714,-5.402453268662625,-11.3
18009,IN,2015,"Rural, near a metro",30.0,15.4,-4.802823406365599,-5.127101340298467,-4.478545472432736,-10.933333333333334
18011,IN,2015,Metro,36.0,7.3,-6.261841947345896,-6.829719201472379,-5.693964693219414,-12.133333333333336
18013,IN,2015,Metro,37.8,13.4,-8.221645982519112,-9.27586576253707,-7.167426202501151,-13.333333333333332
18015,IN,2015,Metro,39.0,10.9,-8.575989721613288,-9.542884402817934,-7.609095040408643,-14.133333333333336
18017,IN,2015,"Rural, near a metro",40.9,13.8,-10.117513614472944,-11.156382785509512,-9.07864444343638,-12.000000000000004
18019,IN,2015,Metro,34.3,11.7,-5.984817386225142,-6.525139504173341,-5.444495268276949,-12.299999999999997
18021,IN,2015,Metro,32.1,15.0,-5.195894288265163,-5.647983096495838,-4.743805480034487,-12.7
18023,IN,2015,"Rural, near a metro",37.1,14.4,-7.3992532210160435,-8.65034561057892,-6.148160831453167,-10.166666666666668
18025,IN,2015,"Rural, near a metro",32.6,19.3,-4.989914603747693,-5.273804503276046,-4.706024704219355,-10.7
18027,IN,2015,Remote rural,39.5,13.9,-9.530516442809201,-10.205314526323948,-8.855718359294452,-7.599999999999998
18029,IN,2015,Metro,33.6,10.8,-5.2674669514854,-5.881010795785958,-4.65392310718484,-12.633333333333333
18031,IN,2015,"Rural, near a metro",29.8,12.9,-5.278410330079662,-5.837259351143297,-4.719561309016029,-10.399999999999999
18033,IN,2015,"Rural, near a metro",34.2,12.9,-5.753208736965378,-6.289469930949748,-5.216947542981011,-13.500000000000004
18035,IN,2015,Metro,27.8,23.0,-5.216227706217742,-5.64704235150114,-4.785413060934346,-9.866666666666667
18037,IN,2015,Remote rural,36.9,8.9,-5.91194043199715,-6.84861201766868,-4.975268846325621,-10.966666666666665
18039,IN,2015,Metro,43.4,15.5,-8.066297183417838,-9.104022147791296,-7.02857221904437,-11.133333333333326
18041,IN,2015,"Rural, near a metro",29.6,17.3,-4.872148914779093,-5.442788709156499,-4.301509120401688,-10.36666666666667
18043,IN,2015,Metro,33.4,13.1,-5.755892150013123,-6.4468801695767315,-5.064904130449515,-14.033333333333331
18045,IN,2015,"Rural, near a metro",32.1,13.8,-5.031659854429111,-5.468884753252196,-4.594434955606026,-11.233333333333334
18047,IN,2015,"Rural, near a metro",35.2,11.4,-6.15643389820142,-6.9223080829575085,-5.390559713445329,-12.86666666666667
18049,IN,2015,Remote rural,36.3,16.3,-7.569780299994719,-8.65652923523796,-6.483031364751481,-10.7
18051,IN,2015,"Rural, near a metro",30.8,12.0,-4.7342297668375375,-5.09339038351801,-4.375069150157065,-11.8
18053,IN,2015,"Rural, near a metro",29.1,21.7,-4.992144993085664,-5.529510694587144,-4.454779291584182,-9.700000000000003
18055,IN,2015,"Rural, near a metro",31.8,13.7,-5.1204755306958525,-5.541089967241972,-4.6998610941497345,-10.466666666666669
18057,IN,2015,Metro,37.8,5.5,-6.6710679306472604,-7.499322760001573,-5.84281310129295,-9.933333333333334
18059,IN,2015,Metro,32.3,6.5,-5.239251759184736,-5.9428041691671485,-4.535699349202324,-12.166666666666664
18061,IN,2015,Metro,33.6,13.0,-5.549012096177386,-6.006932158646091,-5.091092033708682,-11.966666666666665
18063,IN,2015,Metro,36.1,6.4,-6.037017277913927,-7.02352525134717,-5.050509304480681,-11.833333333333336
18065,IN,2015,"Rural, near a metro",29.5,17.2,-4.975547602764779,-5.557189065014817,-4.393906140514743,-10.899999999999999
18067,IN,2015,Metro,30.7,15.8,-5.317492332331322,-5.925212235816466,-4.70977242884618,-11.466666666666665
18069,IN,2015,"Rural, near a metro",29.6,13.0,-4.696704044454612,-5.253305753612168,-4.140102335297063,-8.733333333333338
18071,IN,2015,"Rural, near a metro",40.0,12.9,-9.500059472534376,-10.594336097383065,-8.405782847685693,-15.3
18073,IN,2015,Metro,35.6,10.7,-6.024922114002113,-6.553068822297178,-5.496775405707048,-12.666666666666668
18075,IN,2015,"Rural, near a metro",32.2,16.0,-5.207954170307961,-5.517416711803118,-4.8984916288128035,-11.666666666666668
18077,IN,2015,"Rural, near a metro",31.8,15.3,-5.47379666691678,-5.8888636522752495,-5.058729681558313,-11.600000000000001
18079,IN,2015,"Rural, near a metro",30.8,16.9,-5.446214927429386,-5.900552004181684,-4.991877850677083,-11.066666666666666
18081,IN,2015,Metro,32.8,11.8,-5.191016410007315,-5.722766023911128,-4.659266796103501,-9.299999999999997
18083,IN,2015,Remote rural,29.1,15.9,-5.0459356678054625,-5.53565849408131,-4.556212841529605,-10.26666666666667
18085,IN,2015,"Rural, near a metro",39.1,12.7,-8.363413826891659,-10.053648992735496,-6.673178661047825,-11.26666666666667
18087,IN,2015,"Rural, near a metro",49.5,12.7,-9.358095392953658,-11.586228902233634,-7.129961883673692,-8.300000000000004
18089,IN,2015,Metro,35.7,17.8,-5.50376212308484,-7.084029412783228,-3.9234948333864574,-13.166666666666671
18091,IN,2015,Metro,32.6,17.0,-5.498955611628042,-6.144290791659213,-4.853620431596866,-11.033333333333335
18093,IN,2015,"Rural, near a metro",31.7,12.9,-5.085549366625387,-5.47415457673394,-4.69694415651683,-11.133333333333333
18095,IN,2015,Metro,30.5,19.6,-4.93024447523453,-5.31720576039953,-4.543283190069531,-10.966666666666669
18097,IN,2015,Metro,34.5,21.3,-4.486820859524082,-5.362394332557653,-3.6112473864905112,-9.433333333333334
18099,IN,2015,"Rural, near a metro",42.1,13.8,-10.544952227528725,-12.189527265834984,-8.900377189222468,-12.633333333333333
18101,IN,2015,Remote rural,33.9,14.9,-5.411220760799119,-5.814251346954003,-5.008190174644235,-11.833333333333336
18103,IN,2015,"Rural, near a metro",31.9,17.7,-5.789558526734162,-6.4869618837497,-5.092155169718621,-11.166666666666664
18105,IN,2015,Metro,26.0,24.0,-4.865213206984267,-5.447915666210221,-4.282510747758314,-7.533333333333331
18107,IN,2015,"Rural, near a metro",35.2,12.5,-5.983931057727067,-6.48104417897315,-5.486817936480984,-9.533333333333335
18109,IN,2015,Metro,34.0,12.7,-5.956404968638972,-6.768163532350004,-5.144646404927937,-13.366666666666664
18111,IN,2015,Metro,34.8,11.4,-5.627119753731078,-5.955081399587094,-5.299158107875062,-8.366666666666664
18113,IN,2015,"Rural, near a metro",40.5,13.6,-10.356812154866093,-11.062346973950229,-9.651277335781954,-14.933333333333337
18115,IN,2015,Metro,32.6,10.5,-4.64719582557847,-5.165829265701878,-4.128562385455067,-13.300000000000004
18117,IN,2015,"Rural, near a metro",30.2,16.8,-4.902062723813753,-5.32433457840914,-4.479790869218366,-10.066666666666666
18119,IN,2015,Metro,32.4,15.0,-5.255594845131917,-5.58696858782504,-4.924221102438797,-9.93333333333333
18121,IN,2015,"Rural, near a metro",37.0,17.2,-9.380690437795582,-10.341730902921109,-8.419649972670049,-13.5
18123,IN,2015,"Rural, near a metro",31.9,14.2,-5.15646670014423,-5.409597299433038,-4.903336100855421,-12.566666666666666
18125,IN,2015,"Rural, near a metro",31.3,12.3,-4.532986626633907,-5.007673366480338,-4.058299886787475,-10.233333333333334
18127,IN,2015,Metro,33.8,11.7,-5.198815089451878,-6.007080728149334,-4.390549450754421,-11.2
18129,IN,2015,Metro,30.3,9.6,-2.9564506349107704,-3.3921516845374566,-2.520749585284084,-9.466666666666669
18131,IN,2015,"Rural, near a metro",33.1,14.3,-5.436034325349253,-5.695517950937953,-5.176550699760552,-11.400000000000002
18133,IN,2015,Metro,33.2,13.2,-5.647721986536294,-6.472741144089275,-4.822702828983314,-13.166666666666668
18135,IN,2015,"Rural, near a metro",33.0,18.1,-5.75181905995907,-6.331395444474696,-5.172242675443445,-12.533333333333335
18137,IN,2015,"Rural, near a metro",30.2,10.2,-4.54369524916078,-5.165076714482245,-3.922313783839316,-9.166666666666668
18139,IN,2015,"Rural, near a metro",32.6,12.8,-5.282954186863793,-5.8159335107856265,-4.74997486294196,-9.866666666666667
18141,IN,2015,Metro,34.6,20.1,-5.38066905779571,-6.157772291088679,-4.603565824502743,-10.3
18143,IN,2015,Metro,29.0,17.0,-4.848061184788318,-5.283360634359002,-4.412761735217633,-9.86666666666667
18145,IN,2015,Metro,31.3,12.6,-5.264838521446803,-5.744101044891786,-4.785575998001815,-9.133333333333333
18147,IN,2015,"Rural, near a metro",33.6,10.5,-5.096864034808634,-5.72312973390276,-4.4705983357145085,-11.2
18149,IN,2015,"Rural, near a metro",31.5,19.4,-5.044692455925538,-5.532293206798885,-4.557091705052191,-10.433333333333334
18151,IN,2015,Remote rural,33.1,12.3,-5.3696438205459875,-5.920186166688731,-4.819101474403245,-10.666666666666668
18153,IN,2015,Metro,32.0,18.3,-5.168968195027701,-5.510045528152579,-4.827890861902823,-11.033333333333335
18155,IN,2015,"Rural, near a metro",31.5,19.9,-4.97150478250458,-5.32800857895046,-4.615000986058696,-8.900000000000002
18157,IN,2015,Metro,28.4,19.6,-4.0801765195805775,-5.423711845401444,-2.736641193759711,-6.399999999999999
18159,IN,2015,"Rural, near a metro",32.6,10.3,-5.545838373666879,-6.325880699456385,-4.765796047877372,-10.633333333333333
18161,IN,2015,Metro,30.3,13.1,-4.524953316868846,-5.066532342141286,-3.9833742915964083,-10.366666666666667
18163,IN,2015,Metro,28.2,18.7,-4.846633853273492,-5.753840304249766,-3.939427402297217,-9.233333333333334
18165,IN,2015,Metro,30.8,13.9,-4.713339183558251,-5.180353327217768,-4.246325039898735,-11.966666666666669
18167,IN,2015,Metro,30.6,23.9,-5.768896440637397,-6.601225403249311,-4.936567478025481,-11.933333333333334
18169,IN,2015,"Rural, near a metro",29.8,14.2,-4.714820315633728,-5.239950767530019,-4.189689863737436,-9.600000000000001
18171,IN,2015,"Rural, near a metro",34.5,9.9,-5.2826302165014765,-6.1009656038143145,-4.464294829188642,-13.433333333333334
18173,IN,2015,Metro,34.0,7.9,-5.118400621421241,-5.742602395563674,-4.4941988472788115,-11.400000000000002
18175,IN,2015,Metro,32.5,15.5,-5.813537350007598,-6.449886179693758,-5.177188520321444,-10.866666666666664
18177,IN,2015,Remote rural,30.9,23.0,-5.259156150304579,-6.101209148029164,-4.417103152579997,-9.099999999999998
18179,IN,2015,Metro,32.0,11.8,-4.892863134937835,-5.343240909805607,-4.4424853600700605,-11.76666666666667
18181,IN,2015,"Rural, near a metro",36.0,12.4,-6.236314132803428,-6.897466603662283,-5.575161661944565,-10.36666666666667
18183,IN,2015,Metro,32.7,8.9,-4.893635275920156,-5.418668861502126,-4.368601690338186,-10.36666666666667
33001,NH,2015,"Rural, near a metro",30.5,9.3,-5.641555328345577,-6.5201912009172505,-4.762919455773903,-13.666666666666668
33003,NH,2015,"Rural, near a metro",33.1,10.4,-6.442915105938874,-7.39571968935831,-5.490110522519439,-14.066666666666666
33005,NH,2015,"Rural, near a metro",27.1,11.4,-4.892020005260264,-5.575764400781897,-4.208275609738631,-11.000000000000004
33007,NH,2015,Remote rural,28.3,14.8,-5.518629116085936,-6.433401536293356,-4.603856695878516,-13.666666666666668
33009,NH,2015,Remote rural,30.2,11.1,-5.860393154592418,-6.583808447284182,-5.136977861900655,-11.06666666666667
33011,NH,2015,Metro,31.2,9.3,-5.203136140128213,-6.2126700610279855,-4.19360221922844,-12.399999999999999
33013,NH,2015,"Rural, near a metro",28.2,9.1,-5.331918294015791,-6.234797027721383,-4.4290395603101995,-10.966666666666665
33015,NH,2015,Metro,30.6,5.9,-5.338054540578623,-6.08749075354047,-4.588618327616775,-13.0
33017,NH,2015,Metro,28.7,9.8,-5.704322254906761,-6.854386980870526,-4.554257528942996,-11.73333333333333
33019,NH,2015,Remote rural,27.6,10.4,-4.754281812991889,-5.19559664915,-4.3129669768337795,-12.500000000000002
42001,PA,2015,Metro,28.3,9.5,-3.8753934808111894,-4.6759612629076965,-3.074825698714679,-9.200000000000003
42003,PA,2015,Metro,22.1,13.5,-1.2851485094901802,-2.7094093096192973,0.1391122906389366,-9.500000000000002
42005,PA,2015,Metro,22.7,14.7,-2.103733417399758,-2.715465709374347,-1.49200112542517,-10.266666666666667
42007,PA,2015,Metro,22.6,11.3,-1.688170840423985,-2.5749805111667845,-0.801361169681186,-10.633333333333335
42009,PA,2015,"Rural, near a metro",26.2,13.5,-3.5849787847654175,-4.303367545290765,-2.86659002424007,-11.7
42011,PA,2015,Metro,29.9,14.0,-4.5771492215097735,-5.540043589474712,-3.6142548535448418,-11.933333333333334
42013,PA,2015,Metro,21.7,16.2,-2.0237248343577385,-2.6917497415171274,-1.355699927198349,-10.166666666666668
42015,PA,2015,"Rural, near a metro",24.2,13.5,-3.7545546861987362,-4.2762706606796375,-3.2328387117178394,-9.133333333333331
42017,PA,2015,Metro,27.2,6.4,-2.9386228000088397,-3.9921413746009344,-1.885104225416744,-9.266666666666666
42019,PA,2015,Metro,22.9,9.4,-1.6534296330788532,-2.2355255383004806,-1.0713337278572257,-10.266666666666666
42021,PA,2015,Metro,20.5,16.2,-1.8391579781324117,-2.6019041144375663,-1.076411841827257,-8.766666666666666
42023,PA,2015,Remote rural,23.5,14.6,-2.2322188531820726,-2.6870829344168325,-1.7773547719473155,-11.433333333333332
42025,PA,2015,Metro,25.2,14.1,-3.277152849731843,-3.981215745087758,-2.573089954375929,-11.633333333333331
42027,PA,2015,Metro,18.7,18.4,-1.2599053876895838,-2.1487108782176616,-0.37109989716150427,-4.433333333333334
42029,PA,2015,Metro,34.8,7.0,-5.316600058587162,-6.103509359518286,-4.52969075765604,-11.36666666666666
42031,PA,2015,"Rural, near a metro",23.1,18.7,-3.4172351900126117,-3.8467497138092503,-2.987720666215972,-9.733333333333334
42033,PA,2015,"Rural, near a metro",23.0,16.5,-2.6593798950145673,-3.3241229111642867,-1.9946368788648479,-9.800000000000002
42035,PA,2015,"Rural, near a metro",22.9,14.2,-3.1829247494641875,-3.83276675629903,-2.5330827426293445,-8.999999999999998
42037,PA,2015,Metro,21.4,17.1,-1.8919610730228915,-2.7491025215036053,-1.0348196245421781,-8.899999999999999
42039,PA,2015,"Rural, near a metro",26.2,14.4,-4.678662876638596,-5.1065123457135595,-4.2508134075636335,-10.566666666666666
42041,PA,2015,Metro,27.1,8.6,-2.880722209629238,-3.85769252748336,-1.9037518917751157,-9.76666666666667
42043,PA,2015,Metro,26.0,13.8,-3.917731096768463,-4.683851948631455,-3.151610244905471,-10.600000000000001
42045,PA,2015,Metro,28.0,10.9,-4.833890697564082,-5.845584826038323,-3.822196569089847,-10.900000000000002
42047,PA,2015,Remote rural,22.6,9.8,-1.9144338771443374,-2.2953104531195714,-1.533557301169102,-10.333333333333336
42049,PA,2015,Metro,24.7,17.9,-4.6378910381653435,-5.440614184804051,-3.835167891526635,-11.8
42051,PA,2015,Metro,21.4,19.2,-3.484469070802967,-4.480812298026832,-2.4881258435791027,-9.299999999999999
42053,PA,2015,Remote rural,26.1,24.5,-2.9529022057868644,-4.021906224762271,-1.8838981868114555,-12.200000000000001
42055,PA,2015,Metro,31.1,11.8,-5.216304653702229,-5.793300248890244,-4.6393090585142165,-11.666666666666668
42057,PA,2015,"Rural, near a metro",23.7,12.5,-2.3519602969074067,-2.9153218374566046,-1.7885987563582089,-8.366666666666665
42059,PA,2015,"Rural, near a metro",21.2,16.3,-1.8745899947475628,-2.483645675210356,-1.26553431428477,-8.7
42061,PA,2015,"Rural, near a metro",24.2,14.8,-2.635773805055549,-3.2156880663667775,-2.05585954374432,-11.7
42063,PA,2015,"Rural, near a metro",24.3,14.7,-3.4584358254960472,-3.9344872047088817,-2.98238444628321,-10.433333333333334
42065,PA,2015,Remote rural,21.9,15.5,-2.0879773089182683,-2.4808153530689303,-1.6951392647676073,-7.1
42067,PA,2015,"Rural, near a metro",28.9,11.8,-4.3850568124597515,-4.899357620397469,-3.8707560045220344,-11.033333333333328
42069,PA,2015,Metro,23.1,14.8,-2.9037703823288554,-3.4028381381732267,-2.4047026264844886,-9.266666666666667
42071,PA,2015,Metro,30.3,10.5,-4.446565188741974,-5.486788805193745,-3.406341572290202,-9.866666666666667
42073,PA,2015,"Rural, near a metro",22.1,13.8,-1.8392076292548243,-2.410426929151371,-1.2679883293582777,-9.366666666666667
42075,PA,2015,Metro,27.6,11.2,-3.8369435474174924,-4.445605871114973,-3.2282812237200122,-9.633333333333336
42077,PA,2015,Metro,30.4,14.2,-4.771779323233605,-5.619849489488156,-3.923709156979054,-11.999999999999996
42079,PA,2015,Metro,25.4,16.1,-3.983301376528275,-4.564326476152437,-3.4022762769041135,-10.666666666666664
42081,PA,2015,Metro,25.2,14.0,-4.790043011593302,-5.315187131665057,-4.264898891521549,-12.6
42083,PA,2015,Remote rural,23.0,19.0,-2.7503501402171553,-3.4296188865064536,-2.071081393927857,-10.9
42085,PA,2015,Metro,22.5,14.1,-2.1295570690643446,-2.906422832858762,-1.3526913052699245,-8.866666666666667
42087,PA,2015,"Rural, near a metro",26.5,14.5,-4.230132136562219,-4.579902706513792,-3.8803615666106417,-9.733333333333334
42089,PA,2015,Metro,29.9,12.0,-4.611413724563041,-5.193770788436159,-4.029056660689926,-11.599999999999998
42091,PA,2015,Metro,27.4,6.8,-2.4603690213033502,-3.413989966265114,-1.5067480763415855,-9.533333333333331
42093,PA,2015,Metro,25.4,10.3,-2.1032015949037475,-2.7096276588453994,-1.4967755309620956,-11.466666666666667
42095,PA,2015,Metro,28.2,10.1,-4.281439047156096,-5.001390664187648,-3.561487430124542,-11.0
42097,PA,2015,"Rural, near a metro",25.9,14.7,-4.937301964878183,-5.4974327766568365,-4.377171153099532,-13.199999999999998
42099,PA,2015,Metro,28.5,10.2,-4.5373845764704335,-4.839094557951402,-4.235674594989465,-11.066666666666666
42101,PA,2015,Metro,25.9,26.0,-3.52218913089579,-4.670650983990292,-2.3737272778012892,-9.566666666666666
42103,PA,2015,Metro,31.2,10.4,-4.8029490463422855,-5.3724738299921695,-4.233424262692403,-11.2
42105,PA,2015,Remote rural,22.2,15.4,-2.3239617434456132,-2.858424262579716,-1.7894992243115124,-8.266666666666667
42107,PA,2015,"Rural, near a metro",24.2,13.6,-3.4941803045442805,-4.469371430464462,-2.5189891786240954,-10.433333333333334
42109,PA,2015,Remote rural,29.8,12.0,-5.019264891979528,-5.663716824320021,-4.374812959639028,-11.466666666666669
42111,PA,2015,"Rural, near a metro",24.3,12.7,-3.4961957082127597,-4.158892452741968,-2.8334989636835517,-9.633333333333335
42113,PA,2015,"Rural, near a metro",29.0,14.3,-4.626701657139595,-5.038260982291168,-4.215142331988022,-12.633333333333333
42115,PA,2015,"Rural, near a metro",27.2,14.4,-4.059495942810342,-4.606708950310923,-3.5122829353097575,-10.433333333333334
42117,PA,2015,"Rural, near a metro",24.9,13.2,-3.710179278222029,-4.247378383933289,-3.172980172510771,-9.33333333333333
42119,PA,2015,"Rural, near a metro",25.2,13.5,-3.970329278913527,-4.98896390892944,-2.9516946488976075,-8.533333333333331
42121,PA,2015,"Rural, near a metro",23.5,15.8,-2.9290975972410425,-3.3209129035549902,-2.5372822909270956,-10.333333333333334
42123,PA,2015,"Rural, near a metro",22.6,14.2,-2.059651647165501,-2.520253584530617,-1.599049709800385,-9.333333333333336
42125,PA,2015,Metro,24.0,10.9,-1.7699537327779684,-2.4671944396402674,-1.072713025915673,-11.166666666666666
42127,PA,2015,"Rural, near a metro",24.4,11.8,-3.2219909953192842,-3.9853779366044,-2.4586040540341703,-9.33333333333333
42129,PA,2015,Metro,22.5,10.7,-1.535406076435266,-2.388320809977001,-0.6824913428935316,-9.966666666666669
42131,PA,2015,Metro,24.5,11.3,-2.717633969865015,-3.1552201793590506,-2.280047760370976,-10.966666666666667
42133,PA,2015,Metro,23.9,10.8,-2.5592852241865307,-3.542365398336651,-1.5762050500364089,-7.599999999999998
02013,AK,2016,Remote rural,62.7,15.2,-6.433428391892485,-9.02913095003864,-3.837725833746323,-6.800000000000004
02016,AK,2016,Remote rural,44.7,8.1,-6.540117388675337,-8.883020173614401,-4.197214603736263,-4.199999999999996
02020,AK,2016,Metro,32.4,7.7,-5.724366691006922,-6.793807649571253,-4.654925732442592,-4.43333333333333
02050,AK,2016,Remote rural,37.7,25.1,-8.162795621939535,-9.201319292923163,-7.1242719509559045,-9.000000000000004
02060,AK,2016,Remote rural,37.8,9.5,-7.434615415905849,-9.106026315941536,-5.763204515870161,-7.133333333333329
02068,AK,2016,"Rural, near a metro",51.3,5.4,-7.357139554436057,-9.201076096872212,-5.513203011999906,-13.93333333333333
02070,AK,2016,Remote rural,37.7,20.9,-7.950150535729985,-9.079569239273706,-6.820731832186255,-9.566666666666666
02090,AK,2016,Metro,31.6,8.8,-5.9163469586141675,-6.7713194437494835,-5.0613744734788515,-5.033333333333335
02100,AK,2016,Remote rural,43.4,11.4,-10.188291151681259,-11.41130405689192,-8.965278246470605,-9.433333333333337
02105,AK,2016,Remote rural,41.6,19.2,-9.913826422632386,-12.052626545896317,-7.775026299368454,-4.266666666666666
02110,AK,2016,Remote rural,37.5,7.5,-7.182968668753813,-8.441449331308693,-5.924488006198927,-7.100000000000005
02122,AK,2016,Remote rural,37.7,10.1,-8.295852854467869,-9.696572112200423,-6.8951335967353184,-6.666666666666671
02130,AK,2016,Remote rural,38.0,10.3,-8.144066623700605,-9.255558384041551,-7.032574863359651,-6.833333333333332
02150,AK,2016,Remote rural,44.2,8.5,-7.951625990664963,-10.474540789862044,-5.428711191467886,-4.000000000000007
02158,AK,2016,Remote rural,35.8,34.7,-7.567647819144016,-8.83318486892669,-6.302110769361337,-7.833333333333329
02164,AK,2016,Remote rural,44.6,17.3,-8.618088988232465,-10.40261425179598,-6.833563724668944,-8.600000000000001
02170,AK,2016,Metro,39.0,9.4,-7.671637685343317,-8.914949308379272,-6.428326062307354,-8.266666666666666
02180,AK,2016,Remote rural,38.5,26.3,-8.222933950626194,-9.149342402213769,-7.296525499038622,-8.0
02185,AK,2016,Remote rural,42.5,13.3,-7.965309445232297,-10.107331367238878,-5.82328752322571,-6.199999999999996
02188,AK,2016,Remote rural,43.0,23.3,-8.620629829794755,-10.013856909816067,-7.227402749773442,-9.866666666666667
02220,AK,2016,Remote rural,42.0,9.8,-8.825463221603165,-11.197670120619847,-6.4532563225864905,-5.56666666666667
02230,AK,2016,Remote rural,38.2,4.2,-8.334014051864756,-8.934569068491816,-7.733459035237702,-7.266666666666669
02240,AK,2016,Remote rural,42.9,16.1,-8.92929628800807,-10.934407992057046,-6.92418458395909,-2.3999999999999986
02282,AK,2016,Remote rural,52.6,16.7,-8.22539971724874,-9.58411797002459,-6.8666814644728955,-20.366666666666667
02290,AK,2016,Remote rural,47.1,24.4,-10.240191434897106,-10.958036128196238,-9.522346741597975,-11.900000000000006
30001,MT,2016,Remote rural,31.5,17.1,-7.638989304606021,-8.545475560897291,-6.732503048314752,-10.26666666666667
30003,MT,2016,"Rural, near a metro",42.4,27.6,-9.366011942940428,-10.754865584662893,-7.977158301217978,-12.366666666666664
30005,MT,2016,Remote rural,37.8,28.2,-9.110865271584123,-10.064121867456352,-8.157608675711897,-13.23333333333333
30007,MT,2016,Remote rural,33.4,13.3,-7.368015788689714,-8.113952802017348,-6.622078775362084,-11.43333333333333
30009,MT,2016,Metro,34.4,12.6,-7.381923492056053,-8.375679062745457,-6.388167921366654,-12.333333333333332
30011,MT,2016,Remote rural,36.8,15.5,-9.152614123305183,-10.006864455469001,-8.298363791141362,-14.366666666666664
30013,MT,2016,Metro,29.1,15.7,-7.571714366676896,-8.41528670939504,-6.728142023958763,-10.56666666666667
30015,MT,2016,"Rural, near a metro",38.0,21.8,-10.224674693211158,-11.267117481947414,-9.182231904474897,-14.333333333333332
30017,MT,2016,Remote rural,28.6,12.8,-6.594132456022673,-7.118652783896451,-6.069612128148899,-10.866666666666667
30019,MT,2016,Remote rural,36.4,9.3,-7.173083470586362,-7.823487758939333,-6.522679182233391,-13.999999999999996
30021,MT,2016,Remote rural,30.5,11.9,-6.331863069050117,-7.089771399869399,-5.573954738230835,-12.433333333333334
30023,MT,2016,Remote rural,30.1,17.7,-7.36086577768425,-8.203731573749081,-6.51799998161942,-12.000000000000004
30025,MT,2016,Remote rural,29.3,7.8,-5.637998491962647,-6.811191331849618,-4.464805652075683,-9.733333333333334
30027,MT,2016,Remote rural,32.6,14.4,-7.325589731295524,-8.508739684200155,-6.1424397783908935,-11.26666666666667
30029,MT,2016,Remote rural,28.9,16.7,-7.002336889588898,-8.289361740240903,-5.715312038936892,-9.3
30031,MT,2016,Remote rural,24.6,14.0,-6.1446775402268194,-7.427578589339595,-4.861776491114044,-7.933333333333334
30033,MT,2016,Remote rural,31.7,17.3,-7.86162935955916,-8.75999574154465,-6.963262977573664,-11.0
30035,MT,2016,Remote rural,43.3,31.0,-9.464671438211518,-10.92252073932073,-8.006822137102311,-12.433333333333334
30037,MT,2016,Metro,33.6,19.6,-8.081357518399276,-8.75872023079148,-7.403994806007065,-14.400000000000002
30039,MT,2016,"Rural, near a metro",36.6,15.9,-9.011115942749663,-9.642664862196547,-8.37956702330279,-13.100000000000001
30041,MT,2016,Remote rural,32.6,18.5,-7.762135286814972,-8.636414568623511,-6.887856005006433,-11.000000000000004
30043,MT,2016,Remote rural,32.2,10.5,-6.421467425015277,-7.256010290076846,-5.586924559953708,-9.400000000000002
30045,MT,2016,"Rural, near a metro",29.1,14.3,-6.815219743283879,-7.883659056734671,-5.746780429833082,-10.666666666666668
30047,MT,2016,"Rural, near a metro",41.5,20.3,-10.541215747081637,-12.09837699418361,-8.984054499979669,-16.23333333333333
30049,MT,2016,Remote rural,26.6,12.6,-6.163826081468966,-7.179906173045924,-5.147745989892008,-8.900000000000002
30051,MT,2016,Remote rural,30.8,23.0,-7.300847545669598,-8.423650608209972,-6.178044483129227,-6.200000000000003
30053,MT,2016,Remote rural,33.5,17.6,-8.009355579347815,-8.788335782348415,-7.230375376347215,-12.433333333333334
30055,MT,2016,Remote rural,37.3,15.5,-9.848828804061776,-10.710721075586987,-8.98693653253657,-14.266666666666662
30057,MT,2016,Remote rural,31.9,12.2,-7.159786146960975,-8.259091547923404,-6.06048074599855,-7.199999999999999
30059,MT,2016,Remote rural,32.1,19.6,-7.917464660753651,-8.719724264575001,-7.1152050569323,-13.866666666666667
30061,MT,2016,"Rural, near a metro",30.6,18.1,-7.527524383290235,-8.476415373449289,-6.578633393131176,-11.133333333333333
30063,MT,2016,Metro,24.6,17.4,-6.554351516710902,-8.10819168059989,-5.000511352821925,-7.966666666666669
30065,MT,2016,"Rural, near a metro",32.1,17.0,-7.506321355922224,-8.563751724997385,-6.448890986847065,-10.2
30067,MT,2016,Remote rural,29.6,13.8,-7.217637401872282,-8.113323305816595,-6.321951497927975,-10.333333333333332
30069,MT,2016,Remote rural,33.3,14.8,-8.349076010870041,-9.028491825722579,-7.669660196017504,-15.299999999999997
30071,MT,2016,Remote rural,34.9,18.1,-8.807573804028365,-9.516146789874824,-8.099000818181906,-12.399999999999999
30073,MT,2016,Remote rural,38.2,20.1,-10.589132500708683,-11.366186556016057,-9.812078445401312,-15.900000000000002
30075,MT,2016,Remote rural,33.8,12.4,-7.291483838343671,-8.218244266852468,-6.364723409834875,-11.099999999999998
30077,MT,2016,"Rural, near a metro",31.9,20.0,-7.726280901510193,-8.34331561926602,-7.109246183754368,-12.066666666666666
30079,MT,2016,Remote rural,34.0,12.7,-7.5704693769773845,-8.68580808286843,-6.455130671086335,-12.566666666666663
30081,MT,2016,"Rural, near a metro",37.4,19.8,-10.124587115925324,-10.979721230006936,-9.269453001843717,-14.566666666666666
30083,MT,2016,Remote rural,37.6,7.7,-7.5630059778014225,-8.055557038327125,-7.070454917275721,-14.700000000000006
30085,MT,2016,Remote rural,43.5,26.6,-9.376294500356677,-10.715464036279696,-8.037124964433632,-12.8
30087,MT,2016,Remote rural,37.3,19.5,-8.807720671983667,-9.731660708149809,-7.883780635817525,-11.866666666666664
30089,MT,2016,"Rural, near a metro",37.6,21.9,-10.071807250451258,-11.36663673605262,-8.7769777648499,-14.2
30091,MT,2016,Remote rural,31.8,10.4,-6.757365071264645,-7.518096778911939,-5.9966333636173506,-9.433333333333337
30093,MT,2016,Remote rural,26.1,20.0,-6.901167028988564,-8.372181308727189,-5.430152749249938,-8.400000000000002
30095,MT,2016,"Rural, near a metro",33.8,9.5,-6.632505828044151,-7.248197264247756,-6.016814391840547,-13.266666666666666
30097,MT,2016,Remote rural,28.1,12.2,-6.63822799712789,-7.743454434216732,-5.533001560039048,-8.966666666666672
30099,MT,2016,"Rural, near a metro",34.8,15.1,-7.944729090584403,-8.996341631061416,-6.893116550107386,-13.13333333333333
30101,MT,2016,Remote rural,32.7,16.9,-7.446011468012163,-8.459116960051125,-6.432905975973202,-11.200000000000003
30103,MT,2016,"Rural, near a metro",39.1,11.3,-9.535680303636632,-10.205023115552338,-8.866337491720925,-15.366666666666667
30105,MT,2016,Remote rural,35.3,13.3,-8.23272444031999,-8.81551288749702,-7.649935993142964,-12.866666666666664
30107,MT,2016,Remote rural,40.6,19.7,-10.529392682903373,-12.270584758725855,-8.78820060708089,-14.400000000000002
30109,MT,2016,Remote rural,40.2,11.0,-10.698719488831882,-11.868884331608466,-9.5285546460553,-17.16666666666667
30111,MT,2016,Metro,30.6,12.9,-6.929134038206996,-7.661960281839483,-6.196307794574509,-12.666666666666668
22001,LA,2017,Metro,28.0,19.0,-8.444323367200184,-9.542786863989187,-7.34585987041118,-9.566666666666666
22003,LA,2017,"Rural, near a metro",27.1,19.8,-8.828710756608277,-9.624010274081995,-8.033411239134553,-8.133333333333336
22005,LA,2017,Metro,29.9,11.1,-7.395074578745294,-8.326349330974702,-6.463799826515885,-8.399999999999999
22007,LA,2017,"Rural, near a metro",28.3,18.2,-8.336111287816745,-9.546380907871448,-7.125841667762039,-7.300000000000001
22009,LA,2017,"Rural, near a metro",24.0,23.8,-8.761659444013787,-9.626689465303796,-7.896629422723772,-5.733333333333334
22011,LA,2017,"Rural, near a metro",31.5,16.6,-8.037154221702508,-8.835286714963276,-7.23902172844174,-9.833333333333332
22013,LA,2017,"Rural, near a metro",24.2,23.9,-8.42449364932048,-9.33941824823271,-7.509569050408251,-7.633333333333333
22015,LA,2017,Metro,24.6,14.6,-6.651920239432464,-8.66496172451107,-4.638878754353858,-5.266666666666669
22017,LA,2017,Metro,26.0,22.0,-8.205608043567176,-9.548150327056018,-6.863065760078317,-10.199999999999998
22019,LA,2017,Metro,27.7,16.6,-8.127044866784216,-9.463962198588941,-6.790127534979491,-7.966666666666669
22021,LA,2017,"Rural, near a metro",30.5,23.4,-8.615637911059833,-9.10085248718893,-8.130423334930729,-8.633333333333336
22023,LA,2017,Metro,33.5,13.3,-7.131268771572592,-8.018658929544458,-6.2438786136007245,-7.366666666666664
22025,LA,2017,Remote rural,28.6,24.3,-9.024867734497652,-9.953782257717629,-8.095953211277676,-9.933333333333334
22027,LA,2017,"Rural, near a metro",26.0,30.7,-8.898916684492677,-9.725685312257156,-8.072148056728192,-7.266666666666666
22029,LA,2017,Remote rural,24.8,30.6,-8.757852515926254,-9.604962852036675,-7.91074217981583,-7.433333333333337
22031,LA,2017,Metro,27.7,23.5,-8.777961744239278,-9.855734293509936,-7.700189194968619,-7.933333333333334
22033,LA,2017,Metro,25.3,20.8,-7.108464198153951,-8.498865999458381,-5.718062396849523,-6.133333333333333
22035,LA,2017,Remote rural,20.6,44.8,-8.004032906819493,-8.957696571117834,-7.050369242521158,-6.8000000000000025
22037,LA,2017,Metro,24.5,20.6,-7.164352762797013,-8.477701717953725,-5.851003807640302,-6.733333333333331
22039,LA,2017,"Rural, near a metro",24.0,27.6,-8.131097796711055,-8.775873071904877,-7.48632252151723,-6.266666666666666
22041,LA,2017,Remote rural,29.5,29.1,-9.00266043907843,-9.915507404788212,-8.089813473368654,-10.133333333333336
22043,LA,2017,Metro,27.4,21.2,-8.065904523662358,-9.038237853477444,-7.093571193847275,-8.566666666666663
22045,LA,2017,Metro,28.7,20.2,-8.40550740344906,-8.993265440182128,-7.8177493667159945,-8.23333333333333
22047,LA,2017,Metro,24.5,25.7,-8.428983213879878,-9.465948647310912,-7.392017780448841,-7.233333333333334
22049,LA,2017,"Rural, near a metro",28.6,21.2,-8.473943404749468,-9.397485690882736,-7.550401118616211,-10.200000000000003
22051,LA,2017,Metro,34.4,18.9,-5.7572281537155465,-7.42168450174663,-4.092771805684464,-7.966666666666665
22053,LA,2017,"Rural, near a metro",28.8,18.0,-8.593698701523785,-9.385203504319335,-7.802193898728245,-9.100000000000001
22055,LA,2017,Metro,30.3,15.6,-7.623486127966451,-8.717241166347456,-6.529731089585453,-10.033333333333335
22057,LA,2017,Metro,38.8,16.5,-9.744971520106585,-11.892237446262756,-7.597705593950415,-15.433333333333326
22059,LA,2017,"Rural, near a metro",28.1,20.9,-8.25034788086068,-9.277921185678201,-7.222774576043146,-4.699999999999999
22061,LA,2017,"Rural, near a metro",27.3,32.2,-8.668668281749051,-9.659300622250031,-7.678035941248075,-7.566666666666666
22063,LA,2017,Metro,29.5,14.3,-7.240215518121286,-8.466022652388714,-6.0144083838538585,-8.266666666666666
22065,LA,2017,Remote rural,20.1,40.8,-7.995271436727142,-8.97428560329121,-7.0162572701630745,-5.633333333333335
22067,LA,2017,"Rural, near a metro",21.7,27.6,-8.619985426946272,-9.299390912891543,-7.940579941000998,-5.633333333333333
22069,LA,2017,"Rural, near a metro",28.4,27.7,-8.474616314882246,-9.397464455820646,-7.551768173943845,-11.23333333333333
22071,LA,2017,Metro,22.3,26.6,-7.08768255311798,-7.901269314698127,-6.274095791537836,-5.466666666666669
22073,LA,2017,Metro,23.4,23.8,-8.331445547401481,-9.268046408040497,-7.394844686762473,-7.199999999999999
22075,LA,2017,Metro,34.5,15.4,-6.718752742553446,-8.092133595137806,-5.345371889969088,-10.366666666666664
22077,LA,2017,Metro,27.0,20.2,-8.523165237423997,-9.51229594612554,-7.534034528722459,-7.400000000000002
22079,LA,2017,Metro,27.0,19.7,-7.900857371468753,-8.50951629764726,-7.292198445290246,-8.200000000000003
22081,LA,2017,"Rural, near a metro",24.5,23.5,-8.737066288759667,-9.517610775760417,-7.9565218017589165,-7.666666666666668
22083,LA,2017,"Rural, near a metro",25.9,27.5,-8.876717869036217,-9.773328477016307,-7.980107261056141,-7.600000000000001
22085,LA,2017,"Rural, near a metro",30.7,21.8,-8.557187711956585,-9.205812917393377,-7.908562506519793,-8.400000000000002
22087,LA,2017,Metro,24.1,21.9,-7.099006505072203,-7.867387361061488,-6.330625649082919,-3.6333333333333364
22089,LA,2017,Metro,27.9,13.8,-6.688979695386483,-8.348912946115359,-5.0290464446576095,-6.899999999999999
22091,LA,2017,Metro,28.8,25.8,-8.860504299147696,-9.759788554561702,-7.961220043733686,-9.066666666666666
22093,LA,2017,Metro,27.6,16.2,-7.816842759400362,-8.920994199271103,-6.712691319529623,-9.933333333333334
22095,LA,2017,Metro,27.7,18.5,-7.806757831659115,-8.761735543943844,-6.851780119374387,-7.966666666666665
22097,LA,2017,"Rural, near a metro",25.3,27.1,-8.323457242610411,-9.341148186780961,-7.305766298439873,-7.633333333333333
22099,LA,2017,Metro,29.6,19.4,-8.575141734989892,-9.515721799234166,-7.634561670745606,-9.400000000000002
22101,LA,2017,"Rural, near a metro",29.6,22.3,-8.321813265093159,-9.168595253160625,-7.4750312770257,-9.3
22103,LA,2017,Metro,31.1,11.0,-7.0531916671116655,-8.377208310982553,-5.729175023240779,-8.100000000000001
22105,LA,2017,Metro,26.2,22.2,-8.207062776128994,-9.322287751750721,-7.091837800507278,-7.366666666666667
22107,LA,2017,Remote rural,25.8,33.3,-8.919179834706394,-9.734248688838427,-8.104110980574362,-8.966666666666669
22109,LA,2017,Metro,34.4,15.2,-7.277363709135108,-9.266826710911435,-5.287900707358782,-11.333333333333332
22111,LA,2017,Metro,28.7,24.6,-8.529492197898696,-9.260677034892579,-7.798307360904814,-9.166666666666668
22113,LA,2017,Metro,30.6,18.6,-8.33324859525971,-9.402781136401064,-7.263716054118366,-9.566666666666666
22115,LA,2017,Remote rural,23.1,17.3,-5.476549210531238,-6.13495579016626,-4.818142630896216,-7.733333333333336
22117,LA,2017,"Rural, near a metro",26.2,25.4,-8.791368098296283,-9.753758135380732,-7.828978061211842,-8.266666666666666
22119,LA,2017,Metro,24.4,23.7,-8.578531550396702,-9.405935646836603,-7.751127453956813,-7.066666666666666
22121,LA,2017,Metro,25.3,16.4,-7.0166235004855055,-8.632632070485862,-5.400614930485151,-7.466666666666669
22123,LA,2017,Remote rural,28.1,23.4,-8.640056626361492,-9.573033491741096,-7.70707976098188,-7.900000000000002
22125,LA,2017,Metro,25.2,24.4,-7.195476672174623,-8.329204841705055,-6.061748502644188,-7.766666666666666
22127,LA,2017,"Rural, near a metro",26.8,27.3,-8.80380275179256,-9.710094015853882,-7.89751148773125,-8.700000000000003
23001,ME,2019,Metro,19.1,16.5,-3.9184718103887177,-4.702013276252695,-3.134930344524744,-2.833333333333332
23003,ME,2019,Remote rural,23.7,16.4,-4.413685867689845,-4.704343093856795,-4.123028641522897,-5.43333333333333
23005,ME,2019,Metro,21.8,12.1,-4.033098157827264,-4.48992298140549,-3.576273334249036,-3.7666666666666693
23007,ME,2019,"Rural, near a metro",21.1,15.5,-3.5466702475839917,-3.875406424568134,-3.217934070599852,-2.400000000000002
23009,ME,2019,"Rural, near a metro",24.3,14.3,-4.153896182878622,-4.649551556545006,-3.658240809212233,-3.2666666666666657
23011,ME,2019,"Rural, near a metro",18.4,14.8,-2.261529925639704,-2.931798052996304,-1.591261798283104,-0.9999999999999964
23013,ME,2019,Remote rural,22.7,14.1,-4.111460122656831,-4.603422775792589,-3.619497469521072,-4.100000000000001
23015,ME,2019,"Rural, near a metro",26.5,13.3,-4.553878357052928,-5.152838302998141,-3.9549184111077147,-4.5
23017,ME,2019,"Rural, near a metro",21.1,15.0,-3.8767317814623774,-4.262319110798553,-3.491144452126199,-4.133333333333333
23019,ME,2019,Metro,21.1,15.9,-4.273492933834177,-4.553825252873561,-3.993160614794794,-4.033333333333335
23021,ME,2019,"Rural, near a metro",21.4,17.6,-3.7524843903310283,-4.122556095219295,-3.382412685442763,-3.099999999999998
23023,ME,2019,Metro,20.9,12.1,-2.1363375626112213,-2.6092597375440136,-1.6634153876784317,-1.533333333333335
23025,ME,2019,"Rural, near a metro",21.2,17.8,-3.8117611782348324,-4.247029231841887,-3.376493124627778,-3.633333333333333
23027,ME,2019,"Rural, near a metro",22.4,16.8,-3.858576900177461,-4.211807361077394,-3.505346439277527,-2.966666666666665
23029,ME,2019,Remote rural,26.1,18.8,-5.37196904322465,-5.958235302870641,-4.7857027835786585,-5.300000000000001
23031,ME,2019,Metro,20.3,10.0,-3.2902219723144515,-3.887178396375619,-2.6932655482532777,-2.1666666666666714
51001,VA,2019,"Rural, near a metro",34.0,19.3,-6.267163711933707,-7.687515611187765,-4.846811812679654,-8.633333333333336
51003,VA,2019,Metro,28.5,9.5,-5.434481007103192,-5.9289372056044565,-4.940024808601925,-5.033333333333331
51005,VA,2019,"Rural, near a metro",21.8,13.7,-3.6272581178543692,-4.458209629715275,-2.7963066059934643,-5.933333333333334
51007,VA,2019,Metro,28.4,12.1,-6.087182702615993,-6.876688415011483,-5.297676990220504,-8.43333333333333
51009,VA,2019,Metro,25.1,14.2,-6.091336162710282,-6.707920088156022,-5.474752237264542,-6.433333333333334
51011,VA,2019,Metro,23.6,16.2,-5.61037313171136,-6.213435227737252,-5.0073110356854675,-4.633333333333333
51013,VA,2019,Metro,28.0,8.5,-4.948642921838253,-6.270378459223401,-3.626907384453107,-5.5
51015,VA,2019,Metro,25.1,8.9,-4.990710492030277,-5.721202033813112,-4.26021895024744,-5.800000000000001
51017,VA,2019,"Rural, near a metro",28.0,11.7,-4.07373666786687,-4.930091756633646,-3.217381579100093,-9.7
51019,VA,2019,Metro,26.2,8.9,-5.3020184512738755,-5.838239274746537,-4.765797627801212,-7.966666666666665
51021,VA,2019,"Rural, near a metro",22.7,15.0,-2.4412190375744145,-3.1218837705755775,-1.7605543045732541,-7.133333333333331
51023,VA,2019,Metro,24.5,7.4,-3.1179303764557282,-3.953904750895414,-2.2819560020160417,-5.800000000000001
51025,VA,2019,"Rural, near a metro",22.4,21.7,-6.751421368461896,-7.625898016527389,-5.876944720396404,-7.1999999999999975
51027,VA,2019,Remote rural,20.7,24.4,-5.017676408166416,-5.608453729305086,-4.426899087027749,-6.966666666666665
51029,VA,2019,Metro,25.0,22.8,-7.041107949700463,-7.934892889833025,-6.147323009567902,-8.133333333333336
51031,VA,2019,Metro,25.6,13.3,-5.707754863159967,-6.650347267332706,-4.765162458987226,-7.566666666666666
51033,VA,2019,Metro,26.5,14.5,-6.164457928271449,-7.204635212210674,-5.124280644332227,-6.866666666666664
51035,VA,2019,Remote rural,24.2,16.5,-4.444466035466172,-4.994250946655656,-3.894681124276691,-5.033333333333331
51036,VA,2019,Metro,32.1,12.2,-6.36784574761994,-7.078708429650197,-5.656983065589685,-7.533333333333335
51037,VA,2019,"Rural, near a metro",24.7,19.7,-6.801863178417068,-7.403903267424633,-6.199823089409502,-7.566666666666663
51041,VA,2019,Metro,30.8,8.0,-4.470873130870185,-5.666464192173146,-3.2752820695672256,-6.966666666666669
51043,VA,2019,Metro,32.1,7.9,-5.878196295880426,-6.755290340775522,-5.00110225098533,-10.833333333333336
51045,VA,2019,Metro,19.8,12.9,-1.9010715019329811,-2.3226196610868177,-1.479523342779145,-4.033333333333335
51047,VA,2019,Metro,32.4,10.1,-5.724652063521664,-6.7320612619329,-4.717242865110427,-8.366666666666667
51049,VA,2019,"Rural, near a metro",23.4,18.2,-6.328629243225451,-7.132228310444328,-5.525030176006576,-7.199999999999999
51051,VA,2019,Remote rural,19.6,21.8,-3.5044639842536744,-4.152970811153832,-2.855957157353516,-6.033333333333333
51053,VA,2019,Metro,25.1,14.5,-5.873091044226998,-6.878218774065581,-4.867963314388419,-6.833333333333336
51057,VA,2019,"Rural, near a metro",23.6,15.5,-6.0655180613388655,-6.780158104903043,-5.350878017774692,-5.966666666666669
51059,VA,2019,Metro,36.9,6.0,-5.862726026239347,-7.35609404359983,-4.369358008878866,-5.699999999999999
51061,VA,2019,Metro,36.6,7.0,-6.924338823395644,-8.317545540516814,-5.5311321062744705,-9.133333333333333
51063,VA,2019,Metro,27.2,14.2,-5.07456782279937,-5.6549266514113645,-4.494208994187372,-7.066666666666663
51065,VA,2019,Metro,29.5,8.2,-5.9094790804190875,-6.577252865784704,-5.241705295053475,-8.066666666666666
51067,VA,2019,Metro,24.7,14.4,-5.540780990144002,-6.266168595753381,-4.815393384534628,-6.866666666666667
51069,VA,2019,Metro,32.3,7.9,-5.548545824746165,-6.761887302113662,-4.335204347378671,-7.333333333333329
51071,VA,2019,Metro,21.2,13.3,-2.9004508316107778,-3.4116344232226563,-2.3892672399988992,-4.399999999999999
51073,VA,2019,Metro,26.0,10.6,-5.302616523926764,-5.8423668561029505,-4.7628661917505735,-7.533333333333335
51075,VA,2019,Metro,30.9,7.5,-5.094866744160065,-6.155644480587298,-4.034089007732825,-10.266666666666662
51077,VA,2019,Remote rural,22.8,18.3,-4.8838411972121385,-5.4275161768966305,-4.3401662175276465,-6.06666666666667
51079,VA,2019,Metro,31.9,11.5,-5.8217872451708415,-6.458845264084245,-5.184729226257441,-7.699999999999999
51081,VA,2019,"Rural, near a metro",22.3,26.3,-4.989432191537782,-6.33093776537005,-3.6479266177055143,-10.633333333333335
51083,VA,2019,"Rural, near a metro",21.4,22.2,-6.458959082439017,-7.014020985490882,-5.903897179387153,-5.433333333333332
51085,VA,2019,Metro,27.3,5.6,-4.915425605479497,-5.660464612541314,-4.170386598417686,-7.566666666666666
51087,VA,2019,Metro,29.0,11.3,-5.125192284577947,-6.111412138550414,-4.138972430605478,-7.466666666666669
51089,VA,2019,"Rural, near a metro",26.6,18.5,-6.405717431420278,-7.714828979036902,-5.096605883803655,-10.26666666666667
51091,VA,2019,"Rural, near a metro",29.8,14.6,-5.715075069306096,-6.637878514753146,-4.792271623859046,-10.933333333333334
51093,VA,2019,Metro,24.6,10.6,-5.643248109887548,-6.279213202240094,-5.007283017535012,-5.433333333333337
51095,VA,2019,Metro,26.7,7.5,-5.131491663929393,-5.602091081089422,-4.660892246769364,-6.033333333333335
51097,VA,2019,"Rural, near a metro",29.5,13.4,-6.22098859164609,-6.74182887422654,-5.700148309065636,-8.899999999999999
51099,VA,2019,"Rural, near a metro",23.0,7.9,-3.134990435720132,-4.4389056040704915,-1.8310752673697708,-6.066666666666666
51101,VA,2019,Metro,26.1,9.1,-5.642140264847468,-6.423086389268988,-4.861194140425939,-7.766666666666669
51103,VA,2019,Remote rural,27.8,15.2,-5.837446873029434,-6.63920122350857,-5.0356925225502955,-8.100000000000001
51105,VA,2019,"Rural, near a metro",18.8,29.0,-4.991174108586819,-5.841888934198182,-4.140459282975452,-5.266666666666669
51107,VA,2019,Metro,40.6,3.8,-7.900534217823529,-8.7077065527981,-7.093361882848966,-10.333333333333336
51109,VA,2019,"Rural, near a metro",30.9,11.7,-6.1749745127021844,-7.3628899029964945,-4.987059122407875,-9.3
51111,VA,2019,Remote rural,28.3,21.4,-6.619433148343088,-7.398409713516381,-5.840456583169792,-7.5
51113,VA,2019,"Rural, near a metro",27.5,12.7,-5.610824229742285,-6.237608578549229,-4.984039880935339,-6.099999999999998
51115,VA,2019,Metro,25.3,10.5,-4.622552526710555,-5.183202487926014,-4.061902565495092,-5.300000000000001
51117,VA,2019,Remote rural,21.1,17.1,-6.150052827651261,-6.864965342718074,-5.4351403125844495,-3.633333333333333
51119,VA,2019,"Rural, near a metro",23.4,15.5,-5.322249282164447,-6.048445472744385,-4.596053091584509,-4.399999999999999
51121,VA,2019,Metro,19.2,23.4,-4.477563538384412,-5.492229246353281,-3.46289783041555,-4.499999999999998
51125,VA,2019,Metro,28.6,15.8,-5.821014805152852,-6.447442669882257,-5.194586940423449,-6.800000000000001
51127,VA,2019,Metro,29.4,6.7,-5.774322868182605,-6.292009538942993,-5.256636197422217,-4.833333333333332
51131,VA,2019,"Rural, near a metro",27.3,22.4,-5.958138138043631,-6.672948405286917,-5.24332787080035,-8.366666666666667
51133,VA,2019,Remote rural,26.8,16.1,-6.041362377151147,-7.015110343615204,-5.067614410687091,-6.899999999999999
51135,VA,2019,"Rural, near a metro",24.7,23.5,-6.916906747303915,-7.553784937799711,-6.2800285568081256,-8.166666666666668
51137,VA,2019,"Rural, near a metro",27.7,10.4,-5.758851418742163,-6.382329956072017,-5.135372881412313,-6.166666666666668
51139,VA,2019,"Rural, near a metro",23.7,15.3,-4.975210126462769,-5.370059372180798,-4.580360880744741,-5.699999999999999
51141,VA,2019,"Rural, near a metro",24.7,19.4,-5.652207613690768,-6.049891019579052,-5.2545242078024845,-8.2
51143,VA,2019,"Rural, near a metro",24.1,15.2,-6.137041206902657,-6.952509623915736,-5.321572789889571,-7.0000000000000036
51145,VA,2019,Metro,30.0,7.7,-5.839691636199127,-6.210913925234131,-5.468469347164119,-6.833333333333332
51147,VA,2019,"Rural, near a metro",21.2,23.5,-6.960253392144661,-7.836999379552265,-6.083507404737052,-7.199999999999999
51149,VA,2019,Metro,24.1,12.9,-4.116410101285869,-5.3973033240007595,-2.835516878570978,-8.000000000000004
51153,VA,2019,Metro,42.2,7.0,-7.573558211952426,-10.271588587500016,-4.875527836404841,-11.566666666666666
51155,VA,2019,Metro,20.1,15.7,-3.0300691232387065,-3.955272685493651,-2.1048655609837637,-5.9
51157,VA,2019,Metro,33.3,10.3,-6.0295368172923824,-6.76538768729729,-5.29368594728748,-8.7
51159,VA,2019,Remote rural,27.5,20.3,-5.901336455293907,-6.62080629120439,-5.1818666193834275,-9.166666666666668
51161,VA,2019,Metro,24.4,7.7,-4.109515158675317,-4.879097150761965,-3.3399331665886716,-6.833333333333332
51163,VA,2019,"Rural, near a metro",23.8,13.6,-4.7608103581640115,-5.3940535816011685,-4.127567134726856,-5.966666666666669
51165,VA,2019,Metro,29.8,9.6,-5.096682555251415,-6.0125041290827195,-4.180860981420109,-4.5
51167,VA,2019,Remote rural,18.8,18.8,-3.0905367231607626,-4.0056664653541105,-2.1754069809674146,-5.100000000000003
51169,VA,2019,Metro,19.8,18.4,-3.2726380410674976,-3.8385715397438576,-2.7067045423911393,-5.333333333333334
51171,VA,2019,"Rural, near a metro",27.6,11.6,-4.891511065119101,-5.796633953077731,-3.986388177160469,-7.06666666666667
51173,VA,2019,Remote rural,20.5,17.3,-4.386996159858671,-5.168531878828336,-3.605460440889006,-6.766666666666666
51175,VA,2019,"Rural, near a metro",22.1,16.7,-5.319765537776013,-6.1406802998580075,-4.498850775694023,-6.633333333333333
51177,VA,2019,Metro,31.3,7.7,-5.516586601564805,-6.8191407839144915,-4.214032419215119,-8.066666666666666
51179,VA,2019,Metro,29.5,6.4,-5.208592352498687,-6.04021449663725,-4.376970208360119,-6.066666666666663
51181,VA,2019,"Rural, near a metro",23.7,13.6,-4.238701307038961,-5.770821050398511,-2.7065815636794186,-6.333333333333336
51183,VA,2019,Metro,25.1,24.0,-6.8339622475918755,-7.7105922143581225,-5.957332280825629,-11.766666666666667
51185,VA,2019,Remote rural,21.1,17.5,-5.066383918845688,-5.6929871196273165,-4.439780718064067,-7.2666666666666675
51187,VA,2019,Metro,28.1,12.0,-5.642367664654115,-6.538650970961707,-4.746084358346528,-6.800000000000001
51191,VA,2019,Metro,23.5,14.9,-4.435937717494811,-4.841466418114624,-4.030409016874996,-7.166666666666668
51193,VA,2019,"Rural, near a metro",27.6,15.3,-6.038845148923847,-7.01306179753374,-5.064628500313961,-8.000000000000004
51195,VA,2019,Remote rural,20.0,19.3,-5.278425376456009,-5.855212334307787,-4.701638418604231,-6.4
51197,VA,2019,"Rural, near a metro",22.2,15.1,-4.859901370201295,-5.455485337941358,-4.264317402461231,-6.9
51199,VA,2019,Metro,26.8,6.0,-5.10228741224973,-5.529900864714708,-4.6746739597847515,-7.400000000000002
51510,VA,2019,Metro,37.5,8.8,-6.905016786169206,-7.920671251887109,-5.8893623204512995,-10.433333333333334
51520,VA,2019,Metro,18.5,21.6,-4.077555297400588,-4.6865059855528735,-3.468604609248297,-6.033333333333333
51530,VA,2019,"Rural, near a metro",18.3,17.2,-2.343599669202081,-3.455013638611228,-1.2321856997929317,-3.7666666666666675
51540,VA,2019,Metro,18.5,22.9,-5.144564184917677,-5.769539647243139,-4.519588722592211,-2.566666666666668
51550,VA,2019,Metro,22.6,9.6,-4.320881381455,-5.235965865064332,-3.4057968978456676,-2.733333333333338
51570,VA,2019,Metro,23.3,10.8,-4.9138016208298065,-5.838412419281868,-3.9891908223777444,-7.133333333333333
51580,VA,2019,"Rural, near a metro",20.6,16.9,-4.0293791902312694,-5.150198157711132,-2.9085602227514107,-7.833333333333336
51590,VA,2019,"Rural, near a metro",19.5,25.0,-6.380334917873326,-7.111425320689887,-5.649244515056775,-6.566666666666668
51595,VA,2019,"Rural, near a metro",16.5,26.0,-3.6988810899500626,-4.7677607413087255,-2.6300014385913997,-4.5
51600,VA,2019,Metro,39.2,7.3,-8.357889317359096,-9.153640013703518,-7.562138621014673,-8.066666666666666
51610,VA,2019,Metro,25.4,3.0,-2.9428343808228568,-3.714669923445693,-2.1709988382000187,-4.166666666666664
51620,VA,2019,"Rural, near a metro",16.1,21.9,-3.26986157246641,-4.608897639455039,-1.9308255054777816,-4.900000000000004
51630,VA,2019,Metro,24.9,17.5,-4.883307993912967,-6.222628841996025,-3.5439871458299104,-5.366666666666664
51640,VA,2019,Remote rural,28.8,22.8,-5.064942703124942,-6.178959985604601,-3.9509254206452837,-8.0
51650,VA,2019,Metro,18.6,15.6,-3.530187872780284,-4.907270250461649,-2.153105495098921,-4.866666666666667
51660,VA,2019,Metro,23.8,29.3,-4.967303095321649,-6.254878850361882,-3.679727340281417,-5.399999999999999
51670,VA,2019,Metro,22.2,22.6,-6.175678270865177,-7.152795701638047,-5.198560840092308,-8.866666666666665
51678,VA,2019,"Rural, near a metro",18.7,24.3,-2.6739379123595937,-3.576614987301664,-1.7712608374175232,-5.2666666666666675
51680,VA,2019,Metro,20.6,22.6,-5.895211662109334,-7.0444159731199845,-4.746007351098684,-6.733333333333334
51683,VA,2019,Metro,43.2,10.1,-7.309218835208603,-9.450952437959554,-5.167485232457663,-5.966666666666669
51685,VA,2019,Metro,41.3,8.4,-7.87260271661156,-9.301413514399794,-6.443791918823345,-6.133333333333333
51690,VA,2019,"Rural, near a metro",19.3,25.8,-5.003777076103609,-6.173430513951205,-3.8341236382560133,-6.533333333333335
51700,VA,2019,Metro,22.6,17.5,-4.8755485765348165,-6.263637497557807,-3.48745965551183,-7.2666666666666675
51710,VA,2019,Metro,22.8,23.3,-5.085735351217075,-6.334617223224495,-3.8368534792096467,-6.100000000000001
51720,VA,2019,Remote rural,17.7,22.0,-2.5428611276268245,-3.549159975331521,-1.5365622799221264,-6.4
51730,VA,2019,Metro,18.5,28.1,-6.220482067241904,-7.708504200927108,-4.732459933556698,-5.866666666666665
51735,VA,2019,Metro,22.0,5.5,-1.9798262532630273,-2.51308786867658,-1.4465646378494745,-2.5666666666666664
51740,VA,2019,Metro,19.3,20.9,-5.98261401515575,-6.881704809902706,-5.083523220408798,-6.533333333333335
51750,VA,2019,Metro,12.9,31.3,-2.769389874712094,-3.7578887701320864,-1.780890979292102,-2.533333333333333
51760,VA,2019,Metro,22.9,25.4,-5.369772672829458,-7.117510941198939,-3.6220344044599804,-6.300000000000001
51770,VA,2019,Metro,24.9,23.3,-6.3084250608909915,-7.939098471744615,-4.677751650037369,-7.833333333333332
51775,VA,2019,Metro,19.0,10.1,-1.9494682430835442,-2.4771839236947715,-1.4217525624723168,-3.333333333333334
51790,VA,2019,Metro,19.6,15.8,-4.282492266877696,-5.0818312746434,-3.483153259112,-3.4666666666666686
51800,VA,2019,Metro,21.5,11.5,-5.0792683032749535,-5.779361289998598,-4.3791753165513105,-5.266666666666666
51810,VA,2019,Metro,25.0,9.0,-4.2903492468788595,-5.222941820323422,-3.3577566734342996,-6.600000000000001
51820,VA,2019,Metro,24.1,16.7,-5.358822934702156,-6.073175613076824,-4.644470256327487,-6.300000000000001
51830,VA,2019,Metro,20.4,21.1,-3.7441681818637917,-4.391855657135391,-3.0964807065921924,-5.7333333333333325
51840,VA,2019,Metro,31.7,14.1,-5.8527478059730695,-6.802515472106296,-4.902980139839843,-9.333333333333336
16001,ID,2020,Metro,26.4,13.6,-4.142303439140319,-4.963859422277469,-3.320747456003169,-8.333333333333332
16003,ID,2020,Remote rural,29.7,17.3,-6.159718545879664,-7.152252543594655,-5.1671845481646725,-9.899999999999999
16005,ID,2020,Metro,25.7,17.7,-5.087368894904316,-6.476915497824669,-3.697822291983961,-9.0
16007,ID,2020,Remote rural,25.2,13.0,-3.721924954558805,-4.141828280660897,-3.3020216284567128,-4.800000000000001
16009,ID,2020,"Rural, near a metro",28.1,16.5,-5.484808583487126,-6.228221531060461,-4.74139563591379,-7.333333333333332
16011,ID,2020,"Rural, near a metro",32.4,14.1,-6.358242523852835,-7.8653179686631365,-4.851167079042535,-9.966666666666665
16013,ID,2020,Remote rural,47.8,9.9,-9.26681170662252,-10.71898559374161,-7.81463781950343,-14.399999999999999
16015,ID,2020,Metro,28.3,14.9,-4.632267800840532,-4.907511561041694,-4.35702404063937,-6.0
16017,ID,2020,"Rural, near a metro",25.1,17.0,-4.967064415397152,-5.517495287499528,-4.416633543294776,-4.533333333333335
16019,ID,2020,Metro,26.1,12.0,-4.4698313361160125,-5.435073732649253,-3.5045889395827716,-5.700000000000003
16021,ID,2020,Remote rural,33.1,17.8,-6.7628022538196735,-7.436312852809179,-6.089291654830169,-9.499999999999996
16023,ID,2020,Metro,23.1,17.1,-3.6238375565256975,-4.236942170513692,-3.010732942537702,-5.033333333333335
16025,ID,2020,Remote rural,24.8,13.1,-5.198507799758773,-5.763306596522048,-4.6337090029955,2.633333333333333
16027,ID,2020,Metro,32.5,20.1,-6.53173497135096,-8.37838092454496,-4.685089018156961,-9.166666666666668
16029,ID,2020,"Rural, near a metro",29.1,11.1,-3.8119628928026335,-4.433660019234368,-3.1902657663708998,-7.666666666666668
16031,ID,2020,Remote rural,37.5,15.3,-8.575138270698902,-10.856200966275523,-6.294075575122278,-10.866666666666664
16033,ID,2020,Remote rural,50.4,17.5,-9.771309916879202,-12.353199710261086,-7.18942012349732,-9.566666666666663
16035,ID,2020,"Rural, near a metro",30.1,17.8,-5.597932434918851,-6.339966287560237,-4.855898582277465,-12.3
16037,ID,2020,"Rural, near a metro",27.0,14.3,-5.040374169236139,-5.715545080839739,-4.365203257632537,-6.400000000000002
16039,ID,2020,"Rural, near a metro",31.7,16.6,-5.461179644051359,-6.7068984036406825,-4.215460884462038,-10.333333333333336
16041,ID,2020,Metro,31.4,12.3,-5.702242465071121,-6.248002099051933,-5.156482831090311,-8.666666666666664
16043,ID,2020,"Rural, near a metro",36.4,16.7,-8.20912339282792,-9.35060758471905,-7.067639200936793,-9.8
16045,ID,2020,Metro,29.9,18.4,-5.550246958496824,-6.212192279217104,-4.8883016377765385,-7.099999999999998
16047,ID,2020,Remote rural,39.7,16.3,-10.135512796929042,-11.429262389507796,-8.841763204350288,-8.733333333333334
16049,ID,2020,"Rural, near a metro",29.5,15.8,-5.8691674212351685,-6.9853138149752745,-4.753021027495064,-9.26666666666667
16051,ID,2020,Metro,35.2,13.1,-6.347106851720075,-7.411254796697893,-5.28295890674225,-10.400000000000002
16053,ID,2020,Remote rural,44.8,15.3,-9.681954775665439,-10.984323571180514,-8.379585980150356,-11.899999999999999
16055,ID,2020,Metro,26.8,13.3,-5.1430069187746925,-6.059148778276219,-4.226865059273164,-7.200000000000003
16057,ID,2020,"Rural, near a metro",22.1,18.1,-3.992547744992369,-4.445278123111023,-3.5398173668737143,-5.56666666666667
16059,ID,2020,Remote rural,27.1,18.0,-4.84357216370856,-5.444078604283848,-4.243065723133268,-8.166666666666668
16061,ID,2020,"Rural, near a metro",26.9,17.0,-5.881613777330291,-6.6399303437654025,-5.123297210895182,-8.133333333333333
16063,ID,2020,Remote rural,42.9,15.6,-10.183157406210212,-11.351372300728217,-9.014942511692203,-11.599999999999998
16065,ID,2020,"Rural, near a metro",14.9,29.1,-2.250793729842997,-3.0577979599059986,-1.4437894997799963,-2.033333333333333
16067,ID,2020,Remote rural,39.9,14.4,-10.451432357104707,-11.614811135758162,-9.288053578451267,-8.299999999999994
16069,ID,2020,Metro,25.0,13.4,-4.7814455849670585,-5.604600568332424,-3.9582906016016945,-6.599999999999998
16071,ID,2020,"Rural, near a metro",29.0,13.8,-4.37755950658292,-4.825875303791617,-3.9292437093742243,-8.633333333333333
16073,ID,2020,Metro,43.0,18.4,-9.997786031050698,-11.528581777004149,-8.46699028509724,-14.866666666666664
16075,ID,2020,"Rural, near a metro",35.8,17.6,-8.11417087515011,-10.038065480211392,-6.190276270088829,-12.366666666666664
16077,ID,2020,"Rural, near a metro",41.1,17.6,-10.586780361944134,-12.461674143634912,-8.711886580253356,-11.600000000000001
16079,ID,2020,"Rural, near a metro",24.3,19.4,-5.242428909706378,-5.998451134464046,-4.4864066849487125,-7.0
16081,ID,2020,Remote rural,37.5,12.8,-7.509026787454416,-8.228499357871367,-6.78955421703747,-4.5
16083,ID,2020,Remote rural,31.1,16.0,-5.812250412232039,-7.0583096941767565,-4.566191130287319,-6.833333333333332
16085,ID,2020,"Rural, near a metro",28.6,11.7,-5.14999343692554,-5.595368115162655,-4.704618758688422,-6.100000000000001
16087,ID,2020,"Rural, near a metro",35.0,17.9,-7.736806659625656,-8.989853718252816,-6.48375960099849,-13.900000000000002
49001,UT,2020,Remote rural,26.5,10.6,-4.499601717336588,-4.972884686589047,-4.026318748084129,-1.100000000000005
49003,UT,2020,Metro,24.7,10.4,-3.155677947166822,-4.022337658997833,-2.2890182353358126,-4.199999999999999
49005,UT,2020,Metro,19.0,14.2,-1.8603644961426038,-2.8052792228182835,-0.9154497694669248,-0.43333333333333357
49007,UT,2020,Remote rural,18.9,16.1,-1.8952645106407535,-2.5630844219290143,-1.227444599352491,-2.5333333333333314
49009,UT,2020,Remote rural,18.1,7.5,-1.969219071917902,-2.390296321956642,-1.5481418218791607,1.533333333333335
49011,UT,2020,Metro,23.8,8.2,-2.969320953549861,-3.9486206255384495,-1.9900212815612717,-4.533333333333331
49013,UT,2020,Remote rural,25.6,10.5,-5.145524290682899,-5.86843907841823,-4.4226095029475685,-4.333333333333336
49015,UT,2020,Remote rural,21.5,13.0,-1.5694796517360279,-2.142660757973133,-0.996298545498921,-1.1333333333333329
49017,UT,2020,Remote rural,30.7,12.0,-4.93268148719348,-5.482251927491018,-4.38311104689594,-7.133333333333333
49019,UT,2020,Remote rural,31.4,14.8,-5.353434103062459,-6.381287258663397,-4.325580947461521,-4.4999999999999964
49021,UT,2020,"Rural, near a metro",20.8,19.4,-3.9449878424082283,-4.676558984822262,-3.213416699994195,-1.5
49023,UT,2020,Metro,22.9,12.3,-3.542008032026487,-4.142938824279597,-2.941077239773375,-0.46666666666666146
49025,UT,2020,"Rural, near a metro",19.6,12.3,-1.8624532349749603,-2.083135405452065,-1.6417710644978554,0.06666666666666643
49027,UT,2020,Remote rural,31.2,13.7,-5.082854995502557,-5.907356529561551,-4.258353461443561,-5.5
49029,UT,2020,Metro,24.6,5.4,-2.3429565693382757,-2.8164171236238786,-1.8694960150526712,-3.033333333333335
49031,UT,2020,Remote rural,21.5,21.8,-3.712707276523613,-4.290053273867526,-3.1353612791797016,-2.2666666666666657
49033,UT,2020,"Rural, near a metro",20.0,11.2,-1.5378488586694257,-1.976348414338647,-1.0993493030002042,6.5
49035,UT,2020,Metro,29.6,12.7,-4.959905454008301,-6.192604328594961,-3.7272065794216416,-5.033333333333335
49037,UT,2020,Remote rural,27.0,27.6,-6.099259993357889,-7.014038022078001,-5.184481964637776,-6.233333333333334
49039,UT,2020,"Rural, near a metro",27.4,18.2,-4.71029451615167,-5.67809311648132,-3.7424959158220217,-5.033333333333335
49041,UT,2020,Remote rural,20.5,13.7,-3.537316541694219,-4.2514733807092,-2.823159702679237,0.533333333333335
49043,UT,2020,"Rural, near a metro",35.2,7.6,-6.055733701967978,-6.974358839723225,-5.1371085642127365,-5.533333333333335
49045,UT,2020,Metro,26.6,9.1,-4.412760495031633,-4.9476070911540715,-3.877913898909197,-3.9333333333333336
49047,UT,2020,Remote rural,27.1,10.8,-5.343605825706667,-6.28766971785577,-4.399541933557562,-4.300000000000001
49049,UT,2020,Metro,20.0,13.8,-2.624327283797458,-3.7614705397811568,-1.4871840278137585,-1.6333333333333364
49051,UT,2020,"Rural, near a metro",32.3,8.2,-5.3596880934344275,-5.874028270031451,-4.845347916837403,-6.833333333333329
49053,UT,2020,Metro,29.2,15.4,-4.681854574002051,-5.88847108435677,-3.4752380636473355,-5.399999999999999
49055,UT,2020,Remote rural,26.2,15.9,-4.588252096393076,-5.161571335616892,-4.014932857169259,1.6666666666666643
49057,UT,2020,Metro,22.2,13.3,-3.4716266723347644,-4.3345385350888135,-2.608714809580715,0.3000000000000007
31001,NE,2021,"Rural, near a metro",23.9,11.4,-3.5537280584431636,-4.1927494962600145,-2.9147066206263137,-5.366666666666667
31003,NE,2021,Remote rural,23.6,12.8,-3.4413992582360056,-3.8854378573010293,-2.99736065917098,-5.633333333333336
31005,NE,2021,Remote rural,10.3,9.2,-2.2104535949015225,-2.5631163223508486,-1.8577908674521981,1.4333333333333336
31007,NE,2021,Remote rural,13.2,12.3,-1.9358305842198926,-2.3654563404305073,-1.506204828009277,1.7666666666666675
31009,NE,2021,Remote rural,10.5,18.0,-2.5374145518132245,-3.112781198711146,-1.9620479049153026,0.40000000000000036
31011,NE,2021,Remote rural,18.6,9.9,-1.7081043828078242,-2.1378990937435596,-1.2783096718720879,-2.733333333333336
31013,NE,2021,Remote rural,27.9,12.9,-4.675013370817536,-5.536999424811575,-3.813027316823495,-6.966666666666665
31015,NE,2021,Remote rural,17.2,13.9,-2.367677353523903,-2.9544097612797975,-1.780944945768009,-2.2333333333333325
31017,NE,2021,Remote rural,18.6,13.8,-2.4244618815297634,-2.7377473591868258,-2.1111764038727,-1.2666666666666693
31019,NE,2021,"Rural, near a metro",23.0,12.7,-3.3271542401036562,-4.023487743627072,-2.6308207365802403,-4.900000000000002
31021,NE,2021,"Rural, near a metro",26.6,11.7,-4.210356375924316,-4.597323834274231,-3.8233889175744,-9.56666666666667
31023,NE,2021,"Rural, near a metro",20.4,9.8,-1.9700599088291881,-2.2109784554571705,-1.7291413622012057,-2.4999999999999964
31025,NE,2021,Metro,22.8,8.2,-2.318598628176192,-2.8808903749038284,-1.756306881448557,-5.866666666666667
31027,NE,2021,Remote rural,23.6,9.4,-2.717884999809841,-3.1157012177303103,-2.3200687818893697,-6.300000000000001
31029,NE,2021,Remote rural,33.0,9.8,-5.568150216023088,-6.140196778728908,-4.996103653317271,-8.0
31031,NE,2021,Remote rural,17.8,13.5,-3.9878483788788146,-4.475480001154976,-3.500216756602655,-4.633333333333335
31033,NE,2021,Remote rural,18.4,9.9,-1.5887667450518246,-1.9588385876620642,-1.218694902441585,-3.366666666666667
31035,NE,2021,"Rural, near a metro",27.6,11.4,-3.8780103556143755,-4.454951849532338,-3.301068861696413,-7.100000000000005
31037,NE,2021,Remote rural,46.1,10.1,-9.63981252249561,-10.774641688626506,-8.504983356364708,-9.56666666666667
31039,NE,2021,Remote rural,29.9,9.8,-4.747725174140896,-5.444637986191634,-4.050812362090164,-6.633333333333333
31041,NE,2021,Remote rural,19.6,13.1,-2.9994118743207303,-3.4788896131805966,-2.519934135460863,-4.8000000000000025
31043,NE,2021,Metro,35.9,14.4,-7.846190316124634,-9.28704030489237,-6.405340327356906,-12.000000000000004
31045,NE,2021,Remote rural,18.8,17.5,-3.7411548770548433,-4.285359995033886,-3.196949759075801,-4.7333333333333325
31047,NE,2021,Remote rural,38.4,14.8,-8.613452915666198,-10.895622979461791,-6.331282851870604,-13.23333333333333
31049,NE,2021,Remote rural,24.1,12.8,-3.304548901973789,-3.906297507769999,-2.702800296177579,-8.833333333333336
31051,NE,2021,Metro,34.1,10.2,-5.335424270943606,-6.555927975100799,-4.1149205667864095,-8.700000000000006
31053,NE,2021,"Rural, near a metro",25.9,11.3,-4.1721815283904995,-4.483893432903066,-3.8604696238779326,-6.233333333333331
31055,NE,2021,Metro,24.9,15.2,-3.6727368638908953,-4.757085438369223,-2.588388289412567,-3.833333333333332
31057,NE,2021,Remote rural,28.5,13.6,-5.715722064940289,-6.395276904993922,-5.036167224886656,-9.766666666666666
31059,NE,2021,"Rural, near a metro",21.6,9.0,-2.0502380244929426,-2.534092169756277,-1.566383879229607,-4.566666666666666
31061,NE,2021,Remote rural,18.6,13.0,-1.8965833635195346,-2.3222830778991694,-1.4708836491399018,-3.633333333333333
31063,NE,2021,Remote rural,15.4,13.4,-1.9005471349310086,-2.1546836355760663,-1.6464106342859532,-0.6999999999999993
31065,NE,2021,Remote rural,24.6,14.2,-3.8370319903221466,-4.101836217514758,-3.572227763129534,-8.333333333333336
31067,NE,2021,"Rural, near a metro",20.2,11.3,-2.688901806090048,-3.187799499371146,-2.1900041128089502,-6.2666666666666675
31069,NE,2021,Remote rural,17.3,15.9,-2.1926232634690197,-2.6887244038911824,-1.6965221230468597,-2.7666666666666675
31071,NE,2021,Remote rural,12.7,12.9,-2.2284428746964298,-2.6297434677901075,-1.8271422816027503,-0.466666666666665
31073,NE,2021,Remote rural,27.4,9.9,-3.62798142139655,-4.2596307667994715,-2.996332075993628,-8.099999999999998
31075,NE,2021,Remote rural,18.3,11.1,-2.6567284115718555,-3.133840706526413,-2.179616116617298,-3.9333333333333336
31077,NE,2021,"Rural, near a metro",17.0,13.6,-2.7366061756279945,-3.340180054927161,-2.1330322963288286,0.40000000000000213
31079,NE,2021,Metro,35.7,14.9,-7.3721907951415595,-9.055607493456558,-5.688774096826561,-11.566666666666674
31081,NE,2021,Metro,21.9,8.8,-2.196043462222521,-2.7319616515651175,-1.6601252728799258,-6.166666666666666
31083,NE,2021,Remote rural,21.9,12.1,-3.2720943204055013,-3.5251308105917207,-3.01905783021928,-1.5999999999999979
31085,NE,2021,Remote rural,15.4,14.6,-5.667327324039324,-6.868049916231871,-4.466604731846776,1.5666666666666682
31087,NE,2021,Remote rural,19.4,15.0,-2.65171478659959,-3.2086322266476586,-2.0947973465515197,-3.599999999999996
31089,NE,2021,Remote rural,17.7,13.0,-2.1617347808281346,-2.5879434465109266,-1.735526115145343,-1.0666666666666664
31091,NE,2021,Remote rural,28.0,9.9,-4.243431547274381,-4.6134746340258,-3.873388460522965,-11.533333333333335
31093,NE,2021,Metro,17.9,10.9,-1.697377735072539,-1.9129837028983834,-1.481771767246696,-2.9999999999999982
31095,NE,2021,Remote rural,20.8,12.7,-3.0436490680845893,-3.461796950956279,-2.6255011852128995,-4.533333333333331
31097,NE,2021,"Rural, near a metro",19.3,14.8,-3.9592687130091355,-4.71876667970701,-3.1997707463112603,-6.066666666666666
31099,NE,2021,Remote rural,23.2,9.2,-1.9050074358445022,-2.458324770234359,-1.3516901014546454,-4.5
31101,NE,2021,Remote rural,20.4,13.9,-3.8053013051378883,-4.127151579620177,-3.483451030655599,-3.3000000000000007
31103,NE,2021,Remote rural,10.4,19.4,-3.7095918385515705,-4.740170514114226,-2.6790131629889125,5.166666666666668
31105,NE,2021,"Rural, near a metro",25.5,13.6,-4.424430975062638,-5.246391035163356,-3.6024709149619185,-5.666666666666668
31107,NE,2021,Remote rural,24.7,15.1,-4.330005870483365,-4.853052464935042,-3.80695927603169,-8.766666666666667
31109,NE,2021,Metro,21.3,14.8,-2.6536784774235316,-3.6432468467374672,-1.6641101081095973,-5.633333333333335
31111,NE,2021,Remote rural,21.7,12.6,-3.3379190110096513,-4.061905872751083,-2.6139321492682193,-6.799999999999999
31113,NE,2021,Remote rural,20.0,10.6,-1.7945839062553646,-2.2315330520404557,-1.3576347604702736,-6.033333333333333
31115,NE,2021,Remote rural,10.5,16.7,-2.2303083544376414,-2.7128907398469013,-1.7477259690283815,-0.20000000000000107
31117,NE,2021,Remote rural,14.5,14.9,-2.203375985970332,-2.643832302772095,-1.7629196691685687,-2.666666666666666
31119,NE,2021,Remote rural,28.0,12.5,-4.693304829126041,-5.465640367990015,-3.920969290262066,-8.233333333333334
31121,NE,2021,Metro,21.9,11.1,-2.4800662684052597,-3.0815280028406637,-1.8786045339698556,-4.733333333333334
31123,NE,2021,Remote rural,27.4,13.4,-4.816998231764081,-5.282257071661606,-4.35173939186656,-9.166666666666664
31125,NE,2021,"Rural, near a metro",18.3,12.6,-1.849532751039887,-2.1277649513453074,-1.5713005507344673,-3.166666666666668
31127,NE,2021,Remote rural,21.1,13.2,-2.609097737119542,-3.2901139377806827,-1.9280815364584034,-3.466666666666665
31129,NE,2021,Remote rural,21.9,11.6,-2.3824864584347227,-2.8603667701823756,-1.904606146687072,-2.9333333333333336
31131,NE,2021,"Rural, near a metro",23.7,9.8,-2.671938060039072,-3.2794053361450177,-2.0644707839331264,-4.366666666666667
31133,NE,2021,Remote rural,19.9,15.2,-3.033223187498382,-3.538972816511232,-2.527473558485532,-2.0666666666666664
31135,NE,2021,Remote rural,25.4,10.0,-4.776823888926523,-5.5897101397725395,-3.963937638080505,-3.8999999999999986
31137,NE,2021,Remote rural,21.4,8.7,-2.907941873033343,-3.5520582575859927,-2.263825488480694,-3.599999999999998
31139,NE,2021,Remote rural,18.4,9.6,-1.6077544537076207,-2.009157973446432,-1.2063509339688094,-2.966666666666667
31141,NE,2021,Remote rural,28.9,10.2,-4.798162904380618,-5.26790390475716,-4.328421904004076,-6.333333333333332
31143,NE,2021,Remote rural,30.3,8.9,-4.3459471411359605,-4.8697890067397,-3.8221052755322207,-8.833333333333336
31145,NE,2021,Remote rural,19.1,12.2,-3.58294898711332,-3.9938762296972468,-3.172021744529394,-1.9000000000000021
31147,NE,2021,Remote rural,24.2,14.4,-4.177850846511682,-4.6797998082143355,-3.6759018848090292,-8.366666666666665
31149,NE,2021,Remote rural,15.3,15.2,-2.420227832534119,-2.7569562568551915,-2.083499408213046,-0.9666666666666668
31151,NE,2021,"Rural, near a metro",34.8,12.0,-6.634357356828807,-8.005895643242301,-5.262819070415309,-7.166666666666661
31153,NE,2021,Metro,20.7,6.3,-2.0258234228067384,-2.87959870329158,-1.1720481423218967,-3.633333333333333
31155,NE,2021,Metro,24.9,8.7,-2.3906004609501634,-2.9033596982123617,-1.8778412236879642,-8.466666666666665
31157,NE,2021,Remote rural,25.8,15.2,-5.509179917789543,-6.56507399885968,-4.453285836719407,-7.966666666666669
31159,NE,2021,Metro,22.1,10.2,-1.4698742046437823,-1.98873870776572,-0.9510097015218443,-5.400000000000002
31161,NE,2021,Remote rural,21.6,16.0,-4.973780037505035,-5.63567345784621,-4.31188661716386,-4.733333333333334
31163,NE,2021,"Rural, near a metro",16.1,13.8,-2.0664057101088558,-2.582306450800479,-1.5505049694172315,-1.1666666666666696
31165,NE,2021,Remote rural,11.0,16.5,-2.132070881240535,-2.448313074987093,-1.815828687493973,2.8000000000000025
31167,NE,2021,Remote rural,23.7,8.3,-1.6384715784288866,-2.1441906197635046,-1.132752537094268,-6.466666666666665
31169,NE,2021,Remote rural,21.4,13.1,-2.291406115689574,-2.7081573004490354,-1.8746549309301141,-4.866666666666664
31171,NE,2021,Remote rural,17.1,15.5,-3.842154458847907,-4.372268728594819,-3.3120401891009905,-3.200000000000001
31173,NE,2021,"Rural, near a metro",25.1,30.5,-6.070634180412288,-7.101233738886595,-5.040034621937981,-12.16666666666667
31175,NE,2021,Remote rural,21.4,12.3,-3.6568771675646383,-3.9309442481980814,-3.382810086931195,-4.733333333333331
31177,NE,2021,Metro,22.3,7.7,-1.9292271279060949,-2.3077007324915617,-1.5507535233206275,-5.600000000000001
31179,NE,2021,"Rural, near a metro",21.6,13.2,-1.6106066435256097,-2.283326632332631,-0.9378866547185873,-4.933333333333334
31181,NE,2021,Remote rural,19.0,12.4,-1.8601761856118266,-2.2475678816619893,-1.472784489561664,-3.4666666666666686
31183,NE,2021,Remote rural,11.2,16.0,-2.4326914121425367,-2.932800987932466,-1.9325818363526075,0.5000000000000018
31185,NE,2021,"Rural, near a metro",20.4,9.8,-2.034383055756824,-2.6037755252948624,-1.4649905862187866,-6.2333333333333325
