county_fips,county_name,state,rurality,base_rate,predicted_effect_pts,effect_lo,effect_hi,predicted_rate_after,low_income_adults_2023,uninsured_2023,adults_gaining_coverage
48201,Harris County,TX,Metro,45.7,-6.975391568724514,-10.29745305084699,-3.653330086602041,38.72460843127549,577007.0,263692.199,40248.49762895025
48113,Dallas County,TX,Metro,45.1,-6.963723742544786,-9.981048006955406,-3.946399478134162,38.136276257455215,283034.0,127648.334,19709.70585747421
48029,Bexar County,TX,Metro,35.3,-7.4610070428577195,-10.11581837071818,-4.806195714997264,27.838992957142278,243316.0,85890.548,18153.823896399692
12086,Miami-Dade County,FL,Metro,27.7,-5.49965587471244,-8.828221746359684,-2.171090003065195,22.200344125287558,293939.0,81421.103,16165.633481570998
48215,Hidalgo County,TX,Metro,47.3,-9.321187059365162,-12.364733419825512,-6.277640698904827,37.97881294063484,157956.0,74713.188,14723.374231490834
48439,Tarrant County,TX,Metro,39.9,-6.223445675695288,-7.67929348395846,-4.76759786743212,33.67655432430471,198035.0,79015.965,12324.600643863165
48141,El Paso County,TX,Metro,44.3,-9.814821171846415,-12.062211137062132,-7.567431206630671,34.48517882815358,122253.0,54158.079,11998.913327217397
48061,Cameron County,TX,Metro,44.7,-11.387777692625573,-13.379416108939083,-9.396139276312045,33.31222230737443,70796.0,31645.812,8062.0910952712
12011,Broward County,FL,Metro,27.9,-3.9646033085145223,-4.988248187903163,-2.940958429125884,23.935396691485476,176303.0,49188.537000000004,6989.714571010358
48453,Travis County,TX,Metro,30.6,-5.548702887836078,-6.699886701070454,-4.3975190746017105,25.051297112163923,120076.0,36743.256,6662.660479598049
12095,Orange County,FL,Metro,25.8,-4.012451062563469,-5.304295423696926,-2.7206067014300137,21.787548937436533,160139.0,41315.862,6425.4990070785125
12057,Hillsborough County,FL,Metro,26.2,-3.605412646633601,-4.613231460669815,-2.5975938325973873,22.5945873533664,159300.0,41736.6,5743.422346087326
47157,Shelby County,TN,Metro,26.3,-4.682451728230271,-5.65180967066125,-3.7130937857992907,21.617548271769728,108659.0,28577.317000000003,5087.90522337773
13135,Gwinnett County,GA,Metro,39.2,-5.769924894995373,-7.497188375709576,-4.042661414281172,33.43007510500463,84724.0,33211.808000000005,4888.5111680358805
12099,Palm Beach County,FL,Metro,32.1,-3.9695977265149023,-4.828221891329306,-3.1109735617004994,28.1304022734851,118530.0,38048.13,4705.1641852381135
13121,Fulton County,GA,Metro,26.5,-4.546415953230628,-5.656049014115323,-3.436782892345934,21.95358404676937,101781.0,26971.965,4627.387621357666
12031,Duval County,FL,Metro,22.8,-4.105621903310976,-5.397442716729188,-2.8138010898927632,18.694378096689025,109146.0,24885.288000000004,4481.122082587798
48339,Montgomery County,TX,Metro,45.7,-7.709534939261212,-9.754540660724011,-5.664529217798413,37.99046506073879,55051.0,25158.307,4244.176079412689
37119,Mecklenburg County,NC,Metro,32.1,-4.214653734091495,-5.4854175297545575,-2.9438899384284336,27.885346265908506,96223.0,30887.583000000002,4055.4662625548594
48085,Collin County,TX,Metro,35.1,-5.979640379946749,-6.729643694939881,-5.229637064953609,29.120359620053254,64811.0,22748.661,3875.464726647287
48121,Denton County,TX,Metro,34.6,-5.973581520808783,-6.762807725153826,-5.1843553164637415,28.62641847919122,64160.0,22199.36,3832.649903750915
48157,Fort Bend County,TX,Metro,38.9,-6.849277604633577,-8.117695182760848,-5.580860026506306,32.05072239536642,55231.0,21484.859,3782.924513815171
01073,Jefferson County,AL,Metro,25.0,-5.157201899073004,-6.212374303178789,-4.102029494967226,19.842798100926995,73164.0,18291.0,3773.215197437773
48479,Webb County,TX,Metro,47.1,-9.412886096163565,-12.300410749631853,-6.525361442695273,37.68711390383643,39897.0,18791.487,3755.459165786377
12103,Pinellas County,FL,Metro,28.6,-4.530088448244124,-5.718658623266482,-3.341518273221767,24.06991155175588,81089.0,23191.453999999998,3673.403421796678
12071,Lee County,FL,Metro,33.1,-5.360727155464202,-6.453889452949536,-4.2675648579788685,27.739272844535797,68098.0,22540.438000000002,3650.5479783280125
48355,Nueces County,TX,Metro,35.2,-8.516779991189487,-11.297446819090606,-5.736113163288358,26.683220008810515,41837.0,14726.624000000002,3563.165244913946
37183,Wake County,NC,Metro,25.3,-4.33717208254683,-5.331535892120111,-3.3428082729735524,20.962827917453172,77227.0,19538.431,3349.4678841884397
12105,Polk County,FL,Metro,28.4,-3.8130422392764367,-5.06526763098829,-2.5608168475645856,24.58695776072356,87689.0,24903.676,3343.6186091991144
13089,DeKalb County,GA,Metro,32.6,-4.317101569128309,-5.423759976463629,-3.2104431617929903,28.282898430871693,75857.0,24729.382,3274.8237372936615
12097,Osceola County,FL,Metro,24.6,-5.560764342079396,-8.011396955045065,-3.1101317291137267,19.039235657920607,53651.0,13198.146,2983.4056771690166
47037,Davidson County,TN,Metro,26.9,-4.046706825485938,-5.188392980336034,-2.9050206706358415,22.85329317451406,71650.0,19273.85,2899.4654404606745
01097,Mobile County,AL,Metro,23.0,-5.35466520230342,-6.581153997733398,-4.128176406873445,17.64533479769658,53162.0,12227.26,2846.6471148485443
13067,Cobb County,GA,Metro,35.7,-5.26488756984927,-6.127912201877215,-4.401862937821325,30.43511243015073,52736.0,18826.752,2776.4911088357107
37081,Guilford County,NC,Metro,22.9,-4.485932271200036,-5.476056376819245,-3.495808165580818,18.414067728799964,59792.0,13692.367999999999,2682.228623595925
12127,Volusia County,FL,Metro,21.7,-4.282886395181722,-5.054747031405595,-3.5110257589578477,17.417113604818276,56257.0,12207.768999999998,2409.4233993373814
12101,Pasco County,FL,Metro,25.3,-4.4984337061265265,-5.158231832944356,-3.83863557930869,20.801566293873474,53435.0,13519.055,2403.7380508687093
12009,Brevard County,FL,Metro,26.0,-4.512120091586702,-5.128955395025422,-3.8952847881479884,21.487879908413298,51918.0,13498.68,2342.602509149984
48491,Williamson County,TX,Metro,35.2,-6.10066362862173,-7.139673599794258,-5.0616536574492015,29.09933637137827,38274.0,13472.448,2334.967997218681
47093,Knox County,TN,Metro,25.4,-4.56923067504944,-5.344594905176356,-3.79386644492252,20.83076932495056,50799.0,12902.945999999998,2321.123490618365
20173,Sedgwick County,KS,Metro,25.0,-4.099398300866299,-5.307135917874145,-2.8916606838584524,20.900601699133702,55992.0,13998.0,2295.3350966210583
48303,Lubbock County,TX,Metro,28.6,-4.885926723594529,-5.629598396876816,-4.142255050312243,23.714073276405472,45780.0,13093.08,2236.777254061575
48041,Brazos County,TX,Metro,28.2,-4.960139525642855,-6.583145391156523,-3.3371336601291897,23.239860474357144,44611.0,12580.302,2212.7678437845343
45045,Greenville County,SC,Metro,28.1,-4.395793263717807,-5.2390018080478615,-3.5525847193877507,23.704206736282195,49931.0,14030.611,2194.8635345069383
45079,Richland County,SC,Metro,21.1,-4.213387292450718,-5.598421708070507,-2.8283528768309285,16.886612707549283,51787.0,10927.057000000003,2181.9868771414535
48027,Bell County,TX,Metro,30.5,-4.53321527842471,-5.7006759034732655,-3.3657546533761553,25.96678472157529,45416.0,13851.88,2058.805050849366
45051,Horry County,SC,Metro,26.3,-4.759828111273032,-5.586481413448752,-3.933174809097313,21.540171888726967,42417.0,11155.671,2018.9762899586822
55079,Milwaukee County,WI,Metro,15.3,-1.6623516809583416,-2.409704008361436,-0.9149993535552485,13.63764831904166,115517.0,17674.101000000002,1920.2987912926474
45083,Spartanburg County,SC,Metro,26.2,-4.852147887258827,-5.750471334858124,-3.953824439659534,21.347852112741172,39437.0,10332.494,1913.5415622982634
12073,Leon County,FL,Metro,16.9,-4.327325654409477,-5.597289917300664,-3.0573613915182927,12.57267434559052,44169.0,7464.561,1911.336468296122
13063,Clayton County,GA,Metro,31.1,-4.449120187028066,-5.349516613692724,-3.548723760363404,26.650879812971937,42776.0,13303.336000000001,1903.1556512031252
12083,Marion County,FL,Metro,24.9,-4.2335386410690905,-5.471954006926519,-2.9951232752116583,20.66646135893091,44467.0,11072.283000000001,1882.5276275241927
48039,Brazoria County,TX,Metro,38.2,-6.770243675624658,-8.671462108873325,-4.869025242376006,31.429756324375344,27653.0,10563.446000000002,1872.1754836204868
28049,Hinds County,MS,Metro,25.1,-5.600191285988477,-7.742311057795614,-3.458071514181339,19.499808714011525,32074.0,8050.5740000000005,1796.205353067944
45019,Charleston County,SC,Metro,24.6,-4.784096744670593,-6.04275194936527,-3.525441539975916,19.81590325532941,37037.0,9111.102,1771.8859113236474
37067,Forsyth County,NC,Metro,26.4,-4.149631487322214,-5.01063706762034,-3.2886259070240906,22.250368512677785,42431.0,11201.784,1760.7301363856886
12001,Alachua County,FL,Metro,20.6,-3.992162151776054,-5.279439559912372,-2.7048847436397327,16.607837848223948,43514.0,8963.884,1737.1494387238322
01101,Montgomery County,AL,Metro,24.4,-5.763163640245839,-7.120952302399436,-4.405374978092241,18.63683635975416,29971.0,7312.923999999999,1727.2777746180805
13245,Richmond County,GA,Metro,23.6,-5.735975959364297,-7.459279006631873,-4.012672912096722,17.864024040635705,29913.0,7059.468000000001,1715.8024887246422
47065,Hamilton County,TN,Metro,24.6,-5.026380162945633,-5.9060188206283435,-4.1467415052629235,19.57361983705437,34055.0,8377.53,1711.7337644911352
12033,Escambia County,FL,Metro,26.1,-4.914290012990714,-6.1187544523613635,-3.709825573620064,21.18570998700929,34700.0,9056.7,1705.2586345077777
48209,Hays County,TX,Metro,31.9,-6.09949788787186,-7.098503257120612,-5.10049251862311,25.80050211212814,27781.0,8862.139,1694.5015082296816
48245,Jefferson County,TX,Metro,41.8,-5.204524877148582,-7.598820835730292,-2.8102289185668767,36.59547512285141,32274.0,13490.532,1679.7083588509333
48309,McLennan County,TX,Metro,31.6,-4.621606297707773,-5.737725327706183,-3.505487267709367,26.97839370229223,36097.0,11406.652,1668.2612252835747
48167,Galveston County,TX,Metro,38.7,-5.420385322890046,-8.905694929868806,-1.9350757159112795,33.279614677109954,30630.0,11853.81,1660.264024401221
12069,Lake County,FL,Metro,27.5,-4.538953192151009,-5.3418021573563585,-3.7361042269456597,22.96104680784899,36334.0,9991.85,1649.1832528361479
12117,Seminole County,FL,Metro,24.4,-4.138987630096767,-4.912571446904906,-3.36540381328863,20.26101236990323,39826.0,9717.544,1648.3932135623384
12021,Collier County,FL,Metro,41.1,-6.526414454757484,-8.599976132172456,-4.452852777342512,34.573585545242516,24730.0,10164.03,1613.9822946615259
12081,Manatee County,FL,Metro,29.8,-4.736975172818148,-5.655649647816874,-3.818300697819423,25.063024827181852,33656.0,10029.488000000001,1594.276364163676
13051,Chatham County,GA,Metro,28.4,-4.994390760867483,-6.118108529706465,-3.8706729920284975,23.405609239132517,31868.0,9050.511999999999,1591.6124476732493
13021,Bibb County,GA,Metro,21.5,-6.308470582918535,-7.737535131860981,-4.879406033976088,15.191529417081465,24364.0,5238.26,1536.9957728222719
12111,St. Lucie County,FL,Metro,28.8,-4.235753641192963,-5.475683696998141,-2.995823585387784,24.56424635880704,35747.0,10295.136,1514.1548541172483
37051,Cumberland County,NC,Metro,17.9,-3.563601073937591,-5.322934045598125,-1.8042681022770568,14.336398926062408,42017.0,7521.043,1497.3182632363576
28047,Harrison County,MS,Metro,27.1,-5.171635678709153,-6.0266985534398625,-4.316572803978449,21.92836432129085,28916.0,7836.236000000001,1495.4301728555386
47149,Rutherford County,TN,Metro,25.5,-4.601992135299626,-5.768319470640842,-3.4356647999584133,20.898007864700375,32425.0,8268.375,1492.1959498709036
48135,Ector County,TX,Metro,40.8,-8.780581233947519,-10.16198701168555,-7.399175456209488,32.01941876605248,16826.0,6865.007999999999,1477.4205984240095
13215,Muscogee County,GA,Metro,23.4,-5.397666963246526,-6.81167343184663,-3.983660494646422,18.002333036753473,27289.0,6385.626,1472.9693376003445
01089,Madison County,AL,Metro,25.2,-4.174568684854836,-4.763244813097854,-3.585892556611821,21.025431315145163,34992.0,8817.984,1460.7650742044043
37147,Pitt County,NC,Metro,20.8,-5.292386844568579,-7.04074400696789,-3.5440296821692705,15.507613155431422,27433.0,5706.064,1451.8604830704983
37021,Buncombe County,NC,Metro,28.9,-5.1911099139125545,-5.714412750465026,-4.667807077360079,23.708890086087443,27530.0,7956.17,1429.1125593001263
48251,Johnson County,TX,Metro,38.1,-7.6567174224222825,-9.085490550086577,-6.227944294757988,30.44328257757772,18283.0,6965.823,1399.8776463414658
37063,Durham County,NC,Metro,28.2,-4.271103100739058,-5.006769426208621,-3.535436775269496,23.92889689926094,32063.0,9041.766,1369.443787189964
48375,Potter County,TX,Metro,39.2,-7.875336975227363,-9.30137566511355,-6.449298285341163,31.32466302477264,16974.0,6653.808000000001,1336.7596981750924
48427,Starr County,TX,"Rural, near a metro",44.6,-10.70347589059654,-12.321426566701293,-9.085525214491762,33.89652410940346,12450.0,5552.7,1332.582748379269
12115,Sarasota County,FL,Metro,28.5,-4.9678852468929655,-5.770487390574929,-4.165283103211,23.532114753107034,26634.0,7590.69,1323.1465566574725
13139,Hall County,GA,Metro,36.4,-6.558168241040548,-8.362433879862671,-4.753902602218423,29.84183175895945,20174.0,7343.335999999999,1323.04486094752
48257,Kaufman County,TX,Metro,41.3,-8.195728004527426,-9.091513377488592,-7.299942631566263,33.10427199547257,16129.0,6661.276999999999,1321.8889698502287
37155,Robeson County,NC,"Rural, near a metro",19.1,-7.078174336896617,-7.801396873088369,-6.354951800704876,12.021825663103385,18411.0,3516.501,1303.1626771660362
48423,Smith County,TX,Metro,36.6,-4.900883954017053,-6.929111325654589,-2.872656582379521,31.699116045982947,26084.0,9546.744,1278.3465705658082
13059,Clarke County,GA,Metro,23.1,-4.854107330565034,-5.989040626034992,-3.719174035095077,18.245892669434966,25841.0,5969.271000000001,1254.3498752913106
48139,Ellis County,TX,Metro,38.1,-7.487643270984036,-8.363136827185917,-6.612149714782155,30.612356729015964,16566.0,6311.646,1240.4029842712155
37071,Gaston County,NC,Metro,24.7,-4.8261925138920745,-5.9141499477734545,-3.7382350800106967,19.873807486107925,24935.0,6158.945,1203.4111033389888
45007,Anderson County,SC,Metro,25.4,-5.217242259702747,-6.103106741466152,-4.33137777793934,20.18275774029725,22749.0,5778.246,1186.870441659778
13151,Henry County,GA,Metro,25.8,-5.426301483108164,-6.051626545822156,-4.800976420394173,20.373698516891835,21342.0,5506.236,1158.0812625249443
37129,New Hanover County,NC,Metro,24.0,-4.719342455145145,-5.525536586694399,-3.9131483235958915,19.280657544854854,23716.0,5691.84,1119.2392566622227
13057,Cherokee County,GA,Metro,38.0,-7.085229616826965,-8.028761997680615,-6.141697235973319,30.914770383173035,15769.0,5992.22,1117.269858277444
45041,Florence County,SC,Metro,20.5,-6.167190310585517,-7.270081622644336,-5.064298998526699,14.332809689414482,17694.0,3627.27,1091.2226535550014
13185,Lowndes County,GA,Metro,24.6,-6.028017035872066,-6.942807042605266,-5.1132270291388675,18.571982964127933,17739.0,4363.794,1069.3099419933458
13313,Whitfield County,GA,Metro,40.9,-8.671269076507501,-10.764381175317219,-6.578156977697771,32.2287309234925,11977.0,4898.593,1038.5578972933033
45063,Lexington County,SC,Metro,22.2,-3.5762411277414285,-4.701022122226024,-2.451460133256833,18.62375887225857,28812.0,6396.264,1030.3865937248604
48329,Midland County,TX,Metro,37.0,-7.695505017839054,-9.48218364370744,-5.9088263919706705,29.304494982160946,13384.0,4952.08,1029.966391587579
28059,Jackson County,MS,Metro,27.9,-5.5931023558292,-6.243181617946515,-4.943023093711885,22.3068976441708,18392.0,5131.3679999999995,1028.6833852841064
45091,York County,SC,Metro,24.5,-4.7183634483169605,-6.225287396429284,-3.211439500204637,19.78163655168304,21630.0,5299.35,1020.5820138709586
12053,Hernando County,FL,Metro,24.1,-4.591106518818397,-5.238743834743492,-3.9434692028933025,19.508893481181605,22141.0,5335.981,1016.5168943315813
12005,Bay County,FL,Metro,29.1,-5.217824562076018,-6.523765256093718,-3.9118838680583154,23.882175437923983,19454.0,5661.1140000000005,1015.0755903062685
48441,Taylor County,TX,Metro,30.6,-5.738627215758712,-6.912117621752014,-4.565136809765411,24.86137278424129,17582.0,5380.092000000001,1008.9654370746969
48181,Grayson County,TX,Metro,35.9,-7.259456050934084,-8.470206931258344,-6.048705170609823,28.640543949065915,13864.0,4977.1759999999995,1006.4509869015013
45003,Aiken County,SC,Metro,25.1,-5.286110716450394,-6.265222522225148,-4.306998910675639,19.813889283549607,18961.0,4759.211,1002.2994529461592
45015,Berkeley County,SC,Metro,22.8,-4.343811359334485,-5.632356492125505,-3.0552662265434654,18.456188640665516,22729.0,5182.212,987.3048838631352
13095,Dougherty County,GA,Metro,21.7,-6.655564939985386,-7.91944843585156,-5.391681444119206,15.044435060014614,14665.0,3182.305,976.0385984488568
01003,Baldwin County,AL,Metro,24.3,-4.6083172241882995,-5.288736378143191,-3.9278980702334083,19.6916827758117,21004.0,5103.972,967.9309497685103
20209,Wyandotte County,KS,Metro,30.9,-4.386190151037792,-5.157255519251701,-3.6151247828238833,26.513809848962207,21335.0,6592.515,935.793668723913
48323,Maverick County,TX,Remote rural,39.3,-10.973717008679792,-12.272159212226335,-9.675274805133249,28.326282991320205,8512.0,3345.216,934.0827917788238
48451,Tom Green County,TX,Metro,34.8,-7.368775088596022,-8.692106459923616,-6.045443717268436,27.431224911403973,12647.0,4401.156,931.9289854547388
48231,Hunt County,TX,Metro,38.8,-7.328173980733038,-8.972155317462102,-5.684192644003975,31.47182601926696,12707.0,4930.316,931.1910677317471
45077,Pickens County,SC,Metro,23.2,-5.019432995740989,-5.923864044575041,-4.115001946906938,18.18056700425901,18473.0,4285.736,927.239857303233
37101,Johnston County,NC,Metro,29.7,-4.242587721684693,-5.223307465227638,-3.261867978141746,25.457412278315307,21328.0,6334.416,904.8591092809113
01015,Calhoun County,AL,Metro,23.0,-5.68954119202337,-6.794848975975048,-4.584233408071695,17.31045880797663,15855.0,3646.65,902.0767559953053
28033,DeSoto County,MS,Metro,29.8,-5.3584449166671595,-6.164574729772825,-4.552315103561503,24.44155508333284,16768.0,4996.8640000000005,898.5040436267493
37057,Davidson County,NC,Metro,25.2,-4.77818778862783,-5.4820383818095095,-4.07433719544615,20.42181221137217,18798.0,4737.096,898.2037405062594
13031,Bulloch County,GA,"Rural, near a metro",25.9,-6.014769780372903,-6.748734705272694,-5.280804855473111,19.885230219627097,14713.0,3810.6669999999995,884.9530777862653
13153,Houston County,GA,Metro,29.7,-5.253932116949892,-6.005258203277408,-4.5026060306223785,24.446067883050105,16842.0,5002.074,884.8672471367008
47125,Montgomery County,TN,Metro,24.2,-3.4322685217867606,-4.5274673583915055,-2.3370696851820147,20.76773147821324,25768.0,6235.856,884.4269526940125
12091,Okaloosa County,FL,Metro,26.8,-4.685305909253426,-5.809265539756735,-3.561346278750115,22.114694090746575,18854.0,5052.872,883.3675761306409
48367,Parker County,TX,Metro,36.4,-7.951026454143873,-9.053389332148905,-6.848663576138842,28.448973545856127,11108.0,4043.312,883.2000185263015
12017,Citrus County,FL,Metro,24.9,-5.051688631991579,-5.6754291497871625,-4.4279481141959876,19.84831136800842,17350.0,4320.15,876.4679776505388
48187,Guadalupe County,TX,Metro,33.1,-6.177894727709951,-7.491093330243001,-4.864696125176904,26.92210527229005,14035.0,4645.585,867.0675250340917
48213,Henderson County,TX,"Rural, near a metro",36.3,-7.886540872187972,-9.42207387104285,-6.3510078733331,28.413459127812025,10992.0,3990.0959999999995,866.8885726709019
01069,Houston County,AL,Metro,23.5,-6.025559377362854,-7.029514210408173,-5.021604544317538,17.474440622637147,14299.0,3360.265,861.5947353691145
13097,Douglas County,GA,Metro,28.6,-5.472590967011485,-6.6879204155366745,-4.2572615184862945,23.127409032988517,15412.0,4407.832,843.4357198358101
47179,Washington County,TN,Metro,23.6,-4.864225075212172,-5.369361390546554,-4.359088759877791,18.73577492478783,17256.0,4072.416,839.3706789786123
37001,Alamance County,NC,Metro,26.8,-4.430344827233493,-4.923740902827662,-3.9369487516393242,22.369655172766507,18942.0,5076.456,839.1959171745682
45035,Dorchester County,SC,Metro,25.2,-5.4358974809396425,-7.349767001858012,-3.5220279600212754,19.76410251906036,15412.0,3883.8239999999996,837.7805197624176
48469,Victoria County,TX,Metro,32.5,-7.627010171962334,-9.854233418276099,-5.3997869256485735,24.872989828037667,10983.0,3569.475,837.6745271866231
48485,Wichita County,TX,Metro,31.5,-5.4960255952978185,-6.631318756418132,-4.360732434177504,26.00397440470218,15125.0,4764.375,831.273871288795
37151,Randolph County,NC,Metro,26.4,-4.638996135567453,-5.143504341940926,-4.134487929193974,21.761003864432546,17787.0,4695.768,825.1382426333829
37159,Rowan County,NC,Metro,23.4,-4.591244486094508,-5.809492231770335,-3.3729967404186714,18.80875551390549,17805.0,4166.37,817.4710807491272
48183,Gregg County,TX,Metro,35.5,-5.198716676511647,-6.991357647849952,-3.4060757051733423,30.301283323488352,15620.0,5545.1,812.0395448711192
13217,Newton County,GA,Metro,28.1,-5.8495670643730024,-6.617138855086587,-5.081995273659418,22.250432935627,13873.0,3898.3130000000006,811.5104388404667
28035,Forrest County,MS,Metro,24.5,-6.273634971636316,-8.21229373210249,-4.334976211170138,18.226365028363684,12918.0,3164.91,810.4281656359793
48409,San Patricio County,TX,Metro,33.5,-9.121255386908928,-10.91377461588026,-7.328736157937577,24.378744613091072,8839.0,2961.065,806.2277636488801
13045,Carroll County,GA,Metro,28.8,-5.326534863995254,-6.737215231182946,-3.9158544968075644,23.473465136004748,15045.0,4332.96,801.377170288086
55025,Dane County,WI,Metro,11.2,-1.545836361990766,-2.36706338823717,-0.7246093357443619,9.654163638009233,51819.0,5803.727999999999,801.036944419995
47113,Madison County,TN,Metro,21.8,-6.5069461793953804,-7.696592367226527,-5.317299991564236,15.29305382060462,12137.0,2645.8660000000004,789.7480577932173
45075,Orangeburg County,SC,"Rural, near a metro",18.9,-6.344665395700619,-7.403848749897129,-5.285482041504108,12.555334604299379,12400.0,2343.6,786.7385090668768
48021,Bastrop County,TX,Metro,44.7,-7.404981453257405,-9.152753277301045,-5.657209629213765,37.2950185467426,10599.0,4737.753000000001,784.8539842307523
47163,Sullivan County,TN,Metro,20.4,-4.161772131420491,-5.00744397402545,-3.316100288815531,16.238227868579507,18664.0,3807.4559999999997,776.7531506083205
48291,Liberty County,TX,Metro,45.0,-5.7319203760286666,-8.168242751362092,-3.2955980006952426,39.26807962397133,13532.0,6089.4,775.6434652841991
01081,Lee County,AL,Metro,23.3,-2.815984114131539,-4.210411638705622,-1.4215565895574567,20.484015885868462,27471.0,6400.743,773.5789959930751
37035,Catawba County,NC,Metro,27.8,-4.757077105489942,-5.356263798260961,-4.157890412718924,23.04292289451006,16155.0,4491.09,768.5058063919
01055,Etowah County,AL,Metro,24.0,-5.489019396823992,-5.959021500111728,-5.019017293536253,18.51098060317601,13981.0,3355.44,767.4198018699624
48091,Comal County,TX,Metro,34.8,-7.009740308401356,-8.824573106665886,-5.194907510136826,27.790259691598642,10918.0,3799.4639999999995,765.3234468712601
12019,Clay County,FL,Metro,23.0,-4.143227118131975,-4.875930060132995,-3.4105241761309535,18.856772881868025,18324.0,4214.52,759.2049371265031
37097,Iredell County,NC,Metro,26.6,-4.8381302371070385,-5.5431137517530225,-4.1331467224610545,21.761869762892964,15643.0,4161.0380000000005,756.828712990654
48381,Randall County,TX,Metro,34.1,-6.281639872338609,-7.189033850230303,-5.374245894446914,27.818360127661393,11867.0,4046.647,745.4422036504227
37025,Cabarrus County,NC,Metro,23.4,-4.030169629328907,-4.805798098789676,-3.254541159868142,19.369830370671092,18363.0,4296.941999999999,740.0600490336673
28075,Lauderdale County,MS,Remote rural,23.5,-6.958006581160582,-8.135507417431036,-5.780505744890126,16.541993418839418,10630.0,2498.05,739.6360995773699
37191,Wayne County,NC,Metro,27.4,-4.721581790195744,-5.873878047409553,-3.569285532981933,22.678418209804256,15650.0,4288.1,738.9275501656339
13117,Forsyth County,GA,Metro,41.6,-8.268327778721329,-9.49646763509369,-7.0401879223489665,33.33167222127867,8915.0,3708.64,737.1214214730064
12113,Santa Rosa County,FL,Metro,23.9,-4.822454950303475,-5.456023162510848,-4.188886738096101,19.077545049696525,15267.0,3648.813,736.2441972628314
12061,Indian River County,FL,Metro,29.8,-5.32047518052469,-6.675958045719731,-3.96499231532965,24.47952481947531,13568.0,4043.264,721.88207249359
13223,Paulding County,GA,Metro,28.4,-5.618685115299301,-6.600994712851528,-4.636375517747072,22.7813148847007,12845.0,3647.98,721.7201030601952
37085,Harnett County,NC,"Rural, near a metro",25.6,-4.592116791918869,-5.603263187546906,-3.580970396290832,21.007883208081132,15569.0,3985.664,714.9466633338487
37179,Union County,NC,Metro,29.1,-4.907201041938566,-5.683182746347267,-4.131219337529858,24.192798958061434,14463.0,4208.733,709.7284866955748
12015,Charlotte County,FL,Metro,26.4,-5.014584125033989,-5.797745460745771,-4.231422789322206,21.38541587496601,14117.0,3726.888,707.9088409310482
47155,Sevier County,TN,"Rural, near a metro",30.6,-5.907860708338302,-7.2497740831934605,-4.5659473334831455,24.6921392916617,11495.0,3517.47,679.1085884234878
37157,Rockingham County,NC,Metro,25.0,-5.792211516956807,-6.76575420535641,-4.818668828557195,19.207788483043192,11681.0,2920.25,676.5882272957247
28121,Rankin County,MS,Metro,26.6,-5.2775182138010495,-6.259449352943408,-4.295587074658695,21.322481786198953,12734.0,3387.244,672.0391693454256
13115,Floyd County,GA,Metro,28.7,-5.252695146577741,-6.60834348770184,-3.897046805453648,23.44730485342226,12778.0,3667.2859999999996,671.1893858297037
37045,Cleveland County,NC,"Rural, near a metro",18.1,-5.092818079617266,-6.1507897750212654,-4.034846384213273,13.007181920382735,12922.0,2338.882,658.0939522481431
37127,Nash County,NC,Metro,23.6,-5.889051583530252,-6.817656018910181,-4.9604471481503225,17.710948416469748,11153.0,2632.1079999999997,656.805923111129
13077,Coweta County,GA,Metro,33.3,-5.937543131803346,-6.983614717633501,-4.89147154597319,27.362456868196652,10970.0,3653.0099999999993,651.3484815588271
01103,Morgan County,AL,Metro,29.0,-4.978025804279749,-5.410999596397601,-4.545052012161897,24.02197419572025,12999.0,3769.71,647.0935742983246
48005,Angelina County,TX,Remote rural,33.7,-5.498761779199975,-7.074217142704985,-3.923306415694965,28.20123822080003,11719.0,3949.3030000000003,644.399892904445
01049,DeKalb County,AL,"Rural, near a metro",31.5,-5.768544752391544,-6.913916324776709,-4.623173180006374,25.731455247608455,11144.0,3510.36,642.8466272065136
12051,Hendry County,FL,"Rural, near a metro",37.8,-9.103233291930515,-12.093111079535209,-6.113355504325828,28.696766708069482,7038.0,2660.3639999999996,640.6855590860697
12055,Highlands County,FL,Metro,28.2,-5.193558094263319,-6.827877580242763,-3.5592386082838794,23.00644190573668,12294.0,3466.908,638.4960321087325
01095,Marshall County,AL,"Rural, near a metro",26.7,-4.876328573190059,-5.630629505329125,-4.122027641050995,21.82367142680994,12975.0,3464.325,632.7036323714102
12085,Martin County,FL,Metro,33.1,-5.628933671843552,-6.726533636731363,-4.531333706955742,27.47106632815645,11204.0,3708.5240000000003,630.6657285933516
12107,Putnam County,FL,"Rural, near a metro",24.7,-5.028401876077827,-6.360411713371312,-3.6963920387843423,19.671598123922173,12473.0,3080.8309999999997,627.1925660031873
12109,St. Johns County,FL,Metro,23.2,-4.04896553225407,-5.0265681239175315,-3.0713629405906078,19.15103446774593,15465.0,3587.88,626.172519563092
45013,Beaufort County,SC,Metro,28.2,-4.934399098191536,-5.588415531266094,-4.28038266511698,23.26560090180846,12563.0,3542.7659999999996,619.9085587058026
47165,Sumner County,TN,Metro,22.6,-4.27015211418177,-4.766015911229563,-3.774288317133977,18.329847885818232,14492.0,3275.192,618.8304443872222
13285,Troup County,GA,"Rural, near a metro",26.2,-6.386526033580978,-7.709287679685385,-5.063764387476575,19.81347396641902,9642.0,2526.2039999999997,615.7888401578779
48037,Bowie County,TX,Metro,26.1,-5.47778386040299,-6.390757464885125,-4.56481025592085,20.62221613959701,11161.0,2913.021,611.3754566595778
47011,Bradley County,TN,Metro,22.8,-4.694268216902489,-5.216390545911347,-4.172145887893633,18.10573178309751,12958.0,2954.4240000000004,608.2832755462246
13015,Bartow County,GA,Metro,31.6,-5.364497923069401,-7.033729702163802,-3.6952661439750036,26.2355020769306,11254.0,3556.264,603.7205962622304
48013,Atascosa County,TX,Metro,34.8,-9.54338532908624,-11.410148271276595,-7.676622386895884,25.256614670913756,6307.0,2194.836,601.9013127054692
20091,Johnson County,KS,Metro,22.8,-2.1106631514584087,-2.8408548033770873,-1.38047149953973,20.689336848541593,28248.0,6440.544,596.2201270239713
37195,Wilson County,NC,"Rural, near a metro",24.9,-5.2366688632254,-6.387350963821575,-4.085986762629227,19.663331136774598,11368.0,2830.632,595.3045163714635
28067,Jones County,MS,"Rural, near a metro",28.1,-6.485790846630639,-8.12230842536282,-4.8492732678984565,21.614209153369362,9166.0,2575.646,594.4875890021643
20177,Shawnee County,KS,Metro,21.8,-3.2708445625619404,-4.117396803662043,-2.42429232146184,18.52915543743806,18153.0,3957.3540000000003,593.7564134418691
37135,Orange County,NC,Metro,25.2,-4.413532253331671,-5.158523948607931,-3.6685405580554082,20.78646774666833,13434.0,3385.368,592.9139229125767
28081,Lee County,MS,Remote rural,24.0,-6.236754375935631,-7.092420394790999,-5.381088357080267,17.763245624064368,9456.0,2269.44,589.7474937884733
48467,Van Zandt County,TX,"Rural, near a metro",37.6,-8.547198741275533,-10.759809330426798,-6.334588152124273,29.052801258724468,6856.0,2577.856,585.9959457018506
48465,Val Verde County,TX,Remote rural,34.4,-9.838273019185033,-11.382551250568975,-8.293994787801086,24.561726980814967,5924.0,2037.856,582.8192936565214
48055,Caldwell County,TX,Metro,40.9,-9.315036833373652,-11.63533582150841,-6.994737845238886,31.584963166626345,6241.0,2552.569,581.3514487708496
13297,Walton County,GA,Metro,29.2,-6.053058046471422,-7.079592781569447,-5.026523311373396,23.146941953528575,9549.0,2788.308,578.0065128575561
28151,Washington County,MS,Remote rural,19.9,-6.940632221841561,-8.490570436620294,-5.390694007062828,12.959367778158438,8321.0,1655.879,577.5300071794363
01125,Tuscaloosa County,AL,Metro,20.6,-1.9863710632979306,-3.0980916342708174,-0.8746504923250451,18.61362893670207,28989.0,5971.734,575.829107539437
45085,Sumter County,SC,Metro,17.9,-4.116394505301488,-5.0823462564688064,-3.1504427541341706,13.78360549469851,13938.0,2494.902,573.7430661489215
13255,Spalding County,GA,Metro,25.5,-5.907684247441138,-6.99327900922435,-4.822089485657925,19.59231575255886,9644.0,2459.22,569.7370688232234
45059,Laurens County,SC,Metro,23.7,-6.046522256201797,-7.6694542847362985,-4.423590227667298,17.653477743798202,9338.0,2213.106,564.6242482841238
37023,Burke County,NC,Metro,23.9,-5.1358700210791035,-5.7257719757965075,-4.5459680663616995,18.764129978920895,10992.0,2627.0879999999997,564.5348327170151
13073,Columbia County,GA,Metro,29.8,-5.7389701271822195,-6.950617864649279,-4.527322389715159,24.06102987281778,9824.0,2927.552,563.7964252943813
48347,Nacogdoches County,TX,Remote rural,36.6,-5.449340141464945,-8.211992518412837,-2.686687764517052,31.150659858535057,10334.0,3782.244,563.1348102189875
48497,Wise County,TX,Metro,38.9,-9.03444762500551,-11.17402844834356,-6.894866801667459,29.865552374994486,6178.0,2403.2419999999997,558.1481742728405
37089,Henderson County,NC,Metro,29.6,-5.375648334143795,-5.87446151134783,-4.8768351569397606,24.224351665856204,10372.0,3070.112,557.5622452173944
45031,Darlington County,SC,Metro,19.4,-6.050569429283412,-6.639685910522403,-5.46145294804442,13.349430570716587,9178.0,1780.532,555.3212622196315
13247,Rockdale County,GA,Metro,29.7,-4.979462897587004,-5.9086587603183,-4.050267034855713,24.720537102412997,11033.0,3276.801,549.3841414907741
48249,Jim Wells County,TX,"Rural, near a metro",31.1,-9.316996937906259,-10.769758691098923,-7.864235184713592,21.78300306209374,5819.0,1809.7089999999998,542.1560518167652
37107,Lenoir County,NC,"Rural, near a metro",21.0,-6.1718051532158835,-6.927433639921942,-5.41617666650982,14.828194846784116,8762.0,1840.02,540.7735675247757
28087,Lowndes County,MS,Remote rural,25.5,-6.87164492989805,-8.535534975241942,-5.207754884554158,18.62835507010195,7849.0,2001.495,539.3554105476979
48361,Orange County,TX,Metro,31.9,-5.926972347405041,-7.18540360599746,-4.668541088812623,25.973027652594958,9018.0,2876.742,534.4943662889866
47141,Putnam County,TN,"Rural, near a metro",23.2,-4.744190081473121,-5.449154494027179,-4.039225668919063,18.455809918526878,11159.0,2588.888,529.4041711915856
13127,Glynn County,GA,Metro,30.2,-5.777775693674048,-6.511304517266814,-5.044246870081284,24.42222430632595,9127.0,2756.354,527.3375875616304
45057,Lancaster County,SC,Metro,27.4,-5.812722416589122,-6.431140984960847,-5.194303848217399,21.587277583410877,9010.0,2468.74,523.7262897346799
37027,Caldwell County,NC,Metro,25.4,-5.483844100614547,-5.980632832195781,-4.9870553690333175,19.91615589938545,9533.0,2421.3819999999996,522.7748581115848
45047,Greenwood County,SC,"Rural, near a metro",22.4,-5.991617700419632,-7.181820450474752,-4.801414950364515,16.408382299580367,8722.0,1953.7279999999998,522.5888958306003
37049,Craven County,NC,Metro,22.7,-4.869967378937658,-5.900096648668411,-3.8398381092069007,17.83003262106234,10686.0,2425.7219999999998,520.4047141132781
01043,Cullman County,AL,"Rural, near a metro",27.3,-5.035427109872974,-5.574214603650679,-4.496639616095267,22.264572890127027,10267.0,2802.8910000000005,516.9873013706582
48471,Walker County,TX,"Rural, near a metro",32.4,-4.6933220830860565,-6.463404444986963,-2.923239721185148,27.706677916913943,10876.0,3523.8239999999996,510.4457097564395
45021,Cherokee County,SC,"Rural, near a metro",21.1,-6.301484210783195,-7.029525629411398,-5.5734427921549905,14.798515789216808,8035.0,1695.385,506.32425633642976
01113,Russell County,AL,Metro,21.4,-5.530957940104888,-7.015101373960953,-4.046814506248822,15.869042059895111,9152.0,1958.5279999999998,506.19327067839936
37161,Rutherford County,NC,"Rural, near a metro",23.8,-5.724383656782875,-6.497553142048243,-4.951214171517515,18.075616343217128,8780.0,2089.64,502.60088506553643
13175,Laurens County,GA,Remote rural,24.2,-6.88019163592722,-7.872449837373764,-5.887933434480675,17.319808364072777,7282.0,1762.244,501.0155549282202
28089,Madison County,MS,Metro,29.2,-6.063421026621338,-6.804319058330371,-5.322522994912303,23.13657897337866,8225.0,2401.7,498.716379439605
45073,Oconee County,SC,"Rural, near a metro",25.6,-5.295861410624911,-5.644292690747125,-4.947430130502697,20.30413858937509,9365.0,2397.44,495.95742110502295
28073,Lamar County,MS,Metro,26.7,-6.1364018488608,-7.085225139672766,-5.187578558048832,20.5635981511392,8079.0,2157.093,495.759905369464
48099,Coryell County,TX,Metro,24.9,-4.86966346646822,-5.931610316117702,-3.8077166168187357,20.03033653353178,10138.0,2524.3619999999996,493.6864822305481
37019,Brunswick County,NC,Metro,21.7,-4.208110439288139,-4.927829127606691,-3.488391750969588,17.49188956071186,11694.0,2537.598,492.09643477035496
12023,Columbia County,FL,"Rural, near a metro",22.7,-5.454232181289942,-6.446837811858867,-4.461626550721026,17.245767818710057,9018.0,2047.086,491.86265810872703
13013,Barrow County,GA,Metro,33.3,-5.451865777607837,-6.078978345876285,-4.824753209339393,27.84813422239216,9021.0,3003.993,491.812811798003
47189,Wilson County,TN,Metro,24.6,-4.683697555563879,-5.079642381462798,-4.28775272966496,19.916302444436123,10428.0,2565.288,488.4159810942013
12035,Flagler County,FL,Metro,26.8,-4.68540454038408,-5.178810849484773,-4.191998231283387,22.11459545961592,10414.0,2790.952,487.93802883559806
48349,Navarro County,TX,"Rural, near a metro",40.3,-6.685168951778097,-9.244717848887872,-4.125620054668324,33.6148310482219,7252.0,2922.5559999999996,484.8084523829476
28113,Pike County,MS,"Rural, near a metro",25.8,-7.064824168069929,-8.444324919345295,-5.685323416794565,18.73517583193007,6852.0,1767.816,484.0817519961515
13129,Gordon County,GA,"Rural, near a metro",34.1,-6.657256719316673,-8.02893284218954,-5.285580596443808,27.442743280683327,7250.0,2472.25,482.6511121504588
37083,Halifax County,NC,"Rural, near a metro",18.0,-6.581693534273843,-7.625969030599843,-5.537418037947849,11.418306465726157,7304.0,1314.72,480.72689574336147
47009,Blount County,TN,Metro,22.3,-4.337227149854508,-4.932220027497071,-3.742234272211946,17.96277285014549,11078.0,2470.394,480.47802366088234
28071,Lafayette County,MS,"Rural, near a metro",28.8,-5.921218826112666,-6.4869667544288445,-5.355470897796487,22.878781173887333,8077.0,2326.176,478.25684458512006
46099,Minnehaha County,SD,Metro,23.7,-2.9754419165115555,-4.153691433222529,-1.7971923998005832,20.724558083488443,15987.0,3788.919,475.68389919270237
13295,Walker County,GA,Metro,28.3,-5.636361385701574,-6.6216686245789305,-4.651054146824217,22.663638614298428,8221.0,2326.543,463.36526951852636
37193,Wilkes County,NC,"Rural, near a metro",26.7,-5.523023018768455,-6.193802352109712,-4.852243685427199,21.176976981231544,8362.0,2232.654,461.83518482941815
48143,Erath County,TX,"Rural, near a metro",37.2,-8.012932088586147,-9.972662058700678,-6.053202118471617,29.187067911413855,5757.0,2141.6040000000003,461.3045003399045
46103,Pennington County,SD,Metro,21.5,-4.586855842844122,-5.136799364191987,-4.036912321496256,16.913144157155877,9900.0,2128.5,454.09872844156814
37047,Columbus County,NC,"Rural, near a metro",20.4,-6.249846776735491,-7.977138227358052,-4.522555326112931,14.150153223264507,7218.0,1472.4719999999998,451.11394034476774
12087,Monroe County,FL,"Rural, near a metro",33.2,-6.59429708351071,-8.776484124826945,-4.412110042194479,26.605702916489292,6748.0,2240.3360000000002,444.9831671953027
13179,Liberty County,GA,Metro,24.4,-5.044090566017771,-6.0263543750236925,-4.061826757011846,19.355909433982227,8820.0,2152.08,444.88878792276745
37171,Surry County,NC,"Rural, near a metro",27.3,-4.923882167644275,-5.702405792106315,-4.145358543182233,22.376117832355725,8957.0,2445.261,441.0321257558977
48273,Kleberg County,TX,"Rural, near a metro",31.8,-8.52145885604312,-11.086246005408075,-5.956671706678165,23.27854114395688,5123.0,1629.114,436.55433719508903
13009,Baldwin County,GA,"Rural, near a metro",24.5,-6.565446436567669,-7.762959041989905,-5.3679338311454305,17.93455356343233,6593.0,1615.285,432.8598835629064
48265,Kerr County,TX,"Rural, near a metro",38.5,-8.781933229950148,-10.796564911351929,-6.767301548548371,29.71806677004985,4915.0,1892.275,431.63201825204976
37133,Onslow County,NC,Metro,16.1,-1.9477233403829644,-2.6601960998079406,-1.2352505809579863,14.152276659617037,22118.0,3560.9980000000005,430.79744842590407
48189,Hale County,TX,"Rural, near a metro",39.3,-9.927329719011665,-12.078821537556422,-7.775837900466907,29.37267028098833,4333.0,1702.869,430.1511967247754
45025,Chesterfield County,SC,"Rural, near a metro",22.3,-6.5059171488859935,-7.800288265214684,-5.211546032557305,15.794082851114007,6595.0,1470.685,429.0652359690313
48073,Cherokee County,TX,"Rural, near a metro",37.5,-6.2877014246534175,-9.190274380528352,-3.3851284687784835,31.212298575346583,6809.0,2553.375,428.1295900046512
48397,Rockwall County,TX,Metro,38.1,-7.464783513226613,-8.437147749521992,-6.492419276931234,30.635216486773388,5686.0,2166.366,424.44759056206516
37099,Jackson County,NC,"Rural, near a metro",24.4,-7.8070677622972005,-8.802463151004497,-6.811672373589906,16.592932237702797,5436.0,1326.384,424.3922035584758
28107,Panola County,MS,"Rural, near a metro",25.5,-7.235444428183926,-9.242223761748658,-5.228665094619194,18.264555571816075,5844.0,1490.22,422.8393723830687
37189,Watauga County,NC,Remote rural,23.0,-4.810968889771266,-5.493756131291771,-4.128181648250763,18.189031110228733,8778.0,2018.94,422.30684914412177
13137,Habersham County,GA,"Rural, near a metro",37.1,-8.8545060780442,-10.616669403085627,-7.092342753002776,28.245493921955802,4756.0,1764.476,421.1203090717821
45055,Kershaw County,SC,Metro,23.8,-5.678363595602363,-6.719622026653548,-4.637105164551177,18.121636404397638,7409.0,1763.342,420.70995879817906
47059,Greene County,TN,"Rural, near a metro",21.8,-4.6052214890358645,-5.169778872436228,-4.040664105635502,17.194778510964134,9051.0,1973.1180000000002,416.81859697263604
37153,Richmond County,NC,Remote rural,17.1,-6.228178058826739,-7.834970081812835,-4.6213860358406444,10.871821941173263,6690.0,1143.9900000000002,416.6651121355088
47063,Hamblen County,TN,Metro,27.9,-4.7095915284155785,-5.261336324650087,-4.157846732181066,23.19040847158442,8804.0,2456.316,414.6324381617075
01071,Jackson County,AL,"Rural, near a metro",23.6,-5.259031511751107,-5.7482920378204705,-4.769770985681748,18.340968488248894,7852.0,1853.0720000000001,412.9391543026969
45033,Dillon County,SC,"Rural, near a metro",19.1,-7.852911424667101,-8.826118517076853,-6.879704332257351,11.2470885753329,5215.0,996.0650000000002,409.52933079638933
37181,Vance County,NC,"Rural, near a metro",20.7,-6.129382248929942,-6.936980878984593,-5.321783618875293,14.570617751070056,6673.0,1381.3110000000001,409.01367747109504
01127,Walker County,AL,Metro,23.8,-5.027207164281415,-5.57113011349661,-4.48328421506622,18.772792835718587,8127.0,1934.226,408.5611262411506
37105,Lee County,NC,"Rural, near a metro",29.4,-5.072069097992221,-6.636258852169321,-3.507879343815119,24.32793090200778,8046.0,2365.524,408.0986796244541
45029,Colleton County,SC,"Rural, near a metro",24.4,-6.835544653599761,-7.676872812445722,-5.994216494753807,17.564455346400237,5969.0,1456.4360000000001,408.0136603733697
56021,Laramie County,WY,Metro,26.6,-4.975275492537113,-6.169660343544949,-3.7808906415292753,21.624724507462886,8109.0,2156.994,403.4450896898345
01121,Talladega County,AL,"Rural, near a metro",19.7,-3.5851576614286844,-4.851436153852079,-2.3188791690052915,16.114842338571314,11230.0,2212.31,402.6132053784413
48325,Medina County,TX,Metro,34.9,-8.755063212946213,-9.924617534011633,-7.5855088918807905,26.144936787053787,4559.0,1591.0910000000001,399.1433318782179
28011,Bolivar County,MS,Remote rural,20.1,-7.085116839897922,-8.4504508830798,-5.719782796716045,13.01488316010208,5624.0,1130.424,398.46697107585913
48277,Lamar County,TX,Remote rural,30.6,-6.103895535791352,-7.331784201674358,-4.876006869908348,24.49610446420865,6525.0,1996.65,398.2791837103857
37093,Hoke County,NC,Metro,22.5,-5.4238323389496825,-6.862046593273036,-3.985618084626329,17.076167661050317,7330.0,1649.25,397.56691044501173
45043,Georgetown County,SC,"Rural, near a metro",22.4,-6.221419648836637,-7.162427557625721,-5.280411740047552,16.17858035116336,6387.0,1430.6879999999999,397.36207297119597
28109,Pearl River County,MS,"Rural, near a metro",28.4,-5.525320782623106,-5.930915722494697,-5.119725842751518,22.874679217376894,7182.0,2039.6879999999999,396.82853860799145
01045,Dale County,AL,"Rural, near a metro",24.4,-5.4990917224523965,-6.431217418765758,-4.566966026139035,18.9009082775476,7212.0,1759.7279999999998,396.5944950232668
47187,Williamson County,TN,Metro,28.3,-4.741917006047015,-5.268511548058058,-4.215322464035976,23.558082993952986,8358.0,2365.314,396.3294233654095
37069,Franklin County,NC,Metro,27.2,-5.551160263526074,-6.743654953862329,-4.3586655731898185,21.648839736473924,7097.0,1930.384,393.9658439024455
56025,Natrona County,WY,Metro,28.5,-5.5164929992468625,-7.0121109012838705,-4.0208750972098555,22.983507000753136,7098.0,2022.93,391.5606730865423
01083,Limestone County,AL,Metro,24.5,-4.43750308906239,-5.961012172637583,-2.913994005487201,20.06249691093761,8817.0,2160.165,391.2546473626309
48473,Waller County,TX,Metro,43.9,-6.418367427251528,-8.07965604870588,-4.757078805797169,37.48163257274847,6091.0,2673.9489999999996,390.9427599938906
47119,Maury County,TN,Metro,21.3,-4.124189285751241,-5.219161274420193,-3.029217297082291,17.17581071424876,9467.0,2016.471,390.43699968207
37163,Sampson County,NC,"Rural, near a metro",31.1,-4.661143624108306,-6.691373885576581,-2.6309133626400314,26.438856375891696,8336.0,2592.496,388.5529325056684
48203,Harrison County,TX,"Rural, near a metro",29.4,-4.974758068214141,-6.306119590758693,-3.643396545669588,24.42524193178586,7784.0,2288.4959999999996,387.2351680297887
13103,Effingham County,GA,Metro,26.8,-7.0351948753215,-7.901937117759317,-6.168452632883678,19.7648051246785,5499.0,1473.7320000000002,386.8653661939293
12063,Jackson County,FL,"Rural, near a metro",20.0,-6.310976282821514,-7.754033477561448,-4.867919088081576,13.689023717178486,6130.0,1226.0,386.86284613695875
48499,Wood County,TX,"Rural, near a metro",33.7,-7.4134092621150485,-8.177310223020351,-6.649508301209738,26.286590737884953,5158.0,1738.246,382.3836497398942
13157,Jackson County,GA,"Rural, near a metro",33.0,-5.802557753124097,-6.521766116099675,-5.083349390148518,27.1974422468759,6548.0,2160.84,379.9514816745658
48463,Uvalde County,TX,"Rural, near a metro",36.2,-10.345854986863788,-12.467888721700742,-8.223821252026848,25.854145013136215,3645.0,1319.49,377.1064142711851
28099,Neshoba County,MS,Remote rural,21.5,-8.587169389140852,-9.562699410353847,-7.611639367927846,12.912830610859148,4382.0,942.13,376.2897626321522
48221,Hood County,TX,Metro,35.9,-7.720687852356197,-9.094294228550826,-6.347081476161565,28.179312147643802,4845.0,1739.355,374.0673264466577
48217,Hill County,TX,"Rural, near a metro",38.2,-8.363493690596002,-10.577954625816197,-6.149032755375808,29.836506309404,4462.0,1704.4840000000002,373.1790884743936
37065,Edgecombe County,NC,Metro,19.0,-4.665843185762765,-5.667678066295754,-3.664008305229772,14.334156814237236,7977.0,1515.63,372.19431092829575
12027,DeSoto County,FL,"Rural, near a metro",34.9,-6.543899001329916,-8.959388076275989,-4.1284099263838465,28.356100998670083,5666.0,1977.434,370.7773174153531
37109,Lincoln County,NC,Metro,26.8,-4.923746178158813,-5.867108710184462,-3.98038364613317,21.87625382184119,7472.0,2002.496,367.90231443202657
37061,Duplin County,NC,"Rural, near a metro",32.6,-5.347327089613594,-6.472826237999607,-4.221827941227587,27.25267291038641,6844.0,2231.1440000000002,365.97106601315437
28083,Leflore County,MS,Remote rural,21.3,-6.739769986910616,-8.315441801584726,-5.164098172236508,14.560230013089384,5421.0,1154.673,365.36293099042456
01053,Escambia County,AL,"Rural, near a metro",19.6,-6.589072684826801,-7.524253604834556,-5.653891764819045,13.0109273151732,5537.0,1085.2520000000002,364.83695455886
37125,Moore County,NC,"Rural, near a metro",24.1,-4.731881944983574,-5.498633223431776,-3.9651306665353685,19.368118055016428,7703.0,1856.4230000000002,364.4968662220847
48053,Burnet County,TX,"Rural, near a metro",39.9,-8.496712841624852,-9.56002630388692,-7.43339937936281,31.403287158375147,4272.0,1704.5279999999998,362.9795725942137
01117,Shelby County,AL,Metro,27.0,-2.611719201803872,-3.4927594034696723,-1.730679000138073,24.388280798196128,13805.0,3727.35,360.54783580902455
13071,Colquitt County,GA,"Rural, near a metro",32.8,-5.0844704210041884,-6.4843006243168055,-3.6846402176915736,27.71552957899581,7086.0,2324.208,360.2855740323568
12131,Walton County,FL,Metro,26.4,-5.381245355690064,-6.345852342897745,-4.416638368482388,21.018754644309936,6661.0,1758.504,358.44475314251514
48321,Matagorda County,TX,"Rural, near a metro",39.0,-7.80274891890226,-10.103452455365568,-5.502045382438946,31.19725108109774,4586.0,1788.54,357.83406542085766
13275,Thomas County,GA,"Rural, near a metro",22.9,-6.373227567819645,-7.339512424449041,-5.406942711190241,16.526772432180355,5593.0,1280.797,356.45461786815275
28149,Warren County,MS,"Rural, near a metro",22.2,-6.313334690660789,-7.077610388131552,-5.549058993190031,15.886665309339211,5609.0,1245.198,354.11494279916366
48001,Anderson County,TX,Remote rural,35.2,-5.728770599596898,-8.086912937413942,-3.3706282617798506,29.471229400403104,6178.0,2174.656,353.9234476430964
48481,Wharton County,TX,"Rural, near a metro",36.8,-7.100097617636305,-9.31470976688761,-4.885485468384999,29.699902382363693,4920.0,1810.56,349.3248027877062
37165,Scotland County,NC,"Rural, near a metro",15.5,-6.794351418411989,-8.035754352006538,-5.552948484817441,8.705648581588012,5127.0,794.685,348.3463972219827
12075,Levy County,FL,"Rural, near a metro",27.4,-5.534861083354699,-6.798071683370872,-4.271650483338525,21.8651389166453,6285.0,1722.09,347.86601908884285
48097,Cooke County,TX,"Rural, near a metro",41.2,-7.918194275796811,-9.45036989258562,-6.386018659008014,33.281805724203195,4364.0,1797.968,345.54999819577284
20045,Douglas County,KS,Metro,18.7,-2.0914797042114386,-3.005678508512366,-1.1772808999105107,16.608520295788562,16445.0,3075.215,343.9438373575711
48373,Polk County,TX,"Rural, near a metro",30.5,-5.6085486769203285,-8.466634102941105,-2.7504632508995503,24.89145132307967,6132.0,1870.26,343.91620486875456
13299,Ware County,GA,Remote rural,23.6,-6.281173214522351,-7.96371692654801,-4.5986295024966894,17.31882678547765,5466.0,1289.976,343.3289279057917
48449,Titus County,TX,Remote rural,42.3,-8.387067385144855,-10.150465369190403,-6.623669401099314,33.912932614855144,4081.0,1726.263,342.2762199877615
47019,Carter County,TN,Metro,22.1,-4.173480969769662,-4.678879524320594,-3.6680824152187306,17.926519030230338,8196.0,1811.316,342.0585002823216
01009,Blount County,AL,Metro,32.1,-5.250206966626941,-5.833610366295657,-4.666803566958224,26.84979303337306,6499.0,2086.179,341.21095076108486
48401,Rusk County,TX,Metro,34.9,-6.312746328318052,-7.592841143034399,-5.0326515136017,28.587253671681946,5404.0,1885.996,341.1408115823075
37077,Granville County,NC,"Rural, near a metro",26.0,-5.6993592844231395,-6.708597408278243,-4.690121160568038,20.30064071557686,5978.0,1554.28,340.7076980228153
01077,Lauderdale County,AL,Metro,22.5,-3.1230181371565147,-4.000640952892518,-2.2453953214205122,19.376981862843486,10896.0,2451.6,340.2840562245738
01031,Coffee County,AL,"Rural, near a metro",25.3,-5.270223346351798,-6.203272030767666,-4.33717466193593,20.029776653648202,6442.0,1629.826,339.5077879719828
01033,Colbert County,AL,Metro,22.9,-5.138488778031335,-6.1928381925113705,-4.0841393635513,17.761511221968664,6514.0,1491.7059999999997,334.72115900096117
47053,Gibson County,TN,"Rural, near a metro",19.7,-5.261438398858376,-6.194151423002565,-4.328725374714186,14.438561601141624,6359.0,1252.723,334.5748677834041
28085,Lincoln County,MS,"Rural, near a metro",25.3,-6.774388829623804,-8.242764954052703,-5.306012705194906,18.525611170376195,4935.0,1248.555,334.3160887419348
28105,Oktibbeha County,MS,Remote rural,20.1,-3.1236387394342886,-4.0878555937486425,-2.1594218851199343,16.976361260565714,10658.0,2142.2580000000003,332.9174168489065
47031,Coffee County,TN,"Rural, near a metro",23.2,-4.65929808232945,-5.324316007944006,-3.994280156714893,18.54070191767055,7138.0,1656.016,332.5806971166761
47107,McMinn County,TN,"Rural, near a metro",22.0,-5.020870787236094,-5.4548293067394145,-4.586912267732775,16.979129212763908,6623.0,1457.06,332.5322722386465
37167,Stanly County,NC,"Rural, near a metro",20.4,-4.935938178668355,-5.390227314883498,-4.481649042453215,15.464061821331644,6548.0,1335.792,323.2052319392039
13069,Coffee County,GA,Remote rural,30.3,-4.880798361892067,-5.856974742877027,-3.9046219809071037,25.419201638107936,6616.0,2004.6480000000001,322.91361962277915
12039,Gadsden County,FL,Metro,25.9,-4.938074728551747,-6.352518884225651,-3.5236305728778454,20.96192527144825,6522.0,1689.1979999999999,322.06123379614496
12121,Suwannee County,FL,"Rural, near a metro",22.1,-5.214094253867824,-5.831292634478011,-4.596895873257637,16.885905746132178,6159.0,1361.1390000000001,321.13606509571923
48199,Hardin County,TX,Metro,30.6,-5.8832790738404555,-6.8812921262070725,-4.885266021473837,24.716720926159546,5436.0,1663.4160000000002,319.81505045396716
48489,Willacy County,TX,"Rural, near a metro",37.6,-10.328672150568565,-12.594376367884026,-8.062967933253097,27.271327849431437,3094.0,1163.344,319.56911633859136
13277,Tift County,GA,Remote rural,31.3,-5.222185838317952,-6.559350973765671,-3.8850207028702286,26.07781416168205,6090.0,1906.17,318.03111755356326
13261,Sumter County,GA,"Rural, near a metro",24.8,-6.634838708489532,-8.310084109856396,-4.9595933071226685,18.16516129151047,4788.0,1187.424,317.6760773624788
48223,Hopkins County,TX,"Rural, near a metro",39.2,-6.954419451888427,-8.46541175005843,-5.443427153718424,32.245580548111576,4548.0,1782.816,316.2869966718857
13047,Catoosa County,GA,Metro,27.0,-5.252193535360841,-6.031122433954482,-4.473264636767201,21.747806464639158,5944.0,1604.88,312.1903837418484
13039,Camden County,GA,"Rural, near a metro",24.6,-5.513846951034775,-6.150068499870552,-4.877625402198997,19.086153048965226,5658.0,1391.8680000000002,311.97346048954756
13233,Polk County,GA,"Rural, near a metro",32.1,-5.285044254834542,-6.1519284232666385,-4.4181600864024455,26.81495574516546,5877.0,1886.517,310.602050856626
13113,Fayette County,GA,Metro,33.4,-5.95358904409525,-6.6563917213602,-5.2507863668302965,27.44641095590475,5216.0,1742.144,310.53920454000826
37141,Pender County,NC,Metro,27.0,-5.559995508219676,-6.0870732865119965,-5.032917729927352,21.440004491780325,5561.0,1501.47,309.19135021209615
47073,Hawkins County,TN,Metro,22.2,-3.9289654316576863,-4.175279995624952,-3.6826508676904126,18.271034568342312,7770.0,1724.94,305.28061403980223
12089,Nassau County,FL,Metro,23.1,-4.628940778150624,-5.412108765307322,-3.8457727909939274,18.471059221849377,6562.0,1515.8220000000001,303.7510938622439
12093,Okeechobee County,FL,"Rural, near a metro",26.8,-5.937886237402839,-7.196101235167991,-4.679671239637691,20.86211376259716,5112.0,1370.016,303.5447444560332
28093,Marshall County,MS,Metro,25.8,-6.588517539317543,-7.991737613405,-5.185297465230089,19.211482460682458,4586.0,1183.188,302.1494143531025
48407,San Jacinto County,TX,"Rural, near a metro",38.7,-8.732157564001923,-11.263181716033266,-6.201133411970581,29.96784243599808,3444.0,1332.8280000000002,300.73550650422624
13213,Murray County,GA,Metro,32.0,-6.038102605150478,-7.690340792947625,-4.385864417353332,25.961897394849522,4973.0,1591.36,300.2748425541333
56001,Albany County,WY,"Rural, near a metro",27.0,-4.66711434837648,-5.625109331170588,-3.7091193655823727,22.33288565162352,6417.0,1732.59,299.4887277353188
28027,Coahoma County,MS,Remote rural,22.7,-6.820556834277248,-7.814363077215059,-5.826750591339439,15.879443165722751,4382.0,994.7139999999999,298.87680047802905
45023,Chester County,SC,Metro,20.8,-6.492667751163188,-7.631909813047365,-5.353425689279012,14.307332248836813,4594.0,955.552,298.2731564884368
45027,Clarendon County,SC,"Rural, near a metro",19.9,-6.615388936447605,-7.22690990578266,-6.003867967112549,13.284611063552394,4508.0,897.092,298.22173325505804
48459,Upshur County,TX,Metro,28.3,-5.3968869718047925,-6.417893615832294,-4.375880327777289,22.903113028195207,5525.0,1563.575,298.17800519221475
48363,Palo Pinto County,TX,"Rural, near a metro",39.2,-8.04065369116783,-9.57961039543986,-6.501696986895789,31.159346308832173,3708.0,1453.536,298.1474388685031
28003,Alcorn County,MS,Remote rural,22.8,-5.797992593364298,-6.535494245284173,-5.060490941444423,17.002007406635702,5132.0,1170.096,297.5529798914558
48071,Chambers County,TX,Metro,41.7,-8.56473792281335,-10.210383463241245,-6.919092382385456,33.13526207718665,3450.0,1438.65,295.4834583370606
45089,Williamsburg County,SC,"Rural, near a metro",22.1,-6.527239198537158,-7.187646457867424,-5.86683193920689,15.572760801462843,4518.0,998.4780000000001,294.90066698990876
37111,McDowell County,NC,"Rural, near a metro",23.3,-5.029545088254392,-5.5168042928475725,-4.542285883661211,18.27045491174561,5859.0,1365.1470000000002,294.68104672082484
13123,Gilmer County,GA,"Rural, near a metro",35.7,-8.986282084387708,-10.21662631622787,-7.755937852547547,26.713717915612293,3273.0,1168.461,294.1210126220097
37013,Beaufort County,NC,"Rural, near a metro",21.6,-5.542437714036757,-6.423906344867966,-4.660969083205549,16.057562285963243,5281.0,1140.6960000000001,292.69613567828117
48049,Brown County,TX,Remote rural,30.2,-6.303843576136842,-7.27265939468317,-5.3350277575905185,23.896156423863157,4641.0,1401.5819999999999,292.5613803685108
37087,Haywood County,NC,Metro,23.1,-4.505350219835187,-4.896645743781594,-4.1140546958887825,18.594649780164815,6484.0,1497.8040000000003,292.1269082541135
37037,Chatham County,NC,Metro,34.4,-6.139751265940055,-7.139568893066968,-5.139933638813143,28.260248734059942,4755.0,1635.72,291.9451726954496
28095,Monroe County,MS,Remote rural,26.4,-6.468041785588998,-7.373088973204712,-5.562994597973288,19.931958214411,4503.0,1188.792,291.25592160507256
47177,Warren County,TN,"Rural, near a metro",26.1,-4.890880541968971,-5.387138207878602,-4.394622876059341,21.20911945803103,5952.0,1553.4720000000002,291.10520985799315
12049,Hardee County,FL,"Rural, near a metro",29.0,-7.636842943932068,-9.992615131163829,-5.281070756700295,21.363157056067934,3801.0,1102.29,290.2764002988579
47147,Robertson County,TN,Metro,24.4,-4.546330057333788,-5.13527408523018,-3.957386029437392,19.85366994266621,6355.0,1550.62,288.9192751435622
28029,Copiah County,MS,Metro,24.7,-6.892756575338642,-8.090841302560232,-5.6946718481170535,17.80724342466136,4182.0,1032.954,288.255079980662
01123,Tallapoosa County,AL,"Rural, near a metro",20.7,-5.890879355869108,-6.692569108460755,-5.089189603277457,14.809120644130891,4888.0,1011.8159999999999,287.946182914882
48493,Wilson County,TX,Metro,33.9,-7.32982237118905,-8.795079241710427,-5.864565500667663,26.57017762881095,3911.0,1325.829,286.66935293720377
47099,Lawrence County,TN,"Rural, near a metro",23.0,-4.845592507662933,-5.390350041418702,-4.300834973907164,18.154407492337068,5878.0,1351.94,284.8239276004272
20055,Finney County,KS,Remote rural,31.5,-7.98805746657666,-9.598309527743176,-6.37780540541014,23.51194253342334,3557.0,1120.455,284.1352040861318
47029,Cocke County,TN,"Rural, near a metro",20.4,-4.836314290368854,-5.2417321305259446,-4.430896450211766,15.563685709631145,5869.0,1197.2759999999998,283.843285701748
47123,Monroe County,TN,"Rural, near a metro",23.7,-4.800042872899977,-5.325771676598416,-4.274314069201539,18.899957127100024,5906.0,1399.7219999999998,283.49053207347265
37031,Carteret County,NC,"Rural, near a metro",21.3,-4.821843732338787,-5.555590485769594,-4.088096978907981,16.478156267661213,5874.0,1251.162,283.2351008375804
01039,Covington County,AL,"Rural, near a metro",22.0,-5.527999288209715,-6.129329017013552,-4.9266695594058785,16.472000711790287,5115.0,1125.3,282.75716359192694
12119,Sumter County,FL,Metro,24.2,-4.580292196049883,-5.4831024932039005,-3.6774818988958677,19.619707803950117,6140.0,1485.88,281.22994083746283
01021,Chilton County,AL,Metro,26.3,-5.0983629319387544,-5.628896418475369,-4.5678294454021415,21.201637068061245,5510.0,1449.13,280.9197975498254
13293,Upson County,GA,"Rural, near a metro",24.2,-6.600766345487179,-7.393049591943041,-5.808483099031315,17.59923365451282,4246.0,1027.532,280.2685390293857
47035,Cumberland County,TN,"Rural, near a metro",22.0,-4.142530448222137,-4.51900587922275,-3.766055017221524,17.857469551777864,6756.0,1486.32,279.86935708188753
20057,Ford County,KS,Remote rural,35.0,-8.521745003738914,-9.647536028567753,-7.395953978910075,26.478254996261086,3259.0,1140.65,277.7236696718512
47003,Bedford County,TN,"Rural, near a metro",27.2,-5.036257266933119,-6.359504409568086,-3.7130101242981524,22.16374273306688,5490.0,1493.28,276.4905239546282
55009,Brown County,WI,Metro,13.2,-1.282681883055721,-2.0583582242675114,-0.5070055418439309,11.917318116944278,21280.0,2808.96,272.95470471425745
20155,Reno County,KS,"Rural, near a metro",21.4,-4.315681927162646,-4.868357187925308,-3.763006666399982,17.084318072837352,6310.0,1350.34,272.31952960396296
48147,Fannin County,TX,"Rural, near a metro",33.6,-6.793342267382893,-8.530476103360206,-5.056208431405584,26.806657732617108,3984.0,1338.624,270.64675593253446
13119,Franklin County,GA,"Rural, near a metro",35.0,-7.778413337639348,-9.987562419619282,-5.569264255659417,27.22158666236065,3441.0,1204.35,267.65520294817
45071,Newberry County,SC,"Rural, near a metro",26.0,-5.984531022142875,-6.629652618892616,-5.339409425393131,20.015468977857125,4461.0,1159.86,266.96992889779364
28001,Adams County,MS,Remote rural,25.1,-5.617446884511899,-7.385814860667754,-3.849078908356047,19.482553115488102,4742.0,1190.2420000000002,266.37933126355426
28133,Sunflower County,MS,Remote rural,20.6,-6.471068681206761,-7.485368040775178,-5.456769321638344,14.12893131879324,4110.0,846.66,265.9609227975979
13087,Decatur County,GA,"Rural, near a metro",27.2,-5.980819904784348,-7.785838415929544,-4.175801393639152,21.219180095215652,4438.0,1207.136,265.4287873743294
20161,Riley County,KS,Metro,17.7,-2.230915432418627,-3.2968484406638883,-1.1649824241733655,15.469084567581373,11862.0,2099.574,264.63118859349754
55133,Waukesha County,WI,Metro,12.3,-1.7361522711966466,-2.406712238360321,-1.0655923040329718,10.563847728803355,15225.0,1872.675,264.32918328968947
47001,Anderson County,TN,Metro,19.6,-2.874491687720696,-3.6329556433518286,-2.116027732089564,16.725508312279306,9170.0,1797.32,263.59088776398784
28045,Hancock County,MS,Metro,25.2,-5.115627331825148,-5.598058710365917,-4.633195953284377,20.08437266817485,5146.0,1296.792,263.2501824957221
13081,Crisp County,GA,"Rural, near a metro",20.0,-7.708384614779042,-8.434549599223725,-6.982219630334357,12.291615385220958,3393.0,678.6,261.5454899794529
45067,Marion County,SC,"Rural, near a metro",18.7,-4.8704998183631,-5.712849119596575,-4.028150517129621,13.829500181636899,5353.0,1001.011,260.71785527697676
28091,Marion County,MS,"Rural, near a metro",26.6,-6.817175854624415,-8.166826400159922,-5.467525309088911,19.782824145375585,3824.0,1017.1840000000001,260.6888046808377
47167,Tipton County,TN,Metro,21.9,-4.284331044657557,-5.132136228980821,-3.4365258603342896,17.615668955342443,6077.0,1330.8629999999998,260.3587975838397
28115,Pontotoc County,MS,Remote rural,28.8,-6.305954007861919,-6.866931687096422,-5.7449763286274145,22.494045992138084,4116.0,1185.4080000000001,259.5530669635966
48117,Deaf Smith County,TX,"Rural, near a metro",41.6,-10.727419429437031,-12.00553102118328,-9.449307837690782,30.87258057056297,2409.0,1002.1440000000001,258.4235340551381
48241,Jasper County,TX,"Rural, near a metro",27.4,-5.6324729793092905,-6.5498862271906635,-4.7150597314279175,21.767527020690707,4571.0,1252.454,257.46033988422766
45087,Union County,SC,Metro,19.6,-6.156518072344245,-6.875331113885183,-5.4377050308033095,13.443481927655757,4150.0,813.4,255.49550000228618
37017,Bladen County,NC,"Rural, near a metro",18.9,-6.175902367743107,-7.5607653950833615,-4.791039340402852,12.724097632256893,4126.0,779.814,254.8177316930806
47089,Jefferson County,TN,Metro,20.8,-4.236254366949368,-4.970625215114602,-3.501883518784135,16.563745633050633,6013.0,1250.7040000000002,254.72597508466552
48505,Zapata County,TX,"Rural, near a metro",47.0,-10.981625569837554,-12.600388910202033,-9.36286222947308,36.018374430162446,2313.0,1087.11,254.00499943034262
13305,Wayne County,GA,"Rural, near a metro",27.3,-5.795224878643272,-8.397683231726049,-3.192766525560495,21.50477512135673,4372.0,1193.556,253.36723169428387
28079,Leake County,MS,"Rural, near a metro",28.0,-8.061523814037802,-9.106200100852746,-7.016847527222857,19.938476185962198,3140.0,879.2,253.131847760787
48227,Howard County,TX,"Rural, near a metro",30.3,-7.335908761915929,-8.793199030384066,-5.8786184934477905,22.964091238084073,3427.0,1038.381,251.4015932708589
01005,Barbour County,AL,"Rural, near a metro",22.6,-6.702595188239571,-7.876100276200854,-5.529090100278287,15.897404811760431,3733.0,843.658,250.2078783769832
28163,Yazoo County,MS,Metro,25.3,-6.089079974927574,-7.304629803680466,-4.873530146174685,19.210920025072426,4072.0,1030.2160000000001,247.9473365790508
28127,Simpson County,MS,Metro,27.0,-7.024810158557926,-8.718579217871207,-5.331041099244646,19.975189841442074,3526.0,952.02,247.69480619075247
47013,Campbell County,TN,Metro,18.9,-3.980456212885933,-4.445338569390397,-3.515573856381469,14.919543787114065,6179.0,1167.831,245.9523893942218
47097,Lauderdale County,TN,"Rural, near a metro",18.1,-6.490406469807356,-7.558730779438293,-5.422082160176415,11.609593530192646,3757.0,680.0170000000002,243.84457107066234
56013,Fremont County,WY,Remote rural,22.3,-5.8011383718854015,-7.582517740379924,-4.0197590033908845,16.4988616281146,4201.0,936.823,243.70582300290573
01061,Geneva County,AL,Metro,25.3,-5.558619854178837,-6.2295560667771035,-4.887683641580572,19.741380145821164,4303.0,1088.659,239.18741232531536
01051,Elmore County,AL,Metro,24.5,-2.9403267468816496,-4.162447680604457,-1.7182058131588427,21.55967325311835,8133.0,1992.585,239.13677432388457
47143,Rhea County,TN,"Rural, near a metro",20.4,-5.162248729707371,-6.020100805487068,-4.304396653927677,15.237751270292627,4612.0,940.8479999999998,238.08291141410393
13195,Madison County,GA,Metro,31.9,-6.234867916023317,-7.134447907451746,-5.335287924594886,25.66513208397668,3807.0,1214.433,237.3614215630077
37113,Macon County,NC,Remote rural,28.8,-5.59819747973543,-6.217393847665145,-4.9790011118057205,23.20180252026457,4236.0,1219.968,237.1396452415928
01017,Chambers County,AL,"Rural, near a metro",21.1,-4.872826025764295,-6.256837240961894,-3.488814810566692,16.227173974235708,4856.0,1024.616,236.62443181111414
48177,Gonzales County,TX,"Rural, near a metro",39.4,-9.704533966908816,-11.64207264231782,-7.766995291499813,29.695466033091183,2437.0,960.178,236.49949277356782
13225,Peach County,GA,Metro,26.4,-6.285627698306531,-7.542280466359959,-5.0289749302530975,20.114372301693468,3736.0,986.304,234.83105080873202
48015,Austin County,TX,Metro,39.7,-7.758845013841986,-10.045283485213822,-5.472406542470161,31.94115498615802,3007.0,1193.779,233.30846956622852
48163,Frio County,TX,"Rural, near a metro",34.2,-9.55670492307157,-11.393850015187711,-7.719559830955438,24.643295076928432,2437.0,833.4540000000001,232.89689897525415
28137,Tate County,MS,Metro,28.6,-6.400942162448609,-7.253946452880781,-5.547937872016439,22.199057837551393,3638.0,1040.468,232.86627586988038
13033,Burke County,GA,Metro,24.5,-6.8129520178627,-8.240054999700572,-5.385849036024828,17.6870479821373,3417.0,837.165,232.79857045036846
13205,Mitchell County,GA,"Rural, near a metro",24.7,-6.827542902913369,-8.191083287002549,-5.4640025188241905,17.87245709708663,3400.0,839.8,232.13645869905457
01115,St. Clair County,AL,Metro,24.3,-2.8707595845038902,-3.9918619967927578,-1.7496571722150247,21.42924041549611,8080.0,1963.44,231.95737442791432
48259,Kendall County,TX,Metro,42.8,-9.513061700945592,-10.46480857458406,-8.561314827307138,33.286938299054405,2435.0,1042.18,231.64305241802518
13107,Emanuel County,GA,Remote rural,26.3,-6.478691492301749,-7.388722946013751,-5.568660038589747,19.82130850769825,3564.0,937.332,230.90056478563434
37145,Person County,NC,Metro,21.3,-5.30822438777178,-6.2885697355538515,-4.327879039989709,15.99177561222822,4348.0,926.1240000000001,230.801596380317
45011,Barnwell County,SC,"Rural, near a metro",21.4,-6.987478774766339,-8.270697568317292,-5.70425998121537,14.41252122523366,3291.0,704.2739999999999,229.95792647756025
48025,Bee County,TX,"Rural, near a metro",24.3,-6.913747077462078,-9.219496940803849,-4.607997214120307,17.38625292253792,3312.0,804.816,228.98330320554405
13187,Lumpkin County,GA,"Rural, near a metro",32.3,-6.309228540452521,-7.111161667435978,-5.507295413469063,25.990771459547474,3602.0,1163.446,227.25841202709984
13055,Chattooga County,GA,"Rural, near a metro",27.4,-6.039345114090963,-7.249514349384591,-4.829175878797332,21.360654885909035,3753.0,1028.322,226.65662213183384
28101,Newton County,MS,Remote rural,22.3,-7.7658299330864855,-8.485145139183855,-7.046514726989117,14.534170066913514,2905.0,647.815,225.5973595561624
47131,Obion County,TN,Remote rural,21.1,-5.536738337843953,-6.327096530411345,-4.746380145276562,15.563261662156048,4074.0,859.614,225.56671988376266
01079,Lawrence County,AL,Metro,22.6,-5.523865998517861,-5.974289277392349,-5.073442719643373,17.07613400148214,4071.0,920.046,224.8765847996621
28153,Wayne County,MS,Remote rural,30.6,-6.963653509678066,-8.269797307310395,-5.657509712045738,23.636346490321934,3229.0,988.0740000000001,224.85637182750472
28043,Grenada County,MS,Remote rural,22.0,-6.702608943891816,-7.8830829730280065,-5.522134914755622,15.297391056108184,3326.0,731.72,222.9287734738418
13029,Bryan County,GA,Metro,27.8,-6.4535987111660855,-7.291846799217313,-5.615350623114858,21.346401288833917,3452.0,959.6560000000001,222.77822750945325
28123,Scott County,MS,"Rural, near a metro",32.5,-5.064444074449788,-5.911486784385992,-4.217401364513584,27.43555592555021,4393.0,1427.725,222.4810281905792
37007,Anson County,NC,"Rural, near a metro",21.9,-6.819674515669815,-8.458465126909456,-5.180883904430175,15.080325484330183,3247.0,711.0929999999998,221.43483152379892
48219,Hockley County,TX,"Rural, near a metro",37.6,-8.67190425122468,-10.86031462135536,-6.483493881093999,28.92809574877532,2549.0,958.4240000000001,221.04683936371708
47105,Loudon County,TN,Metro,28.5,-4.896552725505427,-5.559434487283262,-4.233670963727599,23.603447274494574,4503.0,1283.355,220.49176922950937
01093,Marion County,AL,Remote rural,23.0,-5.194688809013297,-5.569936435459996,-4.819441182566599,17.805311190986703,4221.0,970.83,219.26781462845128
48067,Cass County,TX,"Rural, near a metro",28.0,-5.930855812763671,-7.426844529764535,-4.434867095762806,22.06914418723633,3693.0,1034.04,219.02650516536238
45069,Marlboro County,SC,"Rural, near a metro",15.9,-4.989777732862904,-5.801775844187163,-4.177779621538641,10.910222267137097,4341.0,690.219,216.60625138357867
01059,Franklin County,AL,"Rural, near a metro",26.8,-4.753288742704756,-5.193712474256564,-4.312865011152944,22.046711257295243,4527.0,1213.236,215.1813813822443
37169,Stokes County,NC,Metro,22.8,-4.72443905755533,-5.478196060425418,-3.97068205468524,18.07556094244467,4551.0,1037.628,215.00922150934306
12133,Washington County,FL,"Rural, near a metro",25.3,-6.113972810688156,-7.424738725400651,-4.803206895975661,19.186027189311844,3508.0,887.5240000000001,214.47816619894053
13279,Toombs County,GA,Remote rural,30.3,-4.930616698013267,-5.842320372808329,-4.0189130232182055,25.369383301986733,4304.0,1304.112,212.21374268249104
28145,Union County,MS,"Rural, near a metro",31.6,-5.903304273216421,-7.092879345807358,-4.713729200625486,25.69669572678358,3590.0,1134.44,211.92862340846952
01109,Pike County,AL,"Rural, near a metro",21.3,-3.466040882090057,-5.154579058251605,-1.777502705928511,17.833959117909945,6098.0,1298.874,211.3591729898517
48337,Montague County,TX,"Rural, near a metro",35.4,-9.33596169601489,-11.184794873902247,-7.487128518127539,26.064038303985107,2263.0,801.102,211.27281318081697
13189,McDuffie County,GA,Metro,22.3,-7.049484232442657,-7.618381203957443,-6.48058726092787,15.250515767557344,2982.0,664.9860000000001,210.21561981144004
48419,Shelby County,TX,Remote rural,36.5,-5.977680035656508,-8.34979521489238,-3.6055648564206377,30.52231996434349,3498.0,1276.77,209.09924764726466
55101,Racine County,WI,Metro,15.0,-1.2744493410479165,-1.86614893000276,-0.6827497520930731,13.725550658952084,16364.0,2454.6,208.55089016908107
47069,Hardeman County,TN,"Rural, near a metro",18.7,-6.0681230172614615,-6.935343537367007,-5.200902497155914,12.631876982738538,3431.0,641.597,208.19730072224073
47111,Macon County,TN,Metro,26.2,-5.412819758120808,-6.430284709174002,-4.395354807067617,20.78718024187919,3846.0,1007.6519999999999,208.17704789732628
47117,Marshall County,TN,"Rural, near a metro",25.4,-5.448608286966026,-5.949668051091755,-4.947548522840298,19.95139171303397,3818.0,969.7719999999999,208.02786439636287
01025,Clarke County,AL,Remote rural,20.0,-6.316132531927206,-7.143675375100491,-5.488589688753924,13.683867468072794,3283.0,656.6,207.35863102317018
47103,Lincoln County,TN,"Rural, near a metro",25.2,-5.502943307360795,-6.05151521365902,-4.954371401062567,19.697056692639205,3760.0,947.52,206.91066835676588
37197,Yadkin County,NC,Metro,26.3,-4.9208515097042556,-5.40066677293438,-4.441036246474128,21.379148490295744,4202.0,1105.126,206.77418043777283
28025,Clay County,MS,Remote rural,23.5,-6.7454126196084045,-7.945657777060495,-5.545167462156317,16.754587380391595,3046.0,715.81,205.465268393272
48331,Milam County,TX,"Rural, near a metro",32.9,-6.8456289320374,-8.358706945818646,-5.332550918256156,26.0543710679626,2967.0,976.143,203.10981041354964
28039,George County,MS,"Rural, near a metro",32.8,-5.885819466621039,-6.597331051385816,-5.1743078818562624,26.914180533378957,3448.0,1130.944,202.94305520909344
13091,Dodge County,GA,"Rural, near a metro",23.9,-6.793595022743767,-7.558227978881452,-6.0289620666060815,17.106404977256233,2987.0,713.893,202.9246833293563
13257,Stephens County,GA,Remote rural,24.7,-5.868615484706019,-6.346232481879248,-5.390998487532787,18.83138451529398,3446.0,851.1619999999999,202.2324896029694
47045,Dyer County,TN,Remote rural,18.5,-4.023093820060044,-5.224669484117669,-2.82151815600242,14.476906179939956,5021.0,928.885,201.9995407052148
28159,Winston County,MS,Remote rural,22.5,-7.654616812083351,-8.390539256431508,-6.918694367735197,14.84538318791665,2627.0,591.075,201.08678365342962
28031,Covington County,MS,"Rural, near a metro",28.1,-7.207238712948097,-8.73674586137631,-5.677731564519886,20.892761287051904,2780.0,781.18,200.3612362199571
48477,Washington County,TX,"Rural, near a metro",33.7,-6.265670498453269,-7.2201302379104915,-5.311210758996043,27.434329501546735,3190.0,1075.0300000000002,199.87488890065927
48341,Moore County,TX,Remote rural,47.0,-8.779600202016873,-10.710173708565268,-6.849026695468478,38.22039979798313,2274.0,1068.78,199.6481085938637
20111,Lyon County,KS,"Rural, near a metro",22.8,-4.681292124596946,-5.263423724439617,-4.099160524754273,18.118707875403054,4223.0,962.844,197.69096642172903
56037,Sweetwater County,WY,Remote rural,30.1,-5.585590829322324,-6.498556470376538,-4.67262518826811,24.514409170677677,3515.0,1058.015,196.3335176506797
45049,Hampton County,SC,"Rural, near a metro",24.2,-6.98939664346916,-7.657255069851774,-6.321538217086546,17.21060335653084,2805.0,678.81,196.05257584930996
48165,Gaines County,TX,Remote rural,52.4,-7.6174604361288,-10.256886740311678,-4.9780341319459165,44.7825395638712,2563.0,1343.0119999999997,195.23551097798116
28139,Tippah County,MS,"Rural, near a metro",28.5,-6.00044973876117,-6.7239023883396385,-5.276997089182701,22.49955026123883,3252.0,926.82,195.13462550451325
12007,Bradford County,FL,"Rural, near a metro",21.0,-6.017011226400557,-6.800093056388219,-5.233929396412897,14.982988773599443,3235.0,679.35,194.65031317405803
48179,Gray County,TX,"Rural, near a metro",39.2,-7.772279396621406,-9.389076279144126,-6.1554825140986855,31.427720603378596,2504.0,981.568,194.6178760914
13143,Haralson County,GA,Metro,24.1,-5.211796233941401,-5.711209747862963,-4.712382720019837,18.888203766058602,3733.0,899.653,194.5563534130325
56005,Campbell County,WY,Remote rural,29.0,-5.394251978219951,-6.291234987061336,-4.497268969378566,23.605748021780048,3605.0,1045.45,194.46278381482924
48007,Aransas County,TX,Metro,27.8,-6.9563347811717335,-8.869700270289394,-5.042969292054079,20.843665218828267,2793.0,776.4540000000001,194.2904304381265
47071,Hardin County,TN,"Rural, near a metro",22.2,-5.1237650756483895,-5.610356195292072,-4.637173956004704,17.07623492435161,3770.0,836.94,193.16594335194426
55059,Kenosha County,WI,Metro,14.2,-1.3298022853947458,-1.9765485968203391,-0.6830559739691517,12.870197714605254,14467.0,2054.314,192.38249662805788
01047,Dallas County,AL,"Rural, near a metro",16.2,-2.732858549417768,-4.142189790621602,-1.3235273082139338,13.467141450582231,7025.0,1138.05,191.9833130965982
13227,Pickens County,GA,Metro,27.6,-6.012504646809641,-6.656614193080811,-5.368395100538471,21.58749535319036,3192.0,880.9920000000001,191.91914832616374
13017,Ben Hill County,GA,Remote rural,23.8,-6.469056696542666,-7.928787712052373,-5.009325681032955,17.330943303457335,2965.0,705.67,191.80753105249005
13321,Worth County,GA,Metro,26.1,-6.728994829401425,-7.792695438006226,-5.665294220796622,19.371005170598576,2850.0,743.85,191.7763526379406
28117,Prentiss County,MS,Remote rural,26.6,-5.528666685800515,-6.052228570022425,-5.0051048015786055,21.071333314199485,3468.0,922.488,191.73416066356185
47077,Henderson County,TN,"Rural, near a metro",22.0,-5.251587279976545,-5.698813248220636,-4.804361311732457,16.748412720023456,3649.0,802.78,191.63041984634413
47055,Giles County,TN,"Rural, near a metro",21.1,-5.482500464859279,-5.988652988343244,-4.976347941375314,15.617499535140723,3479.0,734.0690000000001,190.7361911724543
01111,Randolph County,AL,"Rural, near a metro",24.0,-6.194324834252997,-6.904615891609146,-5.484033776896845,17.805675165747004,3070.0,736.8,190.16577241156702
13035,Butts County,GA,Metro,24.5,-6.490215759963966,-7.1756619359964535,-5.804769583931471,18.009784240036034,2927.0,717.115,189.96861529414528
13303,Washington County,GA,Remote rural,24.1,-7.204951173698113,-8.771336642956461,-5.638565704439766,16.89504882630189,2632.0,634.312,189.63431489173433
55139,Winnebago County,WI,Metro,12.2,-1.2813623295264327,-1.8573826783904623,-0.7053419806624048,10.918637670473567,14756.0,1800.2319999999997,189.0778253449204
48503,Young County,TX,Remote rural,39.9,-9.364684373638488,-10.576396542957605,-8.152972204319367,30.53531562636151,2019.0,805.5809999999999,189.07297750376108
47109,McNairy County,TN,"Rural, near a metro",20.3,-5.224616222228143,-5.62003331909849,-4.829199125357796,15.075383777771858,3618.0,734.4540000000001,189.0266149202142
47025,Claiborne County,TN,"Rural, near a metro",19.0,-3.9140973495880775,-4.483886834357486,-3.3443078648186706,15.085902650411922,4828.0,917.32,188.97262003811238
13131,Grady County,GA,"Rural, near a metro",32.4,-5.361082344051056,-6.60091414358428,-4.121250544517838,27.038917655948943,3523.0,1141.452,188.8709309809187
48281,Lampasas County,TX,Metro,36.9,-8.067940136062802,-9.286887439757928,-6.848992832367677,28.832059863937197,2339.0,863.0909999999999,188.70911978250896
55105,Rock County,WI,Metro,11.8,-1.3796955599658596,-2.213551915944828,-0.5458392039868915,10.42030444003414,13677.0,1613.886,188.70096173653062
20175,Seward County,KS,Remote rural,34.6,-8.447321906979841,-10.400769425107104,-6.493874388852571,26.15267809302016,2226.0,770.196,188.03738564937126
47043,Dickson County,TN,Metro,20.2,-3.7569355910339786,-4.656943891818817,-2.8569272902491436,16.44306440896602,4990.0,1007.98,187.47108599259553
48293,Limestone County,TX,"Rural, near a metro",34.4,-6.167872074989229,-7.395299890506975,-4.940444259471483,28.23212792501077,3024.0,1040.2559999999999,186.5164515476743
13199,Meriwether County,GA,Metro,25.9,-6.411430825777538,-7.65483276587724,-5.1680288856778365,19.488569174222462,2906.0,752.654,186.31617979709526
47185,White County,TN,Remote rural,22.2,-4.946179680178481,-5.450294013163624,-4.4420653471933385,17.253820319821518,3758.0,834.276,185.87743238110733
47115,Marion County,TN,Metro,24.1,-4.900575641507072,-5.299009778032682,-4.502141504981461,19.19942435849293,3779.0,910.739,185.19275349255227
01007,Bibb County,AL,Metro,24.7,-6.394845933787391,-7.565322698504899,-5.224369169069887,18.30515406621261,2881.0,711.607,184.23551135241473
20125,Montgomery County,KS,Remote rural,17.2,-4.645223933443565,-5.267461489086742,-4.022986377800384,12.554776066556435,3959.0,680.948,183.9044155250307
48185,Grimes County,TX,"Rural, near a metro",36.7,-5.7275850295880915,-7.96493750376825,-3.4902325554079314,30.97241497041191,3208.0,1177.336,183.74092774918597
48019,Bandera County,TX,Metro,36.7,-8.580799657369775,-9.760450805055433,-7.4011485096841225,28.11920034263023,2139.0,785.013,183.54330467113948
37117,Martin County,NC,"Rural, near a metro",19.7,-6.520486877209151,-7.551769571683339,-5.489204182734959,13.179513122790848,2801.0,551.797,182.63883743062829
45001,Abbeville County,SC,"Rural, near a metro",22.7,-6.30977369974022,-7.436321088523594,-5.183226310956845,16.39022630025978,2884.0,654.668,181.97387350050795
47075,Haywood County,TN,"Rural, near a metro",19.2,-6.773330005173886,-8.06068138296165,-5.485978627386121,12.426669994826113,2686.0,515.712,181.93164393897058
45081,Saluda County,SC,Metro,31.2,-7.240577724173773,-8.390316010476221,-6.090839437871324,23.959422275826228,2510.0,783.12,181.73850087676172
45053,Jasper County,SC,Metro,31.1,-4.638569630586728,-6.469970282839991,-2.8071689783334635,26.46143036941327,3907.0,1215.0770000000002,181.22891546702346
37003,Alexander County,NC,Metro,23.3,-4.925281829225449,-5.88032949951543,-3.9702341589354693,18.37471817077455,3658.0,852.3140000000001,180.16680931306695
47021,Cheatham County,TN,Metro,27.3,-4.917741293857263,-5.533467035961653,-4.302015551752875,22.382258706142736,3648.0,995.9040000000001,179.39920239991295
47079,Henry County,TN,Remote rural,19.0,-4.14494870316704,-5.021963267430954,-3.267934138903123,14.855051296832961,4319.0,820.61,179.02033448978443
28007,Attala County,MS,"Rural, near a metro",23.0,-6.714023156693122,-7.588032480251578,-5.840013833134665,16.285976843306877,2660.0,611.8,178.59301596803704
13025,Brantley County,GA,Metro,32.2,-6.761600499393986,-7.8170603964776415,-5.70614060231032,25.438399500606018,2634.0,848.148,178.1005571540376
48093,Comanche County,TX,Remote rural,40.3,-10.509414301476466,-12.006644174335463,-9.012184428617473,29.79058569852353,1686.0,679.4579999999999,177.18872512289323
37139,Pasquotank County,NC,"Rural, near a metro",18.9,-3.7803889732747806,-4.799935765842685,-2.760842180706879,15.119611026725218,4667.0,882.0629999999999,176.43075338273403
45037,Edgefield County,SC,Metro,29.3,-5.695572644616404,-6.695946514347119,-4.695198774885695,23.604427355383596,3097.0,907.421,176.39188480377004
13241,Rabun County,GA,Remote rural,36.0,-9.414198106628184,-10.233839827667111,-8.594556385589271,26.585801893371816,1872.0,673.92,176.23378855607962
45061,Lee County,SC,"Rural, near a metro",22.5,-6.719235200060303,-7.636223111887091,-5.802247288233522,15.780764799939696,2619.0,589.275,175.97676988957934
13147,Hart County,GA,"Rural, near a metro",27.9,-5.951771038215975,-7.163503130276955,-4.7400389461549945,21.948228961784025,2949.0,822.771,175.5177279169891
37059,Davie County,NC,Metro,25.4,-4.976860239630628,-5.741564315816319,-4.2121561634449325,20.42313976036937,3495.0,887.73,173.94126537509044
28017,Chickasaw County,MS,Remote rural,28.4,-6.646190509501551,-7.73756722078203,-5.554813798221073,21.753809490498448,2605.0,739.82,173.1332627725154
20037,Crawford County,KS,"Rural, near a metro",19.2,-2.80485243901281,-3.735047976695377,-1.8746569013302463,16.39514756098719,6154.0,1181.568,172.61061909684832
01019,Cherokee County,AL,"Rural, near a metro",24.9,-5.225579488434561,-5.630933442044339,-4.820225534824785,19.674420511565437,3300.0,821.7,172.4441231183405
48171,Gillespie County,TX,Remote rural,42.0,-9.54619567253311,-11.009558362927624,-8.082832982138573,32.45380432746689,1798.0,755.16,171.6405981921453
13311,White County,GA,"Rural, near a metro",28.8,-6.082826760053492,-7.528959851384212,-4.636693668722772,22.717173239946508,2820.0,812.16,171.53571463350846
55087,Outagamie County,WI,Metro,12.4,-1.4979764813555947,-2.1680508416022697,-0.8279021211089199,10.902023518644405,11417.0,1415.708,171.02397487636824
13027,Brooks County,GA,Metro,25.8,-6.517601475665343,-7.324611079711306,-5.710591871619379,19.28239852433466,2600.0,670.8,169.4576383672989
37039,Cherokee County,NC,Remote rural,21.5,-4.634049852662105,-5.029686828795474,-4.238412876528732,16.865950147337895,3653.0,785.395,169.2818411177467
13019,Berrien County,GA,"Rural, near a metro",23.8,-5.710608208881018,-6.636236319132438,-4.7849800986296,18.089391791118985,2959.0,704.242,168.9768969007893
12123,Taylor County,FL,"Rural, near a metro",23.6,-6.147058182896305,-7.4733910583356655,-4.820725307456949,17.452941817103696,2748.0,648.528,168.92115886599046
37033,Caswell County,NC,"Rural, near a metro",22.1,-6.396528924238399,-7.070199679325853,-5.722858169150939,15.703471075761602,2636.0,582.556,168.61250244292418
12079,Madison County,FL,"Rural, near a metro",24.5,-6.5052084339903145,-7.735932622145187,-5.274484245835442,17.994791566009685,2587.0,633.815,168.28974218732944
13075,Cook County,GA,"Rural, near a metro",27.5,-5.9517472719699125,-7.360051933851781,-4.543442610088043,21.548252728030086,2827.0,777.425,168.25589537858943
13169,Jones County,GA,Metro,26.7,-5.763248133136397,-7.112189735391534,-4.4143065308812615,20.936751866863602,2916.0,778.572,168.05631556225734
48133,Eastland County,TX,"Rural, near a metro",32.5,-7.254041913208922,-8.145669191462876,-6.362414634954973,25.245958086791077,2313.0,751.725,167.7859894525224
13105,Elbert County,GA,"Rural, near a metro",26.8,-6.276572024310073,-7.159840235582598,-5.393303813037543,20.523427975689927,2655.0,711.54,166.64298724543244
13177,Lee County,GA,Metro,25.5,-5.930481106363485,-6.713427742487128,-5.147534470239841,19.569518893636516,2804.0,715.02,166.29069022243212
37185,Warren County,NC,"Rural, near a metro",22.4,-6.5705527061529265,-7.992501946772872,-5.148603465532979,15.829447293847071,2517.0,563.808,165.38081161386916
48035,Bosque County,TX,"Rural, near a metro",35.5,-8.401172138682016,-9.210670490172813,-7.591673787191223,27.098827861317986,1967.0,698.285,165.25105596787526
46102,Oglala Lakota County,SD,"Rural, near a metro",12.3,-6.449248437848569,-7.403546007579576,-5.494950868117557,5.850751562151432,2554.0,314.142,164.71380510265246
12129,Wakulla County,FL,Metro,24.3,-5.625406480198318,-6.347710930045436,-4.9031020303512,18.674593519801682,2904.0,705.672,163.36180418495917
13171,Lamar County,GA,Metro,24.5,-6.534438453489504,-7.405748299840577,-5.663128607138443,17.965561546510497,2498.0,612.01,163.23027256816783
48057,Calhoun County,TX,"Rural, near a metro",33.3,-8.009405529664011,-9.716155201025613,-6.302655858302392,25.290594470335986,2015.0,670.995,161.3895214227298
13267,Tattnall County,GA,"Rural, near a metro",31.7,-4.936244515593514,-5.733869134294331,-4.138619896892699,26.763755484406484,3254.0,1031.518,160.62539653741294
13085,Dawson County,GA,Metro,33.9,-6.93516356163904,-7.883031112216615,-5.987296011061467,26.96483643836096,2298.0,779.0219999999999,159.37005864646514
47151,Scott County,TN,"Rural, near a metro",21.5,-4.1386833306065975,-4.8920331198037506,-3.3853335414094445,17.361316669393403,3850.0,827.75,159.339308228354
28051,Holmes County,MS,"Rural, near a metro",19.9,-4.748381331718297,-6.1973674689614064,-3.2993951944751867,15.151618668281703,3353.0,667.247,159.2132260525145
37091,Hertford County,NC,"Rural, near a metro",17.3,-5.654640801014559,-6.509847613851533,-4.799433988177586,11.645359198985442,2813.0,486.649,159.06504573253955
48299,Llano County,TX,Remote rural,36.4,-9.01792982476736,-10.311441655121806,-7.724417994412915,27.382070175232638,1762.0,641.3679999999999,158.8959235124009
55035,Eau Claire County,WI,Metro,12.1,-1.5136312000302536,-2.1032805145422047,-0.9239818855183012,10.586368799969746,10497.0,1270.137,158.88586706717572
48279,Lamb County,TX,"Rural, near a metro",40.3,-9.504571456877754,-12.25259333512633,-6.756549578629179,30.79542854312224,1667.0,671.8009999999999,158.44120618615216
13229,Pierce County,GA,"Rural, near a metro",29.1,-5.778160062995314,-6.682563467525591,-4.873756658465039,23.32183993700469,2736.0,796.176,158.09045932355178
55019,Clark County,WI,"Rural, near a metro",23.5,-5.1522991582913535,-6.178414100985078,-4.126184215597629,18.347700841708647,3068.0,720.98,158.0725381763787
47081,Hickman County,TN,Metro,22.3,-5.26310673145687,-5.651209229843681,-4.875004233070061,17.036893268543132,2984.0,665.432,157.051104866673
48365,Panola County,TX,"Rural, near a metro",34.5,-6.926279996068825,-7.7849498363131255,-6.067610155824524,27.573720003931175,2267.0,782.115,157.01876751088025
13163,Jefferson County,GA,"Rural, near a metro",26.1,-6.639979833475587,-7.491834654140081,-5.788125012811098,19.460020166524416,2362.0,616.4820000000001,156.83632366669337
01099,Monroe County,AL,Remote rural,20.4,-5.138897477973904,-6.256473993506253,-4.021320962441557,15.261102522026095,3043.0,620.7719999999999,156.3766502547459
48225,Houston County,TX,Remote rural,31.3,-5.244527022520497,-7.397133380337055,-3.091920664703936,26.055472977479504,2980.0,932.74,156.2869052711108
37009,Ashe County,NC,Remote rural,25.1,-4.672120339980898,-5.118033840248954,-4.226206839712839,20.4278796600191,3331.0,836.081,155.6283285247637
28131,Stone County,MS,"Rural, near a metro",30.6,-6.191648014754614,-7.283642735961802,-5.099653293547428,24.40835198524539,2511.0,768.3660000000001,155.47228165048838
13207,Monroe County,GA,Metro,26.5,-6.365613552279538,-7.363037729323982,-5.368189375235095,20.134386447720463,2438.0,646.07,155.19365840457513
55063,La Crosse County,WI,Metro,9.9,-1.320881627659121,-2.1915498366745676,-0.4502134186436748,8.57911837234088,11620.0,1150.38,153.4864451339899
48457,Tyler County,TX,"Rural, near a metro",31.1,-6.468212670668541,-7.2881151077405555,-5.648310233596522,24.63178732933146,2362.0,734.582,152.77918328119094
37175,Transylvania County,NC,"Rural, near a metro",22.8,-4.824425894625076,-5.6866316906787615,-3.962220098571391,17.975574105374925,3159.0,720.252,152.40361401120614
01013,Butler County,AL,"Rural, near a metro",20.6,-5.116705723691368,-6.1656628298124225,-4.067748617570314,15.483294276308634,2978.0,613.4680000000001,152.37549645152893
48149,Fayette County,TX,"Rural, near a metro",37.4,-8.015315349476815,-9.140940481309144,-6.889690217644485,29.384684650523184,1898.0,709.852,152.13068533306995
48445,Terry County,TX,"Rural, near a metro",42.5,-9.234075784821918,-11.231658513514443,-7.236493056129395,33.26592421517808,1639.0,696.575,151.34650211323125
28147,Walthall County,MS,Remote rural,30.7,-7.0063571006598115,-9.230345100282905,-4.782369101036711,23.693642899340187,2140.0,656.98,149.93604195411996
47183,Weakley County,TN,Remote rural,17.6,-3.147003082115475,-4.081639844765221,-2.21236631946573,14.452996917884526,4754.0,836.7040000000001,149.60852652376968
48287,Lee County,TX,"Rural, near a metro",40.6,-7.69074693535471,-10.665610955728157,-4.715882914981283,32.90925306464529,1937.0,786.422,148.96976813782072
48507,Zavala County,TX,Remote rural,29.9,-9.055533189255419,-11.230069002751087,-6.880997375759753,20.844466810744578,1635.0,488.865,148.05796764432608
13001,Appling County,GA,Remote rural,32.8,-5.810753907423096,-7.019583986994951,-4.601923827851239,26.989246092576902,2531.0,830.1679999999999,147.07018139687855
28141,Tishomingo County,MS,"Rural, near a metro",29.4,-5.564534601147415,-6.300529587684446,-4.828539614610383,23.835465398852584,2633.0,774.102,146.51419604821143
13237,Putnam County,GA,"Rural, near a metro",28.4,-5.73320323093806,-6.918210317439978,-4.548196144436143,22.66679676906194,2553.0,725.052,146.36867848584868
48003,Andrews County,TX,"Rural, near a metro",41.8,-9.31279409773079,-10.92209049435574,-7.703497701105826,32.48720590226921,1564.0,653.752,145.65209968850957
48161,Freestone County,TX,Remote rural,36.6,-6.4217541625779875,-9.688634674357532,-3.1548736507984456,30.178245837422015,2265.0,828.99,145.45273178239142
13183,Long County,GA,Metro,29.3,-4.85874087345822,-5.522909713480245,-4.194572033436194,24.44125912654178,2993.0,876.9490000000001,145.42211434260452
13111,Fannin County,GA,"Rural, near a metro",28.9,-5.851248375825471,-6.705581945069305,-4.996914806581638,23.04875162417453,2483.0,717.587,145.28649717174645
28061,Jasper County,MS,Remote rural,26.8,-6.202905439635899,-7.318621984164467,-5.087188895107331,20.597094560364102,2329.0,624.172,144.4656676891201
12029,Dixie County,FL,"Rural, near a metro",23.2,-5.788668782719438,-6.3548557311641645,-5.222481834274712,17.411331217280562,2493.0,578.376,144.3115127531956
47007,Bledsoe County,TN,"Rural, near a metro",29.3,-6.281676987800534,-7.160131861932454,-5.403222113668617,23.018323012199467,2291.0,671.263,143.91321979051025
01133,Winston County,AL,"Rural, near a metro",23.6,-4.350798444647321,-4.711156801511321,-3.9904400877833206,19.24920155535268,3262.0,769.8320000000001,141.92304526439563
13291,Union County,GA,Remote rural,31.7,-6.464241607369408,-7.170120163310825,-5.758363051427992,25.235758392630594,2195.0,695.815,141.89010328175848
48289,Leon County,TX,"Rural, near a metro",38.8,-7.974226166413547,-9.805871047768603,-6.142581285058489,30.82577383358645,1774.0,688.312,141.46277219217632
28057,Itawamba County,MS,Remote rural,27.3,-5.199938933379389,-5.598797982785026,-4.801079883973754,22.10006106662061,2716.0,741.4680000000001,141.23034143058422
47129,Morgan County,TN,Metro,27.2,-5.402497695244896,-5.897788297022295,-4.907207093467502,21.797502304755103,2611.0,710.192,141.0592148228442
12059,Holmes County,FL,"Rural, near a metro",18.2,-5.267973422524545,-5.676774680362069,-4.859172164687028,12.932026577475455,2677.0,487.214,141.02364852098205
37123,Montgomery County,NC,"Rural, near a metro",28.3,-4.561702651878899,-5.670959462270639,-3.4524458414871586,23.7382973481211,3087.0,873.6210000000001,140.8197608635016
48123,DeWitt County,TX,"Rural, near a metro",31.1,-6.59834435061477,-8.0354105384111,-5.161278162818439,24.50165564938523,2132.0,663.052,140.6767015551069
45009,Bamberg County,SC,Remote rural,21.5,-6.852495699040154,-7.635522531131792,-6.069468866948513,14.647504300959845,2046.0,439.89,140.20206200236154
56033,Sheridan County,WY,Remote rural,27.0,-5.408862941373143,-6.153276063681954,-4.66444981906433,21.591137058626856,2589.0,699.03,140.03546155215068
47041,DeKalb County,TN,"Rural, near a metro",25.4,-4.821724399351378,-5.437842771533783,-4.205606027168975,20.57827560064862,2903.0,737.362,139.97465931317052
48371,Pecos County,TX,Remote rural,36.9,-8.94743992585673,-11.657940427820364,-6.236939423893089,27.95256007414327,1558.0,574.9019999999999,139.40111404484784
28103,Noxubee County,MS,Remote rural,26.5,-7.009367892490316,-8.053708622455465,-5.965027162525166,19.490632107509683,1978.0,524.17,138.64529691345845
47145,Roane County,TN,Metro,19.7,-2.464834993330239,-3.162789134804065,-1.7668808518564136,17.23516500666976,5611.0,1105.367,138.3018914757597
48285,Lavaca County,TX,"Rural, near a metro",37.8,-8.348116455395608,-10.188155173528617,-6.5080777372626075,29.45188354460439,1646.0,622.188,137.40999685581173
13161,Jeff Davis County,GA,Remote rural,29.9,-5.447258934922809,-6.19603821557939,-4.698479654266236,24.45274106507719,2519.0,753.1809999999999,137.21645257070557
48089,Colorado County,TX,"Rural, near a metro",38.1,-6.558907182828546,-9.243165904885494,-3.874648460771606,31.541092817171457,2083.0,793.623,136.6220366183186
13251,Screven County,GA,"Rural, near a metro",24.8,-6.845502280322542,-8.383526082004607,-5.307478478640467,17.95449771967746,1991.0,493.76800000000003,136.29395040122182
37079,Greene County,NC,"Rural, near a metro",29.8,-4.9595729906402335,-6.4923965591489115,-3.4267494221315546,24.840427009359768,2728.0,812.9440000000001,135.29715118466555
13011,Banks County,GA,"Rural, near a metro",32.0,-6.429627611148671,-7.5074828647702505,-5.351772357527092,25.57037238885133,2102.0,672.64,135.15077238634507
20035,Cowley County,KS,"Rural, near a metro",18.6,-3.543281422597387,-4.292720044054356,-2.7938428011404186,15.056718577402615,3809.0,708.474,134.96358938673447
01067,Henry County,AL,Metro,25.5,-6.334467318144094,-7.158101567243688,-5.5108330690445015,19.165532681855908,2125.0,541.875,134.60743051056198
55073,Marathon County,WI,Metro,13.7,-1.3420429297737648,-2.338471445182273,-0.3456144143652573,12.357957070226234,9993.0,1369.0410000000002,134.1103499722923
28023,Clarke County,MS,Remote rural,23.5,-6.350591855675907,-7.193472138083998,-5.507711573267811,17.14940814432409,2101.0,493.735,133.4259348877508
56029,Park County,WY,Remote rural,27.8,-5.419386250142841,-6.292668436317797,-4.5461040639678885,22.38061374985716,2460.0,683.88,133.3169017535139
48115,Dawson County,TX,Remote rural,37.3,-9.294645582235681,-11.05448431095989,-7.534806853511473,28.005354417764316,1434.0,534.882,133.28521764925966
12003,Baker County,FL,Metro,18.9,-4.597891370099482,-5.765335081774361,-3.430447658424602,14.302108629900516,2877.0,543.7529999999999,132.2813347177621
47091,Johnson County,TN,"Rural, near a metro",24.5,-4.994123684613149,-5.741692056928553,-4.246555312297746,19.50587631538685,2642.0,647.29,131.9447477474794
48389,Reeves County,TX,Remote rural,38.4,-9.930079117032887,-11.632385178538101,-8.227773055527699,28.46992088296711,1328.0,509.952,131.87145067419675
48051,Burleson County,TX,Metro,38.4,-6.661550728115149,-9.280762705781536,-4.042338750448767,31.73844927188485,1975.0,758.4,131.56562688027418
37173,Swain County,NC,"Rural, near a metro",20.4,-7.636129984425706,-8.57186730479071,-6.700392664060703,12.763870015574293,1722.0,351.28799999999995,131.49415833181067
45039,Fairfield County,SC,Metro,18.2,-4.665562522066544,-5.992121274154115,-3.339003769978971,13.534437477933455,2791.0,507.962,130.21584999087725
48353,Nolan County,TX,"Rural, near a metro",30.6,-6.580298387768295,-7.611639767527691,-5.548957008008899,24.019701612231707,1975.0,604.35,129.96089315842383
12041,Gilchrist County,FL,Metro,30.6,-5.84993273257428,-6.572398419576702,-5.127467045571853,24.75006726742572,2218.0,678.7080000000001,129.75150800849755
20099,Labette County,KS,Remote rural,18.5,-4.659166455486386,-5.097621887858755,-4.220711023114018,13.840833544513615,2747.0,508.195,127.98730253221103
37015,Bertie County,NC,Remote rural,18.2,-5.2611028940086,-6.226431689793537,-4.295774098223661,12.9388971059914,2432.0,442.624,127.95002238228915
48131,Duval County,TX,Remote rural,24.5,-9.530702424685161,-11.805430857349126,-7.255973992021207,14.969297575314839,1341.0,328.545,127.806719515028
20169,Saline County,KS,Remote rural,19.8,-2.455526791918386,-2.9247482106654474,-1.9863053731713225,17.344473208081617,5175.0,1024.65,127.07351148177648
47057,Grainger County,TN,Metro,23.0,-4.0635295450327495,-4.625865089392761,-3.5011940006727382,18.93647045496725,3100.0,713.0,125.96941589601522
47133,Overton County,TN,Remote rural,22.4,-4.256820486192704,-4.812058851536789,-3.7015821208486193,18.143179513807294,2956.0,662.1439999999999,125.83161357185634
48127,Dimmit County,TX,"Rural, near a metro",29.5,-9.47589915402187,-10.674881417219588,-8.276916890824157,20.02410084597813,1325.0,390.875,125.55566379078978
48487,Wilbarger County,TX,"Rural, near a metro",31.3,-6.686782857984673,-7.866847868488669,-5.506717847480681,24.61321714201533,1871.0,585.623,125.10970727289323
47051,Franklin County,TN,"Rural, near a metro",20.7,-2.8713745041942813,-3.479430950284001,-2.2633180581045615,17.828625495805717,4328.0,895.896,124.2730885415285
01065,Hale County,AL,Metro,20.8,-5.13203916504679,-6.2729260855166125,-3.9911522445769734,15.66796083495321,2418.0,502.944,124.09270701083139
28053,Humphreys County,MS,"Rural, near a metro",20.7,-7.11314041419723,-8.342794084711386,-5.883486743683073,13.58685958580277,1741.0,360.38699999999994,123.83977461117378
28077,Lawrence County,MS,"Rural, near a metro",26.7,-6.652464387546896,-7.677198533383646,-5.627730241710147,20.047535612453103,1853.0,494.751,123.27016510124398
20009,Barton County,KS,Remote rural,24.3,-4.84495387817477,-5.348144460859186,-4.34176329549036,19.45504612182523,2529.0,614.547,122.52888357903991
13099,Early County,GA,"Rural, near a metro",25.9,-6.979871080649345,-8.295323516534243,-5.664418644764448,18.920128919350653,1752.0,453.768,122.28734133297654
48253,Jones County,TX,Metro,34.2,-6.380131714110353,-8.72530137343147,-4.0349620547892355,27.81986828588965,1913.0,654.2460000000001,122.05191969093104
47047,Fayette County,TN,Metro,22.7,-3.771999519252389,-4.842778849112195,-2.7012201893925827,18.92800048074761,3224.0,731.8480000000001,121.60926450069702
20051,Ellis County,KS,Remote rural,21.5,-3.454122478929401,-4.174316974219528,-2.7339279836392754,18.0458775210706,3503.0,753.145,120.9979104368969
01041,Crenshaw County,AL,"Rural, near a metro",23.4,-6.205665066686212,-7.2084963429302205,-5.202833790442209,17.194334933313787,1949.0,456.066,120.94841214971427
48415,Scurry County,TX,Remote rural,34.5,-7.507492137680508,-8.979004619362135,-6.035979655998871,26.992507862319492,1602.0,552.69,120.27002404564173
48145,Falls County,TX,Metro,33.0,-5.427635924857294,-7.056326057348046,-3.7989457923665433,27.572364075142705,2205.0,727.65,119.67937214310334
13049,Charlton County,GA,"Rural, near a metro",25.3,-7.512037567533795,-8.806733208207696,-6.217341926859894,17.787962432466205,1590.0,402.27,119.44139732378734
48233,Hutchinson County,TX,"Rural, near a metro",32.1,-6.511118822498183,-7.910556710832097,-5.111680934164269,25.58888117750182,1830.0,587.43,119.15347445171675
48239,Jackson County,TX,"Rural, near a metro",37.5,-7.596558907776444,-9.6586926396555,-5.534425175897377,29.903441092223556,1553.0,582.375,117.97455983776818
48379,Rains County,TX,"Rural, near a metro",35.1,-8.513748487535235,-9.662828743068916,-7.364668232001554,26.586251512464766,1378.0,483.67800000000005,117.31945415823553
48255,Karnes County,TX,"Rural, near a metro",33.3,-8.466870192787624,-10.975368598656466,-5.958371786918782,24.833129807212373,1377.0,458.541,116.58880255468559
20103,Leavenworth County,KS,Metro,20.5,-1.9836622278820364,-2.5686570554975576,-1.398667400266516,18.516337772117964,5876.0,1204.58,116.55999251034847
13145,Harris County,GA,Metro,29.9,-5.5369297675296565,-6.090564243989862,-4.9832952910694575,24.363070232470342,2103.0,628.797,116.44163301114868
13003,Atkinson County,GA,Remote rural,42.1,-7.593587894672526,-10.595180974339552,-4.591994815005493,34.50641210532748,1514.0,637.394,114.96692072534204
20061,Geary County,KS,"Rural, near a metro",17.4,-2.482740047438511,-3.7773972091804,-1.1880828856966232,14.917259952561487,4607.0,801.6179999999999,114.3798339854922
28005,Amite County,MS,"Rural, near a metro",27.7,-6.546568567384217,-7.662655815141907,-5.4304813196265265,21.153431432615783,1744.0,483.08799999999997,114.17215581518074
28135,Tallahatchie County,MS,Remote rural,24.1,-6.1258929527128,-7.525728185291602,-4.726057720134002,17.9741070472872,1862.0,448.742,114.06412677951234
48455,Trinity County,TX,Remote rural,30.6,-5.941967274359404,-7.350023070557418,-4.53391147816139,24.6580327256406,1918.0,586.908,113.96693232221335
55141,Wood County,WI,"Rural, near a metro",9.9,-1.7820874048762816,-2.17436515771304,-1.3898096520395262,8.11791259512372,6393.0,632.907,113.92884779374069
37055,Dare County,NC,"Rural, near a metro",27.7,-4.471953807467376,-5.517604239933721,-3.426303375001031,23.228046192532624,2536.0,702.472,113.40874855737265
48369,Parmer County,TX,Remote rural,47.7,-10.262676089051052,-12.164073896458461,-8.361278281643635,37.43732391094895,1103.0,526.1310000000001,113.19731726223311
47173,Union County,TN,Metro,22.9,-4.371599872261609,-4.829064840824077,-3.91413490369914,18.52840012773839,2581.0,591.049,112.83099270307213
47049,Fentress County,TN,Remote rural,21.1,-3.7776101376082467,-4.373812546632554,-3.181407728583942,17.322389862391756,2972.0,627.0920000000001,112.2705732897171
48047,Brooks County,TX,Remote rural,29.7,-9.222764429094463,-11.45371098175475,-6.991817876434178,20.477235570905535,1217.0,361.449,112.24104310207962
47085,Humphreys County,TN,"Rural, near a metro",22.2,-4.83769744383783,-5.214403049051118,-4.460991838624542,17.36230255616217,2304.0,511.48799999999994,111.4605491060236
13193,Macon County,GA,"Rural, near a metro",30.8,-6.114522845840913,-7.054736975069997,-5.174308716611832,24.685477154159088,1813.0,558.404,110.85629919509574
28013,Calhoun County,MS,Remote rural,30.1,-5.705583818567263,-6.484028448167929,-4.9271391889665965,24.39441618143274,1941.0,584.2410000000001,110.74538191839056
37041,Chowan County,NC,"Rural, near a metro",21.0,-6.617198311109271,-7.364528585530744,-5.869868036687798,14.38280168889073,1670.0,350.7,110.50721179552482
28069,Kemper County,MS,Remote rural,22.2,-8.486217980886106,-9.04846958741891,-7.923966374353303,13.713782019113893,1302.0,289.044,110.49055811113712
48395,Robertson County,TX,Metro,32.7,-5.435496576729157,-6.934446348712949,-3.9365468047453662,27.264503423270845,2028.0,663.1560000000001,110.23187057606731
56023,Lincoln County,WY,Remote rural,37.1,-8.290037729339684,-9.370849637326193,-7.209225821353188,28.809962270660318,1320.0,489.72,109.42849802728382
28129,Smith County,MS,"Rural, near a metro",29.6,-6.216453615237123,-6.924236535344297,-5.508670695129952,23.38354638476288,1759.0,520.664,109.347419092021
37011,Avery County,NC,"Rural, near a metro",26.9,-5.743459580785588,-6.8119852868310815,-4.674933874740095,21.15654041921441,1895.0,509.755,108.8385590558869
48351,Newton County,TX,Metro,32.6,-6.629600878095932,-7.527791662463208,-5.731410093728655,25.97039912190407,1639.0,534.314,108.65915839199232
46081,Lawrence County,SD,"Rural, near a metro",25.7,-4.500266371415116,-5.058929468852483,-3.9416032739777425,21.199733628584884,2404.0,617.828,108.18640356881939
56039,Teton County,WY,Remote rural,41.8,-9.073401758888807,-11.079980271410873,-7.066823246366733,32.72659824111119,1183.0,494.4939999999999,107.33834280765458
47005,Benton County,TN,Remote rural,21.7,-5.001805226714831,-5.334719096873588,-4.668891356556074,16.698194773285167,2145.0,465.465,107.28872211303313
46013,Brown County,SD,Remote rural,25.0,-3.670180200432429,-4.227987223315591,-3.1123731775492693,21.32981979956757,2906.0,726.5,106.65543662456639
48063,Camp County,TX,"Rural, near a metro",37.0,-5.927264528304796,-9.374703174737727,-2.4798258818718684,31.072735471695204,1796.0,664.52,106.45367092835414
13211,Morgan County,GA,Metro,26.5,-6.019566868759464,-6.645597693120776,-5.393536044398151,20.480433131240538,1759.0,466.135,105.88418122147897
47023,Chester County,TN,Metro,21.5,-5.32994301849616,-5.811999262560176,-4.847886774432142,16.17005698150384,1986.0,426.99,105.85266834733375
13191,McIntosh County,GA,Metro,26.1,-6.773915566262991,-7.44117588098289,-6.106655251543092,19.32608443373701,1562.0,407.682,105.80856114502791
13165,Jenkins County,GA,"Rural, near a metro",25.6,-6.7506378536794545,-7.636467191256216,-5.864808516102695,18.849362146320548,1561.0,399.61600000000004,105.37745689593629
12065,Jefferson County,FL,Metro,23.9,-6.460652789535105,-7.108286900992624,-5.813018678077587,17.439347210464895,1631.0,389.80899999999997,105.37324699731757
55039,Fond du Lac County,WI,Metro,11.6,-1.4653261132194018,-2.159182197087742,-0.7714700293510617,10.134673886780599,7167.0,831.372,105.01992253443451
12013,Calhoun County,FL,"Rural, near a metro",24.0,-5.84077456511941,-7.46349395433341,-4.218055175905411,18.15922543488059,1797.0,431.28,104.95871893519579
48343,Morris County,TX,"Rural, near a metro",29.5,-5.756781311049641,-6.739126311099863,-4.774436310999421,23.743218688950357,1822.0,537.49,104.88855548732447
01027,Clay County,AL,Remote rural,23.1,-5.635262795681344,-6.442330421387164,-4.82819516997552,17.46473720431866,1859.0,429.42900000000003,104.75953537171618
47159,Smith County,TN,Metro,21.6,-4.736608296306553,-5.240687801916284,-4.232528790696817,16.86339170369345,2208.0,476.92800000000005,104.58431118244869
13173,Lanier County,GA,Metro,32.8,-5.98672786406624,-7.868032344727274,-4.105423383405206,26.813272135933758,1742.0,571.376,104.28879939203391
28097,Montgomery County,MS,Remote rural,25.8,-6.753250569816961,-7.766253273255449,-5.740247866378471,19.04674943018304,1544.0,398.35200000000003,104.27018879797389
37053,Currituck County,NC,Metro,25.9,-5.075506907830942,-5.623393162148503,-4.527620653513381,20.824493092169057,2054.0,531.986,104.25091188684755
47153,Sequatchie County,TN,Metro,26.4,-4.6751511222675015,-5.392906925943918,-3.9573953185910855,21.724848877732498,2229.0,588.456,104.20911851534261
46005,Beadle County,SD,Remote rural,30.4,-5.112640997429244,-5.642516519855084,-4.5827654750034,25.287359002570753,2034.0,618.336,103.99111788771081
55071,Manitowoc County,WI,"Rural, near a metro",12.1,-1.715750805928247,-2.181173225649081,-1.2503283862074128,10.384249194071753,6059.0,733.1389999999999,103.95734133119248
13287,Turner County,GA,"Rural, near a metro",26.4,-6.570124895056163,-7.817174811438782,-5.32307497867354,19.829875104943834,1582.0,417.64799999999997,103.9393758397885
47181,Wayne County,TN,"Rural, near a metro",25.2,-5.201447446286895,-5.777663692262778,-4.625231200311014,19.998552553713104,1998.0,503.496,103.92491997681218
55131,Washington County,WI,Metro,11.4,-1.6683419572857419,-2.3344279520763607,-1.0022559624951233,9.731658042714258,6206.0,707.484,103.53730186915314
55117,Sheboygan County,WI,Metro,14.1,-1.3047102232654755,-1.9644750317287705,-0.64494541480218,12.795289776734524,7906.0,1114.7459999999999,103.15039025136849
01057,Fayette County,AL,"Rural, near a metro",21.7,-4.646351536019107,-5.302458437424955,-3.990244634613264,17.053648463980892,2215.0,480.655,102.91668652282323
01023,Choctaw County,AL,Remote rural,22.2,-6.37223190279391,-7.1024179018898685,-5.642045903697955,15.82776809720609,1615.0,358.53,102.91154523012163
01001,Autauga County,AL,Metro,22.6,-1.712899079691376,-2.4766630914891095,-0.9491350678936427,20.887100920308626,5982.0,1351.932,102.4656229471381
13273,Terrell County,GA,Metro,25.0,-7.109845049737171,-8.710838854970604,-5.508851244503736,17.89015495026283,1434.0,358.5,101.95517801323103
46027,Clay County,SD,"Rural, near a metro",24.3,-4.638209739614245,-5.1063315696435865,-4.1700879095849075,19.661790260385757,2197.0,533.871,101.90146797932496
55043,Grant County,WI,"Rural, near a metro",14.0,-1.8089953397868057,-2.243469642314728,-1.3745210372588883,12.191004660213194,5631.0,788.34,101.86452758339503
13005,Bacon County,GA,Remote rural,29.6,-5.582394967457507,-7.1092444062332225,-4.055545528681792,24.017605032542495,1822.0,539.312,101.71123630707577
01011,Bullock County,AL,"Rural, near a metro",24.6,-6.082921330062386,-7.002355494116164,-5.163487166008611,18.517078669937614,1670.0,410.82,101.58478621204185
13149,Heard County,GA,Metro,27.1,-5.89866256598621,-6.498082463716061,-5.299242668256358,21.20133743401379,1717.0,465.307,101.28003625798321
13219,Oconee County,GA,Metro,33.9,-5.852681078750279,-6.709046769398991,-4.996315388101563,28.04731892124972,1730.0,586.47,101.25138266237983
37115,Madison County,NC,Metro,20.6,-4.017349941612232,-4.308657582120124,-3.72604230110434,16.58265005838777,2507.0,516.442,100.71496303621865
37199,Yancey County,NC,"Rural, near a metro",25.4,-4.523166366838504,-5.000362780028222,-4.045969953648788,20.876833633161496,2221.0,564.1339999999999,100.45952500748318
13231,Pike County,GA,Metro,29.4,-5.961448997883264,-6.5451048141379715,-5.37779318162856,23.438551002116736,1681.0,494.21399999999994,100.21195765441767
13221,Oglethorpe County,GA,Metro,30.5,-6.202559403272065,-7.229441429389573,-5.175677377154558,24.297440596727935,1614.0,492.27,100.10930876881113
13023,Bleckley County,GA,"Rural, near a metro",24.8,-6.576357637446328,-7.524164642515068,-5.628550632377584,18.223642362553672,1521.0,377.208,100.02639966555866
12047,Hamilton County,FL,"Rural, near a metro",23.5,-5.395786660188195,-7.146291595015815,-3.6452817253605754,18.104213339811807,1853.0,435.455,99.98392681328725
13159,Jasper County,GA,Metro,31.2,-5.744373905226061,-6.349953547479525,-5.138794262972597,25.45562609477394,1738.0,542.256,99.83721847282894
55127,Walworth County,WI,"Rural, near a metro",16.4,-1.1828972659281582,-1.6085647742693268,-0.7572297575869897,15.21710273407184,8436.0,1383.504,99.78921335369942
48387,Red River County,TX,"Rural, near a metro",31.2,-5.835317823220733,-7.686842032790393,-3.9837936136510708,25.364682176779265,1699.0,530.088,99.14204981652026
28111,Perry County,MS,Metro,26.7,-5.846889321737031,-6.48791192772358,-5.205866715750478,20.85311067826297,1694.0,452.29799999999994,99.0463051102253
28143,Tunica County,MS,Metro,18.7,-4.367938934797621,-5.896536861715998,-2.8393410078792445,14.332061065202378,2265.0,423.555,98.93381687316611
48017,Bailey County,TX,Remote rural,45.3,-10.454156266696613,-12.178182712539305,-8.730129820853936,34.84584373330338,931.0,421.74299999999994,97.32819484294546
48193,Hamilton County,TX,"Rural, near a metro",36.5,-9.756670153955852,-10.856716709094904,-8.656623598816797,26.743329846044148,995.0,363.175,97.07886803186074
28161,Yalobusha County,MS,Remote rural,21.8,-4.969124857652065,-6.438376796012503,-3.499872919291627,16.830875142347935,1935.0,421.83,96.15256599556746
12045,Gulf County,FL,Metro,23.0,-6.051907741700362,-7.219277878469178,-4.8845376049315465,16.94809225829964,1587.0,365.01,96.04377586078475
48043,Brewster County,TX,Remote rural,36.9,-9.507150462794632,-10.667606232603086,-8.34669469298619,27.392849537205365,1006.0,371.214,95.641933655714
01029,Cleburne County,AL,"Rural, near a metro",26.1,-5.025070208822307,-5.338536148575926,-4.711604269068689,21.074929791177695,1901.0,496.16100000000006,95.52658466971207
37149,Polk County,NC,"Rural, near a metro",27.3,-5.219837293931619,-5.8130598990420665,-4.62661468882117,22.080162706068382,1829.0,499.31700000000006,95.4708241060093
47139,Polk County,TN,Metro,24.2,-4.05997624817961,-4.389990690340567,-3.729961806018653,20.14002375182039,2323.0,562.1659999999999,94.31324824521234
28065,Jefferson Davis County,MS,"Rural, near a metro",24.8,-5.275887305849327,-6.573831310080777,-3.9779433016178736,19.524112694150674,1773.0,439.704,93.54148193270856
55097,Portage County,WI,"Rural, near a metro",13.6,-1.4464778447839377,-2.1659077145466177,-0.727047975021258,12.153522155216063,6438.0,875.568,93.12424364718991
13043,Candler County,GA,Remote rural,31.9,-5.490212387904815,-7.109633290706868,-3.87079148510277,26.409787612095183,1690.0,539.11,92.78458935559136
37005,Alleghany County,NC,Remote rural,30.9,-6.111449647819149,-6.897361476860337,-5.325537818777961,24.78855035218085,1513.0,467.517,92.46623317150373
48357,Ochiltree County,TX,Remote rural,48.7,-9.054433588562713,-10.386490304284147,-7.722376872841293,39.64556641143729,1020.0,496.74,92.35522260333967
47017,Carroll County,TN,"Rural, near a metro",18.4,-2.57640565166046,-3.801197602253092,-1.3516137010678293,15.823594348339538,3580.0,658.72,92.23532232944447
13079,Crawford County,GA,Metro,28.4,-6.198636678126703,-6.9394984199712235,-5.45777493628218,22.201363321873295,1483.0,421.17199999999997,91.925781936619
28063,Jefferson County,MS,"Rural, near a metro",23.4,-6.793894805578576,-8.20177540746224,-5.3860142036949155,16.606105194421424,1351.0,316.13399999999996,91.78551882336657
45017,Calhoun County,SC,Metro,21.4,-5.316778051903953,-6.311223788820444,-4.322332314987461,16.083221948096046,1725.0,369.15,91.7144213953432
13269,Taylor County,GA,"Rural, near a metro",23.9,-7.00308740550345,-8.453791257955272,-5.552383553051629,16.89691259449655,1305.0,311.895,91.39029064182002
13133,Greene County,GA,"Rural, near a metro",30.1,-6.084372309191534,-7.132296649901579,-5.036447968481498,24.01562769080847,1500.0,451.5,91.265584637873
48399,Runnels County,TX,"Rural, near a metro",35.3,-8.540637609031668,-10.645959309192163,-6.435315908871166,26.759362390968327,1065.0,375.945,90.95779053618726
13253,Seminole County,GA,"Rural, near a metro",23.1,-6.605415651333135,-7.4677315129698485,-5.743099789696422,16.494584348666866,1375.0,317.62500000000006,90.8244652058306
56041,Uinta County,WY,Remote rural,28.4,-5.180997279770098,-6.107518576100268,-4.254475983439932,23.219002720229902,1745.0,495.58,90.40840253198822
48475,Ward County,TX,"Rural, near a metro",36.8,-8.410477279703468,-10.485140125404836,-6.335814434002083,28.38952272029653,1074.0,395.23199999999997,90.32852598401524
01087,Macon County,AL,"Rural, near a metro",19.8,-2.9750589677653805,-4.155770111075572,-1.794347824455189,16.82494103223462,3031.0,600.138,90.17403731296868
01131,Wilcox County,AL,Remote rural,18.6,-4.729454268443334,-5.928323912467562,-3.530584624419104,13.870545731556668,1906.0,354.5160000000001,90.14339835652994
56007,Carbon County,WY,Remote rural,34.6,-7.154746796133589,-8.216406938430994,-6.093086653836185,27.445253203866415,1252.0,433.19200000000006,89.57742988759253
46083,Lincoln County,SD,Metro,26.2,-2.588701467079932,-3.4870678376376256,-1.6903350965222401,23.611298532920067,3454.0,904.948,89.41374867294084
48315,Marion County,TX,"Rural, near a metro",29.4,-6.68936323658363,-8.178934957700172,-5.19979151546709,22.710636763416368,1332.0,391.60799999999995,89.10231831129396
20079,Harvey County,KS,Metro,19.3,-3.1607754026383557,-3.785208852396539,-2.5363419528801714,16.139224597361647,2819.0,544.067,89.10225860037525
47061,Grundy County,TN,"Rural, near a metro",20.8,-4.229947509203594,-4.673712217426958,-3.7861828009802285,16.570052490796407,2105.0,437.84,89.04039506873565
13235,Pulaski County,GA,Metro,25.7,-6.714121951584667,-7.620218510618539,-5.808025392550789,18.985878048415334,1317.0,338.469,88.42498610237007
48069,Castro County,TX,"Rural, near a metro",38.9,-9.709433378245043,-11.420957366632955,-7.997909389857128,29.190566621754954,909.0,353.601,88.25874940824744
46121,Todd County,SD,Remote rural,16.3,-5.034174422656183,-5.736432973686565,-4.331915871625798,11.265825577343819,1738.0,283.29400000000004,87.49395146576447
12037,Franklin County,FL,"Rural, near a metro",25.7,-6.264455831084841,-7.95562375669871,-4.57328790547097,19.435544168915158,1395.0,358.515,87.38915884363352
13271,Telfair County,GA,Remote rural,23.2,-4.973339482850344,-5.855451327060352,-4.091227638640331,18.226660517149654,1755.0,407.16,87.28210792402353
47101,Lewis County,TN,"Rural, near a metro",22.2,-4.950104286459345,-5.322158757647036,-4.578049815271654,17.249895713540653,1760.0,390.72,87.12183544168447
13319,Wilkinson County,GA,"Rural, near a metro",24.3,-6.953455638022843,-8.115320584578338,-5.791590691467349,17.34654436197716,1250.0,303.75,86.91819547528554
20021,Cherokee County,KS,"Rural, near a metro",18.4,-3.566295795520175,-4.173191083712746,-2.959400507327601,14.833704204479824,2434.0,447.856,86.80363966296105
48059,Callahan County,TX,Metro,27.9,-5.540122423910108,-6.261422344768482,-4.818822503051733,22.35987757608989,1560.0,435.24,86.42590981299769
48297,Live Oak County,TX,"Rural, near a metro",36.4,-7.830231117665415,-9.57178678072911,-6.088675454601734,28.569768882334586,1100.0,400.4,86.13254229431956
48083,Coleman County,TX,"Rural, near a metro",35.3,-7.9434345279960885,-9.26187179701372,-6.624997258978454,27.356565472003908,1084.0,382.652,86.1068302834776
13167,Johnson County,GA,Remote rural,25.2,-6.918790456358553,-8.510128377998733,-5.3274525347183745,18.281209543641445,1244.0,313.488,86.0697532771004
13155,Irwin County,GA,Remote rural,25.8,-6.581169720918539,-8.03534950159692,-5.126989940240158,19.218830279081462,1304.0,336.432,85.81845316077775
13283,Treutlen County,GA,Remote rural,24.4,-8.750943069573896,-9.646349320894679,-7.855536818253125,15.649056930426102,977.0,238.388,85.49671378973697
13317,Wilkes County,GA,"Rural, near a metro",28.2,-6.44479036502101,-7.773413343544125,-5.1161673864978905,21.75520963497899,1323.0,373.086,85.26457652922795
55109,St. Croix County,WI,Metro,13.7,-1.9047988756459482,-2.5584483075597424,-1.251149443732154,11.795201124354051,4454.0,610.198,84.83974192127053
12043,Glades County,FL,"Rural, near a metro",35.6,-6.239170164670777,-8.479891774390419,-3.9984485549511306,29.360829835329223,1358.0,483.44800000000004,84.72793083622915
48437,Swisher County,TX,"Rural, near a metro",38.0,-9.029249294040465,-10.530423241778765,-7.528075346302166,28.970750705959535,936.0,355.68,84.51377339221875
48405,San Augustine County,TX,Remote rural,34.3,-7.36931237469587,-8.993230725039751,-5.745394024351988,26.930687625304127,1146.0,393.078,84.45231981401467
13083,Dade County,GA,Metro,26.4,-4.869313121770773,-5.267636281749883,-4.470989961791661,21.530686878229226,1726.0,455.66399999999993,84.04434448176353
37103,Jones County,NC,Metro,24.1,-6.327786124879092,-7.678391824583918,-4.977180425174267,17.77221387512091,1327.0,319.807,83.96972187714556
56003,Big Horn County,WY,Remote rural,32.7,-6.626913256254191,-7.404306874806866,-5.849519637701505,26.07308674374581,1258.0,411.36600000000004,83.36656876367772
01107,Pickens County,AL,Metro,20.9,-3.2615415345228596,-4.457430072609338,-2.0656529964363814,17.63845846547714,2551.0,533.159,83.20192454567815
55027,Dodge County,WI,"Rural, near a metro",12.4,-1.3972597769638426,-1.916655359308272,-0.8778641946194129,11.002740223036158,5954.0,738.296,83.19284712042719
47033,Crockett County,TN,Metro,24.3,-4.970581174980155,-5.834333157821556,-4.106829192138756,19.329418825019847,1670.0,405.81,83.00870562216859
47039,Decatur County,TN,Remote rural,21.8,-5.04954261754239,-5.498990169325292,-4.600095065759489,16.75045738245761,1642.0,357.95599999999996,82.91348978004605
48403,Sabine County,TX,"Rural, near a metro",29.7,-6.760623773825259,-7.812149219883784,-5.709098327766729,22.93937622617474,1224.0,363.52799999999996,82.75003499162116
48313,Madison County,TX,"Rural, near a metro",39.2,-5.61555688005337,-8.801106849875268,-2.430006910231476,33.584443119946634,1464.0,573.888,82.21175272398135
13093,Dooly County,GA,"Rural, near a metro",29.5,-5.96934152288079,-7.169418158347942,-4.769264887413641,23.53065847711921,1372.0,404.74,81.89936569392444
13109,Evans County,GA,"Rural, near a metro",30.7,-5.209009866039313,-6.500788176064864,-3.917231556013763,25.490990133960686,1571.0,482.29699999999997,81.83354499547761
47015,Cannon County,TN,Metro,22.8,-4.555845214247879,-4.902463624798742,-4.209226803697019,18.244154785752123,1789.0,407.89200000000005,81.50407088289455
46035,Davison County,SD,Remote rural,21.8,-4.254062686361996,-4.648875321921731,-3.8592500508022605,17.545937313638007,1914.0,417.25200000000007,81.4227598169686
47121,Meigs County,TN,"Rural, near a metro",20.7,-4.5142549169807005,-5.057240094379274,-3.9712697395821284,16.1857450830193,1791.0,370.73699999999997,80.85030556312435
55005,Barron County,WI,"Rural, near a metro",12.9,-1.9358995727298263,-2.50738650163667,-1.3644126438229836,10.964100427270175,4176.0,538.7040000000001,80.84316615719754
55017,Chippewa County,WI,Metro,12.4,-1.5696934655609796,-2.1111583351845136,-1.0282285959374455,10.830306534439021,5150.0,638.6,80.83921347639044
48307,McCulloch County,TX,Remote rural,36.4,-8.959424234096309,-10.25225009903878,-7.666598369153833,27.440575765903688,901.0,327.964,80.72441234920774
48429,Stephens County,TX,Remote rural,33.7,-7.331446089356856,-9.138163178425296,-5.524729000288427,26.368553910643147,1096.0,369.35200000000003,80.35264913935114
13141,Hancock County,GA,Remote rural,23.0,-6.605206995636179,-7.547579514766112,-5.662834476506246,16.39479300436382,1210.0,278.3,79.92300464719776
55055,Jefferson County,WI,"Rural, near a metro",12.6,-1.4297666719118804,-2.051650791168078,-0.8078825526556823,11.17023332808812,5579.0,702.954,79.76668262596381
48377,Presidio County,TX,Remote rural,46.9,-10.895480281052533,-12.629683217268797,-9.161277344836263,36.00451971894746,732.0,343.30799999999994,79.75491565730454
37143,Perquimans County,NC,"Rural, near a metro",23.5,-5.737544752608683,-6.619328636189181,-4.8557608690281855,17.762455247391316,1390.0,326.65,79.7518720612607
55075,Marinette County,WI,"Rural, near a metro",10.0,-2.105459629335971,-2.326344608994731,-1.8845746496772087,7.8945403706640285,3772.0,377.2,79.41793721855282
01091,Marengo County,AL,Remote rural,18.0,-2.882378236857035,-4.307366468328871,-1.4573900053851985,15.117621763142965,2716.0,488.88,78.28539291303707
48283,La Salle County,TX,"Rural, near a metro",33.1,-9.932391415272422,-12.393833857428406,-7.470948973116442,23.16760858472758,777.0,257.187,77.17468129666672
13197,Marion County,GA,Metro,33.4,-6.775128108797947,-8.05348877663389,-5.496767440962008,26.62487189120205,1137.0,379.758,77.03320659703266
01075,Lamar County,AL,"Rural, near a metro",21.7,-4.209346845102105,-5.191904499771734,-3.226789190432474,17.490653154897895,1826.0,396.24199999999996,76.86267339156444
28155,Webster County,MS,Remote rural,26.4,-5.878190140510508,-6.557571081776902,-5.198809199244114,20.52180985948949,1307.0,345.04799999999994,76.82794513647234
01129,Washington County,AL,"Rural, near a metro",18.1,-4.305764278666813,-5.896166663561262,-2.7153618937723643,13.794235721333187,1774.0,321.094,76.38425830354927
28015,Carroll County,MS,Remote rural,28.5,-6.566076491884004,-7.253877993658758,-5.878274990109254,21.933923508115996,1156.0,329.46,75.90384424617909
13065,Clinch County,GA,"Rural, near a metro",31.4,-6.50905240928099,-7.2493204057214475,-5.768784412840538,24.89094759071901,1165.0,365.81,75.83046056812353
20059,Franklin County,KS,"Rural, near a metro",21.3,-3.024353027640547,-3.8152569661370777,-2.233449089144016,18.275646972359453,2507.0,533.991,75.8205304029485
48111,Dallam County,TX,Remote rural,47.2,-8.235696465714032,-10.521459654723664,-5.949933276704428,38.964303534285975,920.0,434.24,75.7684074845691
48031,Blanco County,TX,"Rural, near a metro",35.9,-8.373829326666113,-10.032805416526715,-6.7148532368055225,27.526170673333887,891.0,319.86899999999997,74.61081930059507
46029,Codington County,SD,Remote rural,22.9,-3.096183712648881,-3.7494416669247834,-2.442925758372978,19.80381628735112,2398.0,549.1419999999999,74.24648542932017
13315,Wilcox County,GA,"Rural, near a metro",30.1,-6.808563624370489,-7.838821976518361,-5.778305272222619,23.291436375629512,1090.0,328.09,74.21334350563833
55031,Douglas County,WI,Metro,10.6,-1.8710908295456639,-2.199861531521736,-1.5423201275695921,8.728909170454337,3965.0,420.29,74.18875139148558
55111,Sauk County,WI,"Rural, near a metro",12.6,-1.4803453654089327,-1.970837595635537,-0.9898531351823281,11.119654634591067,5010.0,631.26,74.16530280698753
55135,Waupaca County,WI,"Rural, near a metro",13.2,-1.8459299758563297,-2.0707832437451454,-1.621076707967515,11.35407002414367,4004.0,528.5279999999999,73.91103623328745
48159,Franklin County,TX,Remote rural,32.8,-6.009534203522359,-7.560369865052452,-4.458698541992271,26.790465796477637,1226.0,402.12799999999993,73.67688933518413
47087,Jackson County,TN,"Rural, near a metro",23.6,-4.399825630603325,-4.8575036649817145,-3.942147596224934,19.200174369396677,1673.0,394.82800000000003,73.60908279999362
28009,Benton County,MS,Metro,32.0,-6.259133980799842,-7.527235146062946,-4.991032815536741,25.74086601920016,1176.0,376.32,73.60741561420613
48501,Yoakum County,TX,Remote rural,45.6,-10.513995692254344,-12.091645058300262,-8.936346326208426,35.086004307745654,697.0,317.832,73.28254997501277
28037,Franklin County,MS,Remote rural,27.3,-6.685689279453629,-7.614501434536646,-5.756877124370613,20.61431072054637,1092.0,298.11600000000004,73.00772693163363
55033,Dunn County,WI,"Rural, near a metro",11.1,-1.6138356041324506,-2.319084856622979,-0.9085863516419225,9.486164395867549,4522.0,501.94199999999995,72.97764601886942
13243,Randolph County,GA,"Rural, near a metro",23.1,-6.964043866717436,-7.573787957957013,-6.354299775477868,16.135956133282566,1028.0,237.46800000000002,71.59037094985524
46011,Brookings County,SD,Remote rural,25.1,-1.9615149782841235,-2.796028041991366,-1.1270019145768786,23.138485021715876,3632.0,911.6320000000001,71.24222401127936
48237,Jack County,TX,"Rural, near a metro",38.8,-7.234200500928889,-8.986261107901818,-5.482139893955968,31.565799499071108,981.0,380.62799999999993,70.9675069141124
12125,Union County,FL,"Rural, near a metro",18.2,-4.545228327155849,-6.04655561537027,-3.04390103894143,13.65477167284415,1536.0,279.55199999999996,69.81470710511384
47161,Stewart County,TN,"Rural, near a metro",20.9,-4.293400678679995,-4.856948463844253,-3.7298528935157353,16.606599321320004,1603.0,335.027,68.82321287924032
48247,Jim Hogg County,TX,"Rural, near a metro",28.7,-9.545217135893338,-11.126428809452895,-7.9640054623337715,19.15478286410666,719.0,206.35299999999998,68.6301112070731
48107,Crosby County,TX,Metro,34.0,-9.252050639689056,-11.745044170457724,-6.759057108920393,24.747949360310944,735.0,249.9,68.00257220171457
13289,Twiggs County,GA,Metro,24.6,-6.799466856872951,-7.497258344387998,-6.101675369357903,17.80053314312705,998.0,245.50800000000004,67.85867923159206
13209,Montgomery County,GA,Remote rural,28.1,-6.142161820086655,-7.099304970694158,-5.18501866947915,21.957838179913345,1102.0,309.66200000000003,67.68662325735494
55115,Shawano County,WI,"Rural, near a metro",10.6,-1.967115818566927,-2.4161554801420264,-1.5180761569918286,8.632884181433072,3433.0,363.89799999999997,67.5310860514026
20015,Butler County,KS,Metro,21.0,-1.4610666535981243,-2.0321155711122447,-0.890017736084005,19.538933346401876,4622.0,970.62,67.5305007293053
56009,Converse County,WY,"Rural, near a metro",30.3,-5.848159156650392,-7.1223082083735125,-4.57401010492727,24.451840843349608,1142.0,346.026,66.78597756894747
46109,Roberts County,SD,Remote rural,21.2,-6.609314928623775,-7.469921629274635,-5.748708227972919,14.590685071376225,1005.0,213.06,66.42361503266893
01119,Sumter County,AL,"Rural, near a metro",18.5,-2.786627239496892,-4.286652071578491,-1.28660240741529,15.713372760503109,2382.0,440.67,66.37746084481597
37121,Mitchell County,NC,Remote rural,23.9,-3.8420714601248633,-4.549707064788425,-3.1344358554613008,20.057928539875135,1704.0,407.256,65.46889768052768
28119,Quitman County,MS,"Rural, near a metro",20.7,-5.144653902852741,-6.193173456424601,-4.096134349280885,15.555346097147257,1269.0,262.683,65.28565802720128
55021,Columbia County,WI,Metro,12.8,-1.6385556946014475,-2.242348609182178,-1.0347627800207198,11.161444305398554,3949.0,505.47200000000004,64.70656437981116
48391,Refugio County,TX,"Rural, near a metro",28.9,-7.803416967581312,-9.13491012301825,-6.471923812144376,21.096583032418685,819.0,236.69099999999997,63.90998496449095
01035,Conecuh County,AL,Remote rural,20.1,-3.5281563676068064,-4.645858446529093,-2.4104542886845204,16.571843632393197,1798.0,361.398,63.43625148957038
48153,Floyd County,TX,"Rural, near a metro",36.4,-9.435846533061579,-10.957632700880827,-7.914060365242345,26.96415346693842,668.0,243.15200000000002,63.031454840851346
37131,Northampton County,NC,Remote rural,17.9,-2.9629478576219954,-4.197488905267269,-1.7284068099767236,14.937052142378004,2127.0,380.73299999999995,63.02190093161985
48411,San Saba County,TX,Remote rural,41.0,-9.099421926142881,-10.400722868263514,-7.798120984022247,31.90057807385712,680.0,278.8,61.87606909777159
37043,Clay County,NC,Remote rural,22.9,-4.728175097383111,-5.1148182968145415,-4.341531897951678,18.171824902616887,1307.0,299.303,61.79724852279726
46093,Meade County,SD,Metro,24.2,-2.4470218988061636,-3.332359824512689,-1.561683973099639,21.752978101193836,2512.0,607.904,61.46919009801083
37137,Pamlico County,NC,Metro,23.4,-5.364418150975362,-6.0842596567866405,-4.644576645164077,18.035581849024638,1144.0,267.69599999999997,61.36894364715813
55081,Monroe County,WI,"Rural, near a metro",14.2,-1.346611438088442,-2.2018296548564518,-0.4913932213204296,12.853388561911558,4526.0,642.692,60.94763368788288
48495,Winkler County,TX,"Rural, near a metro",40.0,-9.769341826646915,-11.455060639230624,-8.083623014063209,30.230658173353085,623.0,249.2,60.86299958001028
55089,Ozaukee County,WI,Metro,13.0,-1.7444721674785069,-2.469593685700059,-1.0193506492569553,11.255527832521492,3476.0,451.88,60.637852541552896
47095,Lake County,TN,Remote rural,17.8,-5.860223265850412,-6.914775132507016,-4.805671399193809,11.93977673414959,1030.0,183.34,60.36029963825925
56015,Goshen County,WY,Remote rural,26.9,-5.290700676374503,-5.855597890772676,-4.725803461976329,21.609299323625496,1140.0,306.66,60.31398771066934
13281,Towns County,GA,Remote rural,27.5,-5.252199599731661,-5.948718711929935,-4.555680487533387,22.24780040026834,1139.0,313.225,59.822553440943615
55085,Oneida County,WI,Remote rural,10.9,-2.0196087899246242,-2.314559367932677,-1.7246582119165708,8.880391210075377,2956.0,322.204,59.69963583017189
48229,Hudspeth County,TX,Metro,44.2,-10.963186061903125,-12.20890588792881,-9.71746623587744,33.23681393809688,532.0,235.144,58.32414984932462
48425,Somervell County,TX,Metro,37.1,-7.699185957628122,-9.33986573632527,-6.058506178930974,29.40081404237188,757.0,280.847,58.28283769924488
48077,Clay County,TX,Metro,30.9,-5.757392382533887,-6.233225791114577,-5.281558973953196,25.142607617466112,1011.0,312.399,58.207236987417595
28021,Claiborne County,MS,"Rural, near a metro",21.9,-3.787262815107524,-5.115516524237977,-2.4590091059770707,18.112737184892474,1536.0,336.38399999999996,58.17235684005157
55095,Polk County,WI,"Rural, near a metro",12.9,-1.734706183148913,-2.0103527660875873,-1.4590596002102398,11.165293816851086,3344.0,431.376,58.008574764499656
46019,Butte County,SD,"Rural, near a metro",26.6,-5.143386974323239,-5.930722657401596,-4.356051291244885,21.456613025676763,1122.0,298.452,57.70880185190674
47171,Unicoi County,TN,Metro,20.6,-2.492793968596806,-3.030771602015424,-1.9548163351781898,18.107206031403194,2310.0,475.86,57.58354067458622
20133,Neosho County,KS,Remote rural,19.1,-3.262643172418235,-3.8255621667197532,-2.6997241781167167,15.837356827581766,1763.0,336.733,57.520399129733484
13181,Lincoln County,GA,Metro,28.9,-6.8282040494991225,-7.787207670031456,-5.869200428966789,22.071795950500878,827.0,239.003,56.46924748935775
13201,Miller County,GA,"Rural, near a metro",25.2,-6.851210893056312,-7.606663832716026,-6.095757953396588,18.348789106943688,821.0,206.892,56.24844143199232
37187,Washington County,NC,Remote rural,17.0,-3.4217534180581226,-4.096935385376138,-2.746571450740107,13.578246581941878,1632.0,277.44,55.843015782708555
12067,Lafayette County,FL,Remote rural,25.2,-5.009491296043225,-6.792641977242472,-3.226340614843978,20.190508703956773,1109.0,279.468,55.555258473119366
13301,Warren County,GA,"Rural, near a metro",24.4,-6.714467429923015,-7.8854563325734714,-5.543478527272564,17.685532570076983,825.0,201.3,55.39435629686488
55057,Juneau County,WI,Remote rural,11.5,-1.9838192751265333,-2.4479101664132137,-1.519728383839853,9.516180724873466,2756.0,316.94,54.67405922248726
20001,Allen County,KS,Remote rural,18.1,-3.588246524295551,-4.1822462531845765,-2.9942467954065246,14.51175347570445,1511.0,273.49100000000004,54.21840498210577
47135,Perry County,TN,"Rural, near a metro",22.8,-4.916126563030029,-5.298849255713835,-4.533403870346223,17.88387343696997,1097.0,250.116,53.92990839643942
48207,Haskell County,TX,"Rural, near a metro",34.9,-8.022483372250628,-10.737369912849744,-5.307596831651513,26.877516627749372,670.0,233.83,53.750638594079206
48175,Goliad County,TX,Metro,35.4,-7.814728894062485,-9.894891684429512,-5.7345661036954585,27.585271105937515,680.0,240.72,53.1401564796249
13263,Talbot County,GA,"Rural, near a metro",24.9,-6.881219356977403,-7.91139562106596,-5.851043092888842,18.018780643022595,772.0,192.22799999999998,53.12301343586555
45005,Allendale County,SC,"Rural, near a metro",16.9,-3.8951685440346315,-5.423079153513478,-2.367257934555785,13.004831455965366,1348.0,227.81199999999998,52.50687197358683
13309,Wheeler County,GA,Remote rural,27.5,-6.042428098197133,-8.187720718482558,-3.8971354779117107,21.457571901802865,862.0,237.05,52.08573020645929
20113,McPherson County,KS,Remote rural,20.7,-2.349105096805327,-2.9512424653193805,-1.7469677282912763,18.35089490319467,2214.0,458.29799999999994,52.009186843269944
48075,Childress County,TX,Remote rural,35.1,-7.31612458446225,-8.460759510335297,-6.171489658589196,27.78387541553775,704.0,247.104,51.50551707461424
20011,Bourbon County,KS,"Rural, near a metro",17.4,-2.786267908481126,-3.502156497943756,-2.0703793190184956,14.613732091518873,1848.0,321.55199999999996,51.49023094873121
47083,Houston County,TN,"Rural, near a metro",21.8,-4.952549554333249,-5.236005468381623,-4.669093640284877,16.84745044566675,1030.0,224.54,51.01126040963247
37075,Graham County,NC,Remote rural,21.5,-5.377773182398961,-6.178814083425758,-4.5767322813721645,16.12222681760104,947.0,203.605,50.92751203731817
48335,Mitchell County,TX,Remote rural,28.7,-6.024914344918176,-8.010634576703094,-4.039194113133252,22.675085655081823,839.0,240.793,50.5490313538635
28157,Wilkinson County,MS,"Rural, near a metro",24.6,-4.038901944230608,-5.857591975417571,-2.2202119130436504,20.561098055769392,1247.0,306.762,50.36510724455569
55093,Pierce County,WI,Metro,10.5,-1.7576138212814603,-2.3097308605292803,-1.205496782033641,8.74238617871854,2850.0,299.25,50.09199390652162
48195,Hansford County,TX,Remote rural,48.5,-9.990981324061194,-11.751842680696011,-8.230119967426372,38.509018675938805,501.0,242.985,50.05481643354658
47027,Clay County,TN,Remote rural,25.0,-4.146455283223208,-4.794789772235481,-3.4981207942109336,20.853544716776792,1196.0,299.0,49.591605187349565
20067,Grant County,KS,Remote rural,34.2,-8.432758905188173,-10.504466027128721,-6.361051783247625,25.76724109481183,588.0,201.09600000000003,49.58462236250646
46023,Charles Mix County,SD,Remote rural,21.4,-5.052850284075111,-5.9463348017054285,-4.159365766444794,16.347149715924886,973.0,208.22199999999998,49.16423326405083
55123,Vernon County,WI,"Rural, near a metro",17.9,-1.8074630297864347,-2.0826233400185976,-1.5323027195542718,16.092536970213565,2686.0,480.7939999999999,48.548456980063634
48305,Lynn County,TX,Metro,32.5,-8.466695652764784,-10.193613356006638,-6.73977794952293,24.033304347235216,573.0,186.225,48.514166090342215
55083,Oconto County,WI,Metro,11.7,-1.6898578156213167,-2.3057155747385396,-1.0740000565040928,10.010142184378683,2862.0,334.85400000000004,48.363730683082075
20041,Dickinson County,KS,Remote rural,20.4,-2.8142939961975237,-3.3357977772956655,-2.2927902150993824,17.585706003802475,1714.0,349.656,48.236999094825556
48009,Archer County,TX,Metro,35.9,-7.08881070339654,-8.31485913902161,-5.862762267771478,28.81118929660346,680.0,244.12,48.20391278309646
28041,Greene County,MS,"Rural, near a metro",27.3,-3.1037892104506324,-4.537913489432554,-1.669664931468712,24.19621078954937,1527.0,416.871,47.39486124358116
48483,Wheeler County,TX,Remote rural,42.6,-7.8939742922610145,-10.039283760749408,-5.748664823772617,34.70602570773899,596.0,253.89600000000002,47.04808678187565
12077,Liberty County,FL,"Rural, near a metro",20.3,-5.526335966909897,-6.95882535271192,-4.093846581107871,14.773664033090103,833.0,169.09900000000002,46.03437860435944
13037,Calhoun County,GA,"Rural, near a metro",28.1,-6.671262126854608,-8.305649798901428,-5.036874454807787,21.428737873145394,688.0,193.328,45.89828343275971
01105,Perry County,AL,"Rural, near a metro",16.6,-2.8268654090873917,-4.202433288146042,-1.4512975300287423,13.77313459091261,1620.0,268.92,45.795219627215744
01085,Lowndes County,AL,Metro,19.8,-2.83476997492054,-4.362279330381832,-1.307260619459247,16.96523002507946,1609.0,318.582,45.61144889647149
55069,Lincoln County,WI,"Rural, near a metro",12.3,-1.984085190007187,-2.4147679184596096,-1.5534024615547641,10.315914809992814,2290.0,281.67,45.435550851164585
55015,Calumet County,WI,Metro,13.6,-1.7567723540993303,-2.2609411814623317,-1.2526035267363285,11.843227645900669,2578.0,350.60799999999995,45.28959128868073
46135,Yankton County,SD,Remote rural,23.0,-2.610702197643562,-3.280580675496705,-1.9408237197904197,20.389297802356438,1731.0,398.13,45.191255041210056
48169,Garza County,TX,"Rural, near a metro",29.4,-8.303081107921065,-9.82617598977197,-6.7799862260701556,21.096918892078932,540.0,158.76,44.83663798277375
48275,Knox County,TX,Remote rural,40.4,-9.766998087052574,-10.717230032789102,-8.816766141316034,30.633001912947424,451.0,182.20399999999998,44.04916137260711
20085,Jackson County,KS,Metro,19.8,-4.019605096439002,-4.667876111605027,-3.3713340812729786,15.780394903561,1084.0,214.632,43.57251924539879
55125,Vilas County,WI,Remote rural,9.6,-2.1983329409615293,-2.4900641608390406,-1.906601721084018,7.40166705903847,1978.0,189.888,43.48302557221905
01037,Coosa County,AL,"Rural, near a metro",22.5,-3.6465264596914966,-4.815548429143599,-2.477504490239393,18.853473540308503,1182.0,265.95,43.10194275355349
01063,Greene County,AL,"Rural, near a metro",16.9,-2.810542629897614,-4.203023112138923,-1.4180621476563042,14.089457370102384,1527.0,258.063,42.916985958536564
55067,Langlade County,WI,"Rural, near a metro",11.8,-2.090391845140064,-2.3887170262352018,-1.7920666640449272,9.709608154859936,2021.0,238.47800000000004,42.24681919028069
20013,Brown County,KS,"Rural, near a metro",16.9,-4.327240865934283,-4.75224730088135,-3.902234430987219,12.572759134065716,976.0,164.944,42.2338708515186
48267,Kimble County,TX,Remote rural,32.4,-8.009091844585667,-9.583493226578451,-6.434690462592879,24.39090815541433,524.0,169.77599999999998,41.96764126562889
46041,Dewey County,SD,Remote rural,17.1,-5.2209802124810345,-6.0567560799369025,-4.385204345025168,11.879019787518967,801.0,136.971,41.82005150197308
28019,Choctaw County,MS,Remote rural,24.2,-3.7111252837460387,-5.185599169380376,-2.236651398111701,20.48887471625396,1126.0,272.492,41.7872706949804
56035,Sublette County,WY,Remote rural,34.9,-6.839074745015747,-7.564346215945808,-6.113803274085686,28.06092525498425,601.0,209.74899999999997,41.10283921754464
55003,Ashland County,WI,Remote rural,8.8,-2.3182467144489998,-2.914657921391615,-1.7218355075063845,6.481753285551001,1769.0,155.672,41.00978437860281
20115,Marion County,KS,"Rural, near a metro",23.0,-4.150038568710226,-4.517481201065779,-3.782595936354675,18.849961431289774,984.0,226.32,40.83637951610862
55001,Adams County,WI,"Rural, near a metro",11.3,-1.988798537778457,-2.536548382978723,-1.4410486925781893,9.311201462221543,2049.0,231.537,40.75048203908058
47169,Trousdale County,TN,Metro,22.2,-3.2275685227380864,-4.130840627712142,-2.324296417764031,18.972431477261914,1259.0,279.498,40.635087701272504
48333,Mills County,TX,Remote rural,35.0,-8.51385538128402,-9.680757316913228,-7.3469534456548065,26.48614461871598,474.0,165.9,40.35567450728626
13101,Echols County,GA,Metro,32.1,-6.954145150766518,-7.900487898116659,-6.007802403416382,25.145854849233483,579.0,185.859,40.26450042293814
56031,Platte County,WY,Remote rural,28.7,-5.255684987087769,-6.0139552973699715,-4.497414676805563,23.44431501291223,766.0,219.842,40.25854700109231
55113,Sawyer County,WI,Remote rural,11.1,-2.1798068652371327,-2.7785128097682246,-1.58110092070604,8.920193134762867,1822.0,202.24200000000002,39.716081084620555
48191,Hall County,TX,Remote rural,41.0,-8.675345804235855,-10.76124687729957,-6.5894447311721365,32.32465419576415,454.0,186.14,39.38606995123078
55137,Waushara County,WI,"Rural, near a metro",14.0,-1.8877725752402887,-2.3071305442373014,-1.4684146062432775,12.11222742475971,2071.0,289.94,39.09577003322638
55053,Jackson County,WI,"Rural, near a metro",11.2,-1.8889420607007539,-2.4859991953275506,-1.2918849260739578,9.311057939299246,2038.0,228.25599999999997,38.496639197081365
48197,Hardeman County,TX,Remote rural,34.4,-7.867667192713583,-9.410849938946248,-6.324484446480919,26.532332807286416,486.0,167.18399999999997,38.236862556588015
55045,Green County,WI,Metro,11.5,-1.612679071053728,-2.2039081415118567,-1.0214500005955993,9.887320928946272,2366.0,272.09,38.15598682113121
28125,Sharkey County,MS,"Rural, near a metro",21.0,-5.942480596295762,-6.939665129913168,-4.945296062678362,15.057519403704237,633.0,132.93,37.615902174552176
48103,Crane County,TX,"Rural, near a metro",43.6,-8.887516946973046,-10.72048460865009,-7.054549285296006,34.71248305302696,420.0,183.12,37.32757117728679
20191,Sumner County,KS,Metro,18.1,-1.6769133524832713,-2.3029288645480652,-1.0508978404184781,16.42308664751673,2219.0,401.639,37.21070729160379
56043,Washakie County,WY,Remote rural,26.7,-5.075283907349214,-5.508065442868237,-4.642502371830191,21.624716092650786,726.0,193.842,36.8465611673553
48079,Cochran County,TX,Remote rural,46.7,-9.799659259050983,-12.155012228089051,-7.444306290012921,36.90034074094902,375.0,175.125,36.748722221441184
48317,Martin County,TX,Metro,41.2,-10.31278844720077,-11.71948356470394,-8.906093329697592,30.887211552799233,352.0,145.024,36.30101533414671
48319,Mason County,TX,Remote rural,36.7,-9.444423466047105,-10.506695158226382,-8.382151773867836,27.255576533952897,379.0,139.09300000000002,35.79436493631853
20069,Gray County,KS,Remote rural,36.7,-8.100591054202228,-9.70188180525731,-6.499300303147147,28.599408945797776,441.0,161.847,35.72360654903182
13259,Stewart County,GA,"Rural, near a metro",26.4,-4.906280287326403,-6.9536894211321245,-2.8588711535206808,21.493719712673595,723.0,190.872,35.472406477369894
13053,Chattahoochee County,GA,Metro,17.9,-2.7366813441296935,-3.85818181499275,-1.6151808732666386,15.163318655870306,1292.0,231.268,35.35792296615564
20189,Stevens County,KS,Remote rural,33.7,-7.4798221231336806,-9.453777022370215,-5.5058672238971464,26.220177876866323,472.0,159.06400000000002,35.30476042119098
46123,Tripp County,SD,Remote rural,24.1,-5.104858697028238,-5.692328138389182,-4.517389255667292,18.995141302971764,690.0,166.29,35.22352500949484
55029,Door County,WI,"Rural, near a metro",13.5,-1.728899089033586,-2.0828244652021106,-1.374973712865065,11.771100910966414,2025.0,273.375,35.01020655293012
37095,Hyde County,NC,Remote rural,28.2,-5.999973452962233,-6.943372032466152,-5.056574873458315,22.200026547037766,582.0,164.12399999999997,34.9198454962402
46047,Fall River County,SD,"Rural, near a metro",23.2,-4.50115089002618,-4.876220830730869,-4.1260809493214925,18.69884910997382,771.0,178.872,34.70387336210185
55107,Rusk County,WI,"Rural, near a metro",12.3,-2.3029907026279033,-2.9892152077883773,-1.6167661974674292,9.997009297372097,1489.0,183.14700000000002,34.29153156212948
55103,Richland County,WI,"Rural, near a metro",13.0,-2.088606895028688,-2.4818393745159946,-1.6953744155413824,10.911393104971312,1641.0,213.33,34.27403914742077
20205,Wilson County,KS,Remote rural,19.3,-3.2825885779229327,-3.878234321034588,-2.6869428348112736,16.017411422077068,1033.0,199.36900000000003,33.9091400099439
37029,Camden County,NC,"Rural, near a metro",24.0,-4.294952177207364,-5.582987605979699,-3.0069167484350294,19.705047822792636,789.0,189.36,33.8871726781661
55023,Crawford County,WI,Remote rural,11.6,-2.1467508565460505,-2.543882611061837,-1.7496191020302623,9.453249143453949,1562.0,181.192,33.53224837924931
48119,Delta County,TX,"Rural, near a metro",26.0,-5.146551192272374,-5.6217677718281625,-4.671334612716585,20.853448807727627,647.0,168.22,33.29818621400226
20121,Miami County,KS,Metro,19.6,-1.5586510219469578,-2.0718411610754424,-1.0454608828184715,18.041348978053044,2133.0,418.06800000000004,33.24602629812861
55129,Washburn County,WI,Remote rural,12.3,-2.0699529073114604,-2.3189488236339195,-1.820956990989004,10.23004709268854,1606.0,197.53800000000004,33.24344369142206
55121,Trempealeau County,WI,"Rural, near a metro",17.3,-1.3986196861361853,-1.79947913989756,-0.9977602323748098,15.901380313863815,2374.0,410.70200000000006,33.20323134887304
46031,Corson County,SD,Remote rural,17.7,-4.5312763458366785,-5.238340776668201,-3.8242119150051583,13.16872365416332,729.0,129.033,33.03300456114939
56019,Johnson County,WY,Remote rural,28.0,-4.705077472522873,-5.097554368477813,-4.312600576567932,23.294922527477127,699.0,195.72,32.88849153293488
48435,Sutton County,TX,Remote rural,40.9,-10.469132833198639,-12.56371579607892,-8.374549870318369,30.43086716680136,308.0,125.972,32.24492912625181
20005,Atchison County,KS,"Rural, near a metro",16.8,-1.9723411822471952,-2.731868376702372,-1.212813987792019,14.827658817752805,1634.0,274.512,32.22805491791917
20003,Anderson County,KS,"Rural, near a metro",20.2,-3.916466974173188,-4.197373392989416,-3.6355605553569603,16.283533025826813,816.0,164.832,31.958370509253218
55013,Burnett County,WI,"Rural, near a metro",10.8,-2.1207611929391854,-2.417226255829191,-1.8242961300491791,8.679238807060816,1503.0,162.324,31.875040729875955
48295,Lipscomb County,TX,Remote rural,40.3,-10.481423311985989,-11.685856867983873,-9.276989755988104,29.81857668801401,303.0,122.109,31.758712635317544
56045,Weston County,WY,Remote rural,27.9,-5.5775651878484815,-6.410813902635562,-4.7443164730613985,22.322434812151517,567.0,158.19299999999998,31.62479461510089
13249,Schley County,GA,"Rural, near a metro",24.0,-5.442407726494673,-6.639031955280256,-4.245783497709087,18.55759227350533,580.0,139.2,31.5659648136691
37177,Tyrrell County,NC,Remote rural,29.0,-6.259526403006965,-7.56969335400187,-4.949359452012063,22.740473596993034,504.0,146.16,31.548013071155104
55047,Green Lake County,WI,"Rural, near a metro",14.8,-1.8863310503250208,-2.322482243572506,-1.450179857077535,12.91366894967498,1657.0,245.23600000000002,31.25650550388559
47175,Van Buren County,TN,Remote rural,25.2,-3.9937511337158518,-4.451222645118128,-3.5362796223135753,21.20624886628415,782.0,197.06399999999996,31.231133865657963
20151,Pratt County,KS,Remote rural,21.8,-3.9909194654782016,-4.93865081259566,-3.0431881183607414,17.809080534521797,775.0,168.95,30.929625857456063
13007,Baker County,GA,Metro,25.0,-6.827879534526255,-7.741814304234662,-5.913944764817847,18.172120465473746,452.0,113.0,30.86201549605867
56011,Crook County,WY,Remote rural,29.9,-5.889833381495817,-6.984084442906828,-4.795582320084809,24.010166618504183,521.0,155.779,30.686031917593205
48421,Sherman County,TX,Remote rural,46.1,-10.214305792445844,-11.280758041403896,-9.147853543487788,35.88569420755416,295.0,135.995,30.13220208771524
20077,Harper County,KS,"Rural, near a metro",22.7,-4.477931772011141,-5.024132402659517,-3.931731141362765,18.222068227988856,671.0,152.31699999999998,30.04692219019476
20159,Rice County,KS,Remote rural,22.2,-3.6984841981024803,-4.253318448127014,-3.1436499480779485,18.50151580189752,802.0,178.04399999999998,29.66184326878189
45065,McCormick County,SC,"Rural, near a metro",20.3,-3.4803888634547997,-4.811106661861071,-2.149671065048528,16.819611136545202,849.0,172.347,29.548501450731248
47067,Hancock County,TN,"Rural, near a metro",19.7,-2.246281226043201,-2.785572768190817,-1.7069896838955847,17.453718773956798,1312.0,258.464,29.471209685686794
20107,Linn County,KS,Metro,20.9,-2.8037651517424638,-3.248844414422001,-2.3586858890629276,18.096234848257534,1038.0,216.94199999999998,29.103082275086773
13061,Clay County,GA,Remote rural,25.0,-6.662277238908146,-7.467071039585444,-5.857483438230855,18.337722761091854,432.0,108.0,28.78103767208319
55099,Price County,WI,Remote rural,12.1,-2.0884063165831916,-2.400161852554022,-1.7766507806123608,10.011593683416809,1368.0,165.528,28.56939841085806
55007,Bayfield County,WI,"Rural, near a metro",10.3,-2.055694388935833,-2.4820933136653673,-1.6292954642062982,8.244305611064167,1380.0,142.14000000000001,28.36858256731449
48385,Real County,TX,Remote rural,30.9,-7.981027753427936,-10.254812061540534,-5.707243445315343,22.91897224657206,353.0,109.07699999999998,28.173027969600614
47137,Pickett County,TN,Remote rural,24.5,-4.475137096443125,-4.665645323280266,-4.284628869605983,20.024862903556876,624.0,152.88,27.9248554818051
46015,Brule County,SD,Remote rural,23.1,-5.061632454904726,-6.040766871705335,-4.082498038104121,18.038367545095277,550.0,127.05,27.83897850197599
48105,Crockett County,TX,Remote rural,39.8,-10.332021052704267,-12.055726542277624,-8.60831556313091,29.46797894729573,269.0,107.06199999999998,27.793136631774477
48129,Donley County,TX,"Rural, near a metro",30.1,-6.469072151999031,-7.503013253782683,-5.43513105021538,23.630927848000972,429.0,129.12900000000002,27.75231953207584
46007,Bennett County,SD,Remote rural,17.9,-5.001725249794031,-6.096551784410992,-3.906898715177071,12.898274750205967,553.0,98.987,27.659540631360994
55077,Marquette County,WI,"Rural, near a metro",12.2,-1.9526268341375372,-2.3038539426696043,-1.6013997256054702,10.247373165862463,1399.0,170.678,27.317249409584146
55065,Lafayette County,WI,"Rural, near a metro",17.2,-1.8261049420980913,-2.231474331288513,-1.420735552907669,15.373895057901908,1492.0,256.62399999999997,27.245485736103518
55049,Iowa County,WI,Metro,11.8,-1.705874136231655,-2.329391169997388,-1.0823571024659207,10.094125863768346,1592.0,187.85600000000002,27.157516248807948
48383,Reagan County,TX,"Rural, near a metro",39.1,-8.833957740066786,-10.51475188210979,-7.153163598023772,30.266042259933215,307.0,120.037,27.120250262005033
48109,Culberson County,TX,Remote rural,29.9,-9.405633417107442,-11.353455223136718,-7.457811611078155,20.494366582892557,288.0,86.112,27.088224241269433
48087,Collingsworth County,TX,Remote rural,33.6,-8.34963192727433,-10.108230535789156,-6.591033318759492,25.25036807272567,324.0,108.86399999999999,27.052807444368835
46033,Custer County,SD,Metro,26.3,-4.604969566750132,-5.261242326925852,-3.948696806574417,21.69503043324987,577.0,151.751,26.57067440014826
13239,Quitman County,GA,Remote rural,24.6,-8.745176108131728,-9.444445111486177,-8.04590710477728,15.854823891868273,301.0,74.046,26.322980085476505
48461,Upton County,TX,"Rural, near a metro",36.8,-8.792830810115593,-9.811892654731874,-7.773768965499312,28.007169189884404,299.0,110.03199999999998,26.290564122245623
20149,Pottawatomie County,KS,Metro,21.4,-1.5947813022575414,-1.9682620726956617,-1.2213005318194194,19.805218697742458,1638.0,350.532,26.12251773097853
55119,Taylor County,WI,"Rural, near a metro",16.6,-1.5993866576146312,-1.897250994234697,-1.3015223209945654,15.000613342385371,1614.0,267.92400000000004,25.814100653900145
48211,Hemphill County,TX,Remote rural,39.7,-9.660257254212201,-10.888069181784166,-8.432445326640236,30.0397427457878,267.0,105.99900000000001,25.792886868746578
46065,Hughes County,SD,Remote rural,18.2,-2.0756869193308396,-2.8275578413143143,-1.3238159973473633,16.12431308066916,1233.0,224.40599999999998,25.59321971534925
37073,Gates County,NC,Metro,22.1,-2.4077029906112943,-3.374123684132104,-1.4412822970904844,19.692297009388707,1057.0,233.597,25.449420610761383
20073,Greenwood County,KS,"Rural, near a metro",19.8,-3.6140827210994653,-4.263470363578453,-2.964695078620477,16.185917278900536,702.0,138.996,25.370860702118247
20081,Haskell County,KS,Remote rural,35.9,-7.775344733948138,-9.314324187050705,-6.236365280845583,28.12465526605186,326.0,117.03399999999999,25.34762383267093
20139,Osage County,KS,Metro,19.3,-1.7524590966239957,-1.9617759367336713,-1.54314225651432,17.547540903376007,1422.0,274.446,24.919968353993216
13307,Webster County,GA,"Rural, near a metro",31.1,-6.97086895337009,-8.07083919236881,-5.87089871437137,24.12913104662991,357.0,111.027,24.88600216353122
20093,Kearny County,KS,Remote rural,30.5,-7.399235441153314,-8.960466799439128,-5.838004082867499,23.100764558846684,334.0,101.87,24.71344637345207
13125,Glascock County,GA,Remote rural,22.8,-6.2117914765362725,-7.104552488356393,-5.319030464716155,16.588208523463727,391.0,89.14800000000001,24.288104673256825
46071,Jackson County,SD,"Rural, near a metro",21.8,-5.232820390328109,-5.977757694259308,-4.487883086396911,16.567179609671893,463.0,100.934,24.22795840721914
46051,Grant County,SD,Remote rural,31.5,-4.861127096464613,-5.544806136858862,-4.177448056070362,26.638872903535386,492.0,154.98,23.916745314605897
20181,Sherman County,KS,Remote rural,22.2,-4.3062162899567,-4.806202104382847,-3.8062304755305525,17.8937837100433,554.0,122.988,23.856438246360117
48205,Hartley County,TX,Remote rural,35.3,-6.503166561068507,-7.413495775334408,-5.592837346802611,28.79683343893149,360.0,127.07999999999998,23.411399619846627
48413,Schleicher County,TX,"Rural, near a metro",37.7,-9.253022928825423,-10.650579885967122,-7.855465971683724,28.44697707117458,252.0,95.00400000000002,23.317617780640067
48081,Coke County,TX,"Rural, near a metro",28.7,-6.421066036183379,-7.87217272213858,-4.969959350228175,22.27893396381662,363.0,104.181,23.308469711345666
55041,Forest County,WI,Remote rural,10.4,-2.452928731279248,-2.9551886328317245,-1.9506688297267711,7.9470712687207525,950.0,98.8,23.302822947152855
20171,Scott County,KS,Remote rural,30.4,-5.915831225221491,-7.057596996709654,-4.774065453733329,24.484168774778507,391.0,118.86399999999999,23.13090009061603
48023,Baylor County,TX,"Rural, near a metro",28.8,-5.389218773139486,-6.365372018607585,-4.41306552767139,23.410781226860514,423.0,121.824,22.796395410380025
20119,Meade County,KS,Remote rural,30.4,-6.765321955381056,-7.824122124680413,-5.706521786081704,23.634678044618944,335.0,101.84,22.66382855052654
48151,Fisher County,TX,"Rural, near a metro",32.1,-6.341276298343715,-7.4028775927596895,-5.279675003927736,25.758723701656287,355.0,113.955,22.51153085912019
55061,Kewaunee County,WI,Metro,13.0,-1.7591977118659305,-2.2759298696835826,-1.242465554048278,11.24080228813407,1279.0,166.27,22.50013873476525
48065,Carson County,TX,Metro,30.3,-5.426942259297633,-6.000189096837897,-4.853695421757369,24.873057740702368,413.0,125.139,22.413271530899223
47127,Moore County,TN,Remote rural,24.4,-3.919056189843695,-4.663493549871748,-3.1746188298156452,20.480943810156305,570.0,139.08,22.338620282109062
56017,Hot Springs County,WY,Remote rural,23.4,-4.737507576819332,-5.195435354472544,-4.27957979916612,18.662492423180666,465.0,108.81,22.02941023220989
48271,Kinney County,TX,Remote rural,28.0,-8.294615801722124,-10.141760285418357,-6.447471318025896,19.705384198277876,264.0,73.92,21.897785716546405
46085,Lyman County,SD,Remote rural,21.6,-4.59344620607895,-5.14886053120306,-4.038031880954839,17.00655379392105,473.0,102.168,21.72700055475343
46129,Walworth County,SD,Remote rural,21.5,-4.339835008664593,-4.815208785278925,-3.8644612320502625,17.160164991335407,492.0,105.78,21.3519882426298
48327,Menard County,TX,Remote rural,33.3,-8.553317111260622,-10.73922409193259,-6.367410130588658,24.746682888739375,249.0,82.91699999999999,21.297759607038948
55011,Buffalo County,WI,"Rural, near a metro",12.2,-1.977291377414508,-2.2541170615231154,-1.700465693305902,10.222708622585492,1076.0,131.272,21.275655220980106
46017,Buffalo County,SD,Remote rural,15.0,-6.106122691691941,-6.793725799021131,-5.418519584362752,8.89387730830806,346.0,51.9,21.127184513254118
46127,Union County,SD,Metro,25.1,-2.3425109505902593,-2.840278293592437,-1.8447436075880814,22.75748904940974,900.0,225.9,21.082598555312334
20019,Chautauqua County,KS,"Rural, near a metro",20.9,-4.538304167756068,-4.875002110116682,-4.201606225395453,16.36169583224393,446.0,93.214,20.240836588192064
46053,Gregory County,SD,Remote rural,24.6,-4.652251612210537,-5.041735769368377,-4.262767455052702,19.947748387789463,423.0,104.058,19.67902431965057
20087,Jefferson County,KS,Metro,20.4,-1.6140182151377023,-2.228158743616151,-0.999877686659254,18.785981784862297,1215.0,247.86,19.61032131392308
20193,Thomas County,KS,Remote rural,24.2,-2.9941435268142773,-3.6730607722765534,-2.3152262813520013,21.205856473185722,648.0,156.816,19.40205005375652
46079,Lake County,SD,"Rural, near a metro",22.6,-2.527073080433281,-3.1096865527765707,-1.9444596080899914,20.07292691956672,753.0,170.178,19.028860295662607
48095,Concho County,TX,"Rural, near a metro",27.8,-7.738606928186671,-10.085764025481444,-5.391449830891899,20.061393071813328,245.0,68.11,18.959586974057345
20075,Hamilton County,KS,Remote rural,33.1,-7.536193986909009,-8.398104230505352,-6.674283743312666,25.563806013090993,251.0,83.081,18.91584690714161
48417,Shackelford County,TX,"Rural, near a metro",29.9,-5.832984085623305,-6.388209386797531,-5.27775878444908,24.067015914376693,324.0,96.876,18.898868437419505
46101,Moody County,SD,"Rural, near a metro",26.2,-4.142729617156421,-4.521650650386776,-3.763808583926065,22.057270382843576,447.0,117.11399999999999,18.518001388689203
46037,Day County,SD,Remote rural,24.9,-4.06612925957458,-4.461787218165126,-3.670471300984032,20.833870740425418,453.0,112.79699999999998,18.419565545872846
20185,Stafford County,KS,Remote rural,28.0,-4.763738232523227,-5.490190872615543,-4.03728559243091,23.236261767476773,379.0,106.12,18.05456790126303
46125,Turner County,SD,Metro,28.6,-2.949488557731557,-3.5275804629537753,-2.371396652509338,25.650511442268446,609.0,174.174,17.96238531658518
46137,Ziebach County,SD,"Rural, near a metro",17.2,-3.759373597470343,-4.513561210189615,-3.0051859847510713,13.440626402529656,471.0,81.012,17.706649644085317
20163,Rooks County,KS,Remote rural,21.7,-3.9107083694115046,-4.224033644141169,-3.5973830946818364,17.789291630588494,451.0,97.86699999999999,17.637294746045885
20127,Morris County,KS,"Rural, near a metro",22.9,-3.735178732086948,-4.24752407109114,-3.2228333930827553,19.16482126791305,458.0,104.88199999999999,17.107118592958223
20167,Russell County,KS,Remote rural,18.1,-2.240090748931793,-3.030073191002276,-1.4501083068613099,15.859909251068208,757.0,137.017,16.957486969413672
20029,Cloud County,KS,Remote rural,21.6,-1.8857529807072153,-2.363947889579835,-1.4075580718345952,19.714247019292785,892.0,192.672,16.82091658790836
46095,Mellette County,SD,Remote rural,23.2,-5.270961755620471,-6.524370046647038,-4.017553464593904,17.929038244379527,311.0,72.152,16.392691059979665
20117,Marshall County,KS,"Rural, near a metro",19.7,-1.9086031631298086,-2.328069982333262,-1.489136343926355,17.79139683687019,806.0,158.78199999999998,15.383341494826258
20147,Phillips County,KS,Remote rural,21.2,-3.1513003015706658,-3.598874497786647,-2.7037261053546846,18.048699698429335,482.0,102.184,15.189267453570608
48359,Oldham County,TX,Metro,38.7,-8.942295006269745,-10.542034525703972,-7.342555486835533,29.757704993730258,168.0,65.016,15.023055610533174
48045,Briscoe County,TX,Remote rural,43.0,-9.857095165952616,-10.91048172715477,-8.803708604750463,33.142904834047386,151.0,64.93,14.88421370058845
48137,Edwards County,TX,Remote rural,44.6,-10.695822554013617,-11.941045612917252,-9.450599495109996,33.904177445986384,139.0,61.99400000000001,14.867193350078928
56027,Niobrara County,WY,Remote rural,29.2,-5.741344260857798,-6.8561544892112725,-4.626534032504324,23.458655739142202,257.0,75.044,14.755254750404541
20007,Barber County,KS,Remote rural,20.7,-3.454496323741804,-4.173668690586403,-2.7353239568972043,17.245503676258195,421.0,87.14699999999999,14.543429522952996
20095,Kingman County,KS,Metro,17.7,-1.7696283272749709,-2.082030266792928,-1.4572263877570137,15.930371672725029,813.0,143.90099999999998,14.387078300745513
20031,Coffey County,KS,"Rural, near a metro",19.6,-2.0167239420110037,-2.4746722485728196,-1.5587756354491868,17.583276057988996,699.0,137.00400000000002,14.096900354656915
46057,Hamlin County,SD,Remote rural,31.8,-3.509726527984246,-4.199856707051496,-2.8195963489169955,28.290273472015755,390.0,124.02,13.687933459138558
20129,Morton County,KS,Remote rural,27.3,-4.9569730296963925,-5.454952361593643,-4.458993697799141,22.343026970303608,275.0,75.075,13.63167583166508
55078,Menominee County,WI,"Rural, near a metro",5.4,-2.462556757663481,-3.061149202178484,-1.863964313148477,2.9374432423365193,541.0,29.214000000000002,13.322432058959432
48125,Dickens County,TX,"Rural, near a metro",30.0,-6.072635767194719,-8.055072575778217,-4.090198958611226,23.92736423280528,217.0,65.1,13.17761961481254
20047,Edwards County,KS,Remote rural,29.3,-5.289471442420585,-5.991810577435544,-4.587132307405627,24.010528557579416,249.0,72.957,13.170783891627257
20201,Washington County,KS,Remote rural,24.2,-2.906782379687892,-3.405389812373661,-2.408174947002123,21.293217620312106,451.0,109.142,13.109588532392394
13265,Taliaferro County,GA,"Rural, near a metro",24.8,-5.6831295539701046,-8.161947323205887,-3.204311784734312,19.116870446029896,230.0,57.04,13.07119797413124
20049,Elk County,KS,"Rural, near a metro",20.8,-3.9813145499596168,-4.4863577088433635,-3.47627139107587,16.818685450040384,327.0,68.016,13.018898578367946
20123,Mitchell County,KS,Remote rural,20.9,-2.3540575050742003,-2.958659327174487,-1.7494556829739136,18.545942494925796,549.0,114.74099999999999,12.923775702857359
20043,Doniphan County,KS,Metro,19.9,-1.9504506261679886,-2.414554092813413,-1.4863471595225655,17.94954937383201,654.0,130.146,12.755947095138646
55051,Iron County,WI,Remote rural,11.1,-2.3392321503151368,-2.7626169253937567,-1.9158473752365168,8.760767849684862,541.0,60.050999999999995,12.65524593320489
20145,Pawnee County,KS,Remote rural,20.1,-2.2944728257376297,-2.9090849924673927,-1.6798606590078657,17.805527174262373,547.0,109.947,12.550766356784836
20131,Nemaha County,KS,"Rural, near a metro",20.4,-1.8898900847903153,-2.253631200398886,-1.5261489691817447,18.510109915209682,661.0,134.844,12.492173460463984
20023,Cheyenne County,KS,Remote rural,28.2,-4.493429490183919,-4.867376261186341,-4.119482719181499,23.706570509816082,277.0,78.11399999999999,12.446799687809456
20187,Stanton County,KS,Remote rural,32.0,-7.200081438059694,-9.339738483490372,-5.060424392629022,24.799918561940306,172.0,55.04,12.384140073462673
20027,Clay County,KS,"Rural, near a metro",20.3,-1.8034492461176455,-2.094743208262056,-1.5121552839732353,18.496550753882357,686.0,139.258,12.371661828367047
46115,Spink County,SD,Remote rural,24.7,-2.5952720766741333,-3.114722526436345,-2.0758216269119196,22.104727923325868,458.0,113.126,11.88634611116753
48447,Throckmorton County,TX,Remote rural,31.5,-6.97033405084522,-8.372645326919478,-5.568022774770961,24.52966594915478,168.0,52.92,11.71016120541997
46091,Marshall County,SD,Remote rural,28.4,-3.6596939031187175,-4.404668628669369,-2.9147191775680663,24.74030609688128,317.0,90.02799999999999,11.601229672886333
46067,Hutchinson County,SD,"Rural, near a metro",23.6,-2.0187461944451606,-2.4847521108397723,-1.5527402780505473,21.58125380555484,552.0,130.27200000000002,11.143478993337286
46077,Kingsbury County,SD,Remote rural,25.2,-2.7927734604592405,-3.197834763773346,-2.3877121571451347,22.40722653954076,389.0,98.02799999999999,10.863888761186445
46105,Perkins County,SD,"Rural, near a metro",23.9,-3.244934396556086,-3.6893118490071917,-2.8005569441049802,20.655065603443912,318.0,76.002,10.318891381048353
46025,Clark County,SD,Remote rural,29.8,-3.4944715133267534,-3.9002591045205923,-3.0886839221329145,26.305528486673246,292.0,87.016,10.20385681891412
48243,Jeff Davis County,TX,Remote rural,30.8,-6.9711832752178555,-8.487040726834369,-5.455325823601333,23.828816724782143,146.0,44.968,10.17792758181807
48431,Sterling County,TX,"Rural, near a metro",39.6,-9.555958619983599,-12.392277827285636,-6.719639412681566,30.044041380016402,106.0,41.976000000000006,10.129316137182615
28055,Issaquena County,MS,"Rural, near a metro",27.4,-6.917784679950878,-8.46503756363162,-5.370531796270133,20.48221532004912,146.0,40.004,10.099965632728281
20053,Ellsworth County,KS,Remote rural,19.5,-2.126282094327989,-2.5435143649218155,-1.709049823734163,17.37371790567201,473.0,92.235,10.05731430617139
20089,Jewell County,KS,Remote rural,23.0,-3.6627665374021006,-4.066733234549518,-3.2587998402546865,19.3372334625979,270.0,62.1,9.88946965098567
46003,Aurora County,SD,Remote rural,29.9,-3.86510466336374,-4.56303815101432,-3.167171175713155,26.034895336636257,254.0,75.946,9.8173658449439
20109,Logan County,KS,Remote rural,21.1,-3.497685191840356,-3.9297763737371962,-3.0655940099435153,17.602314808159644,280.0,59.08,9.793518537152998
55091,Pepin County,WI,"Rural, near a metro",14.8,-1.8025031535111347,-2.3425810343387132,-1.2624252726835543,12.997496846488866,534.0,79.03200000000001,9.625366839749459
48101,Cottle County,TX,Remote rural,28.2,-5.275348875089803,-6.231442821845026,-4.319254928334578,22.924651124910195,181.0,51.042,9.548381463912543
20157,Republic County,KS,Remote rural,18.2,-2.113133901946857,-2.71611508289816,-1.5101527209955568,16.086866098053143,450.0,81.9,9.509102558760857
20203,Wichita County,KS,Remote rural,30.4,-6.006568801911609,-6.934788800157194,-5.078348803666024,24.39343119808839,158.0,48.032,9.490378707020342
20137,Norton County,KS,Remote rural,19.4,-1.9912398039509027,-2.636008623490472,-1.346470984411333,17.408760196049094,468.0,90.79199999999999,9.319002282490224
46009,Bon Homme County,SD,Remote rural,23.6,-2.202570229416241,-2.7498332002025623,-1.6553072586299158,21.39742977058376,420.0,99.12,9.250794963548211
46045,Edmunds County,SD,Remote rural,27.9,-3.198719799226468,-3.7843542781633746,-2.613085320289561,24.70128020077353,287.0,80.073,9.180325823779963
48155,Foard County,TX,Remote rural,28.8,-6.435521287289603,-8.30535205781333,-4.565690516765873,22.364478712710397,139.0,40.032000000000004,8.945374589332548
20135,Ness County,KS,Remote rural,28.8,-4.78229173329381,-5.333121431381969,-4.231462035205652,24.01770826670619,184.0,52.992,8.799416789260611
20097,Kiowa County,KS,Remote rural,22.2,-4.181773882213856,-4.5668272121899705,-3.7967205522377463,18.018226117786142,207.0,45.95399999999999,8.656271936182684
20039,Decatur County,KS,Remote rural,20.1,-3.1433906415956625,-3.672752320751851,-2.6140289624394746,16.95660935840434,273.0,54.873000000000005,8.581456451556159
48235,Irion County,TX,Metro,37.6,-8.435638693817879,-9.820191142190717,-7.0510862454450365,29.164361306182123,101.0,37.976000000000006,8.519995080756058
20143,Ottawa County,KS,Remote rural,20.1,-1.6642743425298427,-2.119935629262044,-1.2086130557976413,18.435725657470158,497.0,99.897,8.271443482373318
20197,Wabaunsee County,KS,Metro,21.3,-1.6548789875662577,-2.1763983492245,-1.1333596259080139,19.645121012433744,497.0,105.861,8.224748568204301
20065,Graham County,KS,Remote rural,20.4,-3.0995811401629436,-3.746953794478209,-2.4522084858476783,17.300418859837055,260.0,53.04,8.058910964423653
55037,Florence County,WI,Remote rural,13.3,-2.086584884196719,-2.512975178303135,-1.6601945900903026,11.213415115803281,377.0,50.141000000000005,7.866425013421632
20207,Woodson County,KS,Remote rural,18.4,-2.1305896922914,-2.6726646750489755,-1.5885147095338268,16.269410307708597,364.0,66.976,7.755346479940696
46087,McCook County,SD,Metro,25.7,-2.058117805287798,-2.4156801001694577,-1.70055551040614,23.641882194712203,362.0,93.03399999999999,7.450386455141828
20141,Osborne County,KS,Remote rural,17.2,-2.1933729652613883,-2.7573763484428024,-1.6293695820799716,15.00662703473861,332.0,57.104,7.281998244667808
48345,Motley County,TX,Remote rural,26.9,-4.966344697608027,-5.994636989806621,-3.938052405409433,21.933655302391973,145.0,39.005,7.201199811531638
48433,Stonewall County,TX,Remote rural,31.0,-6.287185703117546,-7.04951580872142,-5.524855597513671,24.712814296882453,113.0,35.03,7.1045198445228275
20195,Trego County,KS,Remote rural,21.7,-2.8586781464005067,-3.2400677185793256,-2.4772885742216877,18.841321853599492,235.0,50.995,6.71789364404119
46039,Deuel County,SD,Remote rural,24.6,-1.9517690532188534,-2.2981534634785046,-1.6053846429592018,22.648230946781148,341.0,83.88600000000001,6.65553247147629
20165,Rush County,KS,Remote rural,21.2,-2.2623885817765106,-2.736278193990587,-1.7884989695624331,18.93761141822349,288.0,61.056,6.515679115516351
20101,Lane County,KS,Remote rural,25.9,-4.659445629600349,-5.406090486061984,-3.9128007731387124,21.24055437039965,135.0,34.965,6.29025159996047
20183,Smith County,KS,Remote rural,19.9,-1.9078742767655246,-2.3219058273146818,-1.4938427262163692,17.992125723234473,326.0,64.874,6.21967014225561
46043,Douglas County,SD,Remote rural,26.7,-2.7880528715312254,-3.3335388371992583,-2.2425669058631907,23.911947128468775,206.0,55.001999999999995,5.743388915354324
20105,Lincoln County,KS,Remote rural,21.0,-1.9103899853000004,-2.481390321411406,-1.3393896491885966,19.0896100147,291.0,61.11,5.559234857223001
48261,Kenedy County,TX,Remote rural,41.1,-9.894104759603335,-12.19077783973185,-7.597431679474826,31.205895240396664,56.0,23.016,5.540698665377867
48443,Terrell County,TX,Remote rural,26.3,-6.9599554265085954,-9.467671429034299,-4.452239423982892,19.340044573491404,76.0,19.988,5.289566124146533
46111,Sanborn County,SD,Remote rural,26.9,-2.1833930618845523,-2.7129811036653697,-1.6538050201037362,24.716606938115447,238.0,64.02199999999999,5.196475487285234
48173,Glasscock County,TX,"Rural, near a metro",44.2,-9.587959759691982,-10.975504207718085,-8.200415311665862,34.61204024030802,52.0,22.984,4.98573907503983
20063,Gove County,KS,Remote rural,20.4,-2.034901399390392,-2.739050401734059,-1.3307523970467257,18.365098600609606,240.0,48.96,4.883763358536941
46089,McPherson County,SD,Remote rural,24.6,-2.517134524082731,-3.1154835789603936,-1.9187854692050685,22.08286547591727,183.0,45.018,4.606356179071398
20071,Greeley County,KS,Remote rural,25.5,-4.479230371670565,-5.289758169406223,-3.668702573934907,21.020769628329436,102.0,26.01,4.568814979103975
20083,Hodgeman County,KS,Remote rural,25.4,-3.354450888732661,-3.934993830789892,-2.7739079466754295,22.045549111267338,134.0,34.036,4.494964190901766
46059,Hand County,SD,Remote rural,26.4,-1.8232451607692794,-2.3386445988739872,-1.3078457226645714,24.57675483923072,235.0,62.04,4.284626127807807
46061,Hanson County,SD,"Rural, near a metro",26.4,-1.765031432432499,-2.302739445438179,-1.2273234194268194,24.6349685675675,242.0,63.88799999999999,4.271376066486647
20017,Chase County,KS,Remote rural,20.3,-1.798620988962926,-2.328425394216011,-1.2688165837098397,18.501379011037073,231.0,46.893,4.154814484504359
20153,Rawlins County,KS,Remote rural,21.5,-1.8304684343204844,-2.0896750369333827,-1.5712618317075873,19.669531565679517,214.0,46.01,3.9172024494458366
20199,Wallace County,KS,Remote rural,23.0,-2.50886925229799,-2.8811867742053616,-2.136551730390617,20.49113074770201,148.0,34.04,3.713126493401025
46055,Haakon County,SD,"Rural, near a metro",23.6,-2.326144536885112,-2.9137901523372562,-1.7384989214329685,21.273855463114888,157.0,37.052,3.652046922909626
48393,Roberts County,TX,Remote rural,29.4,-5.290884023590945,-5.898911416923515,-4.682856630258378,24.109115976409054,68.0,19.991999999999997,3.5978011360418427
20179,Sheridan County,KS,Remote rural,25.7,-1.736285183139391,-2.333427763553341,-1.1391426027254408,23.96371481686061,206.0,52.942,3.5767474772671455
46117,Stanley County,SD,Remote rural,21.7,-2.0241150477534395,-2.491637709150435,-1.5565923863564448,19.67588495224656,175.0,37.975,3.5422013335685194
48311,McMullen County,TX,Remote rural,36.4,-7.997072843631763,-9.898655224742487,-6.09549046252104,28.402927156368236,44.0,16.016,3.5187120511979755
48011,Armstrong County,TX,Metro,22.6,-2.3115207474636206,-3.14545530539805,-1.4775861895291915,20.28847925253638,146.0,32.996,3.374820291296886
20025,Clark County,KS,Remote rural,19.1,-1.830188901279692,-2.060182662893393,-1.6001951396659908,17.26981109872031,173.0,33.043,3.1662267992138666
46063,Harding County,SD,Remote rural,22.7,-2.035171611845802,-2.501036032557457,-1.569307191134146,20.6648283881542,154.0,34.958,3.1341642822425353
20033,Comanche County,KS,Remote rural,18.3,-1.8621155746129592,-2.124996203660667,-1.5992349455652501,16.43788442538704,164.0,30.012000000000004,3.0538695423652533
46049,Faulk County,SD,Remote rural,27.4,-2.06731603363218,-2.4801016900730164,-1.6545303771913429,25.332683966367817,146.0,40.004,3.0182814091029826
46107,Potter County,SD,Remote rural,20.8,-2.075902337305589,-2.9393637680256215,-1.2124409065855568,18.724097662694412,144.0,29.952,2.989299365720048
46097,Miner County,SD,"Rural, near a metro",26.8,-1.8072417486073935,-2.420477670155425,-1.1940058270593608,24.99275825139261,157.0,42.076,2.837369545313608
48269,King County,TX,Remote rural,44.4,-9.842082197088914,-11.211119472941242,-8.473044921236589,34.557917802911085,27.0,11.988,2.6573621932140066
46073,Jerauld County,SD,Remote rural,24.8,-1.650385077728147,-2.0745255730429504,-1.226244582413344,23.149614922271855,137.0,33.976,2.2610275564875613
46069,Hyde County,SD,Remote rural,22.1,-2.160133798525568,-2.5757854617747173,-1.7444821352764188,19.939866201474434,95.0,20.995,2.0521271085992896
48263,Kent County,TX,Remote rural,22.0,-3.184457697543691,-3.597655757792464,-2.771259637294914,18.815542302456308,59.0,12.98,1.8788300415507777
46021,Campbell County,SD,Remote rural,24.7,-2.29108923324096,-2.745295118161391,-1.836883348320528,22.40891076675904,81.0,20.007,1.8557822789251774
46075,Jones County,SD,Remote rural,17.7,-1.9201756590949814,-2.3489620053350153,-1.4913893128549478,15.779824340905018,96.0,16.991999999999997,1.843368632731182
46119,Sully County,SD,Remote rural,30.8,-2.000649719947155,-2.5972912695571346,-1.4040081703371743,28.799350280052845,78.0,24.024,1.5605067815587808
48033,Borden County,TX,"Rural, near a metro",28.6,-2.7314722153985036,-3.3020448670582403,-2.160899563738767,25.868527784601497,49.0,14.014000000000001,1.3384213855452667
48301,Loving County,TX,Remote rural,0.0,-3.113777923967866,-4.286427428947894,-1.9411284189878375,-3.113777923967866,2.0,0.0,0.06227555847935732
