county_fips,county_name,state,analysis_group,expansion_year,rurality,base_year,base_rate,pre_trend,base_rate_138_400,poverty_pct_2013,log_income_2013,pct_nh_black_2013,pct_hispanic_2013,pct_age_65plus_2013,log_pop_2013,rucc_2013,median_income_2013,population_2013,low_income_adults_base,effect_pts,effect_lo,effect_hi,adults_gaining
01001,Autauga County,AL,Not expanded by 2023,,Metro,2023,22.6,-6.5,11.5,13.5,10.856457308668775,18.06,2.49,13.55,10.910112468091466,2.0,51900.0,54727.0,5982.0,-1.712899079691376,-2.4766630914891095,-0.9491350678936427,102.4656229471381
01003,Baldwin County,AL,Not expanded by 2023,,Metro,2023,24.3,-3.5,14.3,14.2,10.769305705774984,9.26,4.39,18.04,12.18016491998899,3.0,47500.0,194885.0,21004.0,-4.608317224188301,-5.288736378143191,-3.9278980702334083,967.9309497685108
01005,Barbour County,AL,Not expanded by 2023,,"Rural, near a metro",2023,22.6,-4.799999999999997,15.4,28.2,10.341129392339514,47.64,4.31,15.97,10.201256085188918,6.0,31000.0,26937.0,3733.0,-6.70259518823957,-7.876100276200855,-5.529090100278287,250.20787837698313
01007,Bibb County,AL,Not expanded by 2023,,Metro,2023,24.7,-3.0,15.6,23.1,10.591144690352435,21.58,2.18,14.29,10.022203486241112,1.0,39800.0,22521.0,2881.0,-6.3948459337873915,-7.565322698504901,-5.224369169069881,184.23551135241473
01009,Blount County,AL,Not expanded by 2023,,Metro,2023,32.1,-2.1000000000000014,17.5,17.2,10.700814552005737,1.5,8.58,16.28,10.961607653402877,1.0,44400.0,57619.0,6499.0,-5.2502069666269415,-5.833610366295659,-4.666803566958224,341.2109507610849
01011,Bullock County,AL,Not expanded by 2023,,"Rural, near a metro",2023,24.6,1.4000000000000021,16.3,35.2,10.163425799678814,69.96,7.27,14.48,9.263786347681808,6.0,25900.0,10549.0,1670.0,-6.082921330062388,-7.002355494116165,-5.16348716600861,101.58478621204188
01013,Butler County,AL,Not expanded by 2023,,"Rural, near a metro",2023,20.6,-7.399999999999999,13.0,28.8,10.34306419027306,43.42,1.25,17.81,9.921130987708723,6.0,31000.0,20356.0,2978.0,-5.1167057236913704,-6.165662829812424,-4.067748617570314,152.37549645152902
01015,Calhoun County,AL,Not expanded by 2023,,Metro,2023,23.0,-6.0,14.4,21.4,10.54265361922956,20.51,3.38,15.57,11.665397593961789,3.0,37900.0,116471.0,15855.0,-5.689541192023375,-6.794848975975049,-4.5842334080716975,902.0767559953061
01017,Chambers County,AL,Not expanded by 2023,,"Rural, near a metro",2023,21.1,-6.199999999999999,12.7,22.5,10.430668692661685,38.84,1.98,17.82,10.438195704765366,6.0,33900.0,34139.0,4856.0,-4.872826025764293,-6.256837240961894,-3.488814810566692,236.62443181111408
01019,Cherokee County,AL,Not expanded by 2023,,"Rural, near a metro",2023,24.9,-2.700000000000003,14.6,20.1,10.531509373135611,4.35,1.63,20.04,10.166505449493199,6.0,37500.0,26017.0,3300.0,-5.225579488434561,-5.630933442044338,-4.820225534824784,172.4441231183405
01021,Chilton County,AL,Not expanded by 2023,,Metro,2023,26.3,-9.2,15.9,20.3,10.629779331688376,9.78,7.55,14.68,10.683454425048634,1.0,41300.0,43628.0,5510.0,-5.098362931938753,-5.628896418475369,-4.5678294454021415,280.91979754982526
01023,Choctaw County,AL,Not expanded by 2023,,Remote rural,2023,22.2,-3.8000000000000007,13.9,22.4,10.42171570981886,42.55,0.72,20.47,9.502786080276985,9.0,33600.0,13397.0,1615.0,-6.37223190279391,-7.102417901889863,-5.642045903697957,102.91154523012163
01025,Clarke County,AL,Not expanded by 2023,,Remote rural,2023,20.0,-8.600000000000001,13.6,25.4,10.451406628439226,43.86,1.25,17.64,10.13153904020292,7.0,34600.0,25123.0,3283.0,-6.316132531927208,-7.143675375100489,-5.488589688753925,207.3586310231702
01027,Clay County,AL,Not expanded by 2023,,Remote rural,2023,23.1,-8.099999999999998,14.3,19.6,10.414633125113038,14.32,3.02,18.68,9.5033084488572,9.0,33300.0,13404.0,1859.0,-5.635262795681344,-6.442330421387169,-4.828195169975519,104.75953537171618
01029,Cleburne County,AL,Not expanded by 2023,,"Rural, near a metro",2023,26.1,-5.399999999999999,15.2,18.9,10.606758316266925,3.29,2.26,17.67,9.614204198717374,8.0,40400.0,14976.0,1901.0,-5.025070208822307,-5.338536148575928,-4.711604269068689,95.52658466971207
01031,Coffee County,AL,Not expanded by 2023,,"Rural, near a metro",2023,25.3,-9.2,14.6,18.5,10.70696786478042,17.06,6.32,15.49,10.833306365889975,4.0,44700.0,50681.0,6442.0,-5.2702233463517985,-6.203272030767668,-4.337174661935929,339.50778797198285
01033,Colbert County,AL,Not expanded by 2023,,Metro,2023,22.9,-1.5,13.8,16.3,10.597434413266638,16.11,2.34,18.25,10.906487949222704,3.0,40000.0,54529.0,6514.0,-5.138488778031339,-6.1928381925113705,-4.0841393635513,334.7211590009614
01035,Conecuh County,AL,Not expanded by 2023,,Remote rural,2023,20.1,-1.0999999999999979,12.2,30.5,10.21082518264635,45.66,1.7,19.95,9.46591239050973,7.0,27200.0,12912.0,1798.0,-3.5281563676068046,-4.645858446529093,-2.4104542886845204,63.436251489570346
01037,Coosa County,AL,Not expanded by 2023,,"Rural, near a metro",2023,22.5,-3.5,12.1,19.9,10.46809088198259,31.54,2.04,19.33,9.328478899993224,8.0,35200.0,11254.0,1182.0,-3.6465264596914966,-4.815548429143599,-2.4775044902393946,43.10194275355349
01039,Covington County,AL,Not expanded by 2023,,"Rural, near a metro",2023,22.0,-3.5,14.2,19.2,10.468431975189615,12.49,1.48,19.41,10.540434683407874,6.0,35200.0,37814.0,5115.0,-5.527999288209715,-6.1293290170135535,-4.9266695594058785,282.75716359192694
01041,Crenshaw County,AL,Not expanded by 2023,,"Rural, near a metro",2023,23.4,-3.700000000000003,14.8,22.2,10.43719928008882,23.77,1.53,17.52,9.535823881654714,8.0,34100.0,13847.0,1949.0,-6.2056650666862145,-7.208496342930215,-5.202833790442209,120.94841214971433
01043,Cullman County,AL,Not expanded by 2023,,"Rural, near a metro",2023,27.3,-4.800000000000001,16.5,16.4,10.600178446719438,1.08,4.14,17.21,11.298369930842552,4.0,40100.0,80690.0,10267.0,-5.035427109872975,-5.574214603650679,-4.496639616095267,516.9873013706583
01045,Dale County,AL,Not expanded by 2023,,"Rural, near a metro",2023,24.4,-7.700000000000003,15.1,20.1,10.640771228584159,19.09,5.66,14.9,10.815187764075905,4.0,41800.0,49771.0,7212.0,-5.4990917224523965,-6.431217418765757,-4.566966026139032,396.5944950232668
01047,Dallas County,AL,Not expanded by 2023,,"Rural, near a metro",2023,16.2,-5.5,10.9,31.3,10.22281363032237,69.59,0.94,15.37,10.644853305366548,4.0,27500.0,41976.0,7025.0,-2.732858549417768,-4.142189790621602,-1.3235273082139338,191.9833130965982
01049,DeKalb County,AL,Not expanded by 2023,,"Rural, near a metro",2023,31.5,-11.0,18.8,20.0,10.510886194753596,1.47,13.95,15.16,11.1691949506669,6.0,36700.0,70912.0,11144.0,-5.768544752391544,-6.91391632477671,-4.623173180006379,642.8466272065136
01051,Elmore County,AL,Not expanded by 2023,,Metro,2023,24.5,-6.100000000000001,12.6,13.4,10.852245474547784,20.62,2.81,13.38,11.29645956840926,2.0,51600.0,80536.0,8133.0,-2.940326746881651,-4.162447680604458,-1.7182058131588445,239.13677432388468
01053,Escambia County,AL,Not expanded by 2023,,"Rural, near a metro",2023,19.6,-8.2,14.7,27.8,10.417956531216918,31.92,2.05,16.24,10.539138026747548,6.0,33500.0,37765.0,5537.0,-6.589072684826798,-7.524253604834558,-5.653891764819042,364.8369545588598
01055,Etowah County,AL,Not expanded by 2023,,Metro,2023,24.0,-7.300000000000001,14.4,19.6,10.560670711162487,15.22,3.54,16.95,11.551030171003774,3.0,38600.0,103884.0,13981.0,-5.489019396823991,-5.959021500111728,-5.019017293536253,767.4198018699623
01057,Fayette County,AL,Not expanded by 2023,,"Rural, near a metro",2023,21.7,-7.600000000000001,13.3,20.7,10.481812933648735,11.19,1.58,18.92,9.730561717382535,6.0,35700.0,16824.0,2215.0,-4.646351536019109,-5.302458437424957,-3.990244634613265,102.91668652282327
01059,Franklin County,AL,Not expanded by 2023,,"Rural, near a metro",2023,26.8,-8.900000000000002,15.6,23.1,10.414273175502098,3.83,15.7,15.81,10.359423950612095,6.0,33300.0,31553.0,4527.0,-4.753288742704754,-5.193712474256567,-4.312865011152945,215.1813813822442
01061,Geneva County,AL,Not expanded by 2023,,Metro,2023,25.3,-4.699999999999999,15.7,23.6,10.473845437003453,9.49,3.58,18.42,10.191557049929173,3.0,35400.0,26677.0,4303.0,-5.558619854178837,-6.2295560667771035,-4.887683641580572,239.18741232531536
01063,Greene County,AL,Not expanded by 2023,,"Rural, near a metro",2023,16.9,-5.400000000000002,9.3,35.0,10.160607319405269,80.77,1.02,17.75,9.076580381796658,8.0,25900.0,8748.0,1527.0,-2.8105426298976135,-4.203023112138924,-1.4180621476563031,42.91698595853656
01065,Hale County,AL,Not expanded by 2023,,Metro,2023,20.8,-2.8999999999999986,13.0,25.7,10.422192056250804,58.12,1.14,16.73,9.632072452548218,3.0,33600.0,15246.0,2418.0,-5.132039165046789,-6.272926085516605,-3.9911522445769734,124.09270701083138
01067,Henry County,AL,Not expanded by 2023,,Metro,2023,25.5,-2.0,15.5,18.2,10.635615032736958,27.3,2.48,19.79,9.748528212497986,3.0,41600.0,17129.0,2125.0,-6.334467318144096,-7.158101567243685,-5.5108330690445015,134.60743051056204
01069,Houston County,AL,Not expanded by 2023,,Metro,2023,23.5,-7.899999999999999,15.3,18.1,10.58749307517879,26.16,3.12,15.66,11.548707580609868,3.0,39600.0,103643.0,14299.0,-6.025559377362855,-7.029514210408172,-5.021604544317537,861.5947353691147
01071,Jackson County,AL,Not expanded by 2023,,"Rural, near a metro",2023,23.6,-3.3999999999999986,15.6,16.9,10.524171561362358,3.24,2.69,17.98,10.877235542480735,6.0,37200.0,52957.0,7852.0,-5.259031511751111,-5.7482920378204705,-4.769770985681748,412.93915430269726
01073,Jefferson County,AL,Not expanded by 2023,,Metro,2023,25.0,-2.0,15.0,18.9,10.714950959914116,42.6,3.68,13.92,13.39888085708524,1.0,45000.0,659265.0,73164.0,-5.157201899073009,-6.212374303178793,-4.102029494967216,3773.215197437776
01075,Lamar County,AL,Not expanded by 2023,,"Rural, near a metro",2023,21.7,-4.300000000000001,12.7,23.0,10.504382373390987,10.85,1.45,20.06,9.561841957140917,8.0,36500.0,14212.0,1826.0,-4.209346845102105,-5.191904499771734,-3.226789190432474,76.86267339156444
01077,Lauderdale County,AL,Not expanded by 2023,,Metro,2023,22.5,-4.5,12.7,17.1,10.682491276855757,9.97,2.32,17.91,11.437134538982278,3.0,43600.0,92701.0,10896.0,-3.1230181371565147,-4.0006409528925175,-2.245395321420512,340.2840562245738
01079,Lawrence County,AL,Not expanded by 2023,,Metro,2023,22.6,-8.799999999999997,16.1,17.4,10.61430273074948,11.2,2.07,16.37,10.421537021391439,3.0,40700.0,33575.0,4071.0,-5.523865998517863,-5.9742892773923515,-5.073442719643374,224.8765847996622
01081,Lee County,AL,Not expanded by 2023,,Metro,2023,23.3,-2.8000000000000007,12.3,19.8,10.706542394797626,22.9,3.69,9.97,11.93037843072372,3.0,44600.0,151809.0,27471.0,-2.815984114131539,-4.210411638705622,-1.421556589557456,773.5789959930751
01083,Limestone County,AL,Not expanded by 2023,,Metro,2023,24.5,-12.5,13.2,15.9,10.822733912235917,12.92,5.54,13.48,11.3954473828108,2.0,50100.0,88916.0,8817.0,-4.43750308906239,-5.961012172637579,-2.913994005487201,391.2546473626309
01085,Lowndes County,AL,Not expanded by 2023,,Metro,2023,19.8,-4.699999999999999,10.8,37.0,10.300046451173296,73.48,1.28,16.34,9.274347501950475,2.0,29700.0,10661.0,1609.0,-2.8347699749205395,-4.362279330381832,-1.307260619459247,45.61144889647148
01087,Macon County,AL,Not expanded by 2023,,"Rural, near a metro",2023,19.8,-4.899999999999999,11.6,33.8,10.282882432911109,81.8,1.4,16.25,9.904537001671699,6.0,29200.0,20021.0,3031.0,-2.9750589677653805,-4.155770111075572,-1.7943478244551885,90.17403731296868
01089,Madison County,AL,Not expanded by 2023,,Metro,2023,25.2,-6.900000000000002,13.5,13.9,10.972636701053597,24.03,4.6,13.24,12.755998782918079,2.0,58300.0,346625.0,34992.0,-4.174568684854835,-4.763244813097854,-3.5858925566118174,1460.7650742044038
01091,Marengo County,AL,Not expanded by 2023,,Remote rural,2023,18.0,-5.0,10.8,31.5,10.42670606623208,50.91,2.35,17.87,9.909419921189237,7.0,33700.0,20119.0,2716.0,-2.882378236857035,-4.307366468328873,-1.457390005385199,78.28539291303707
01093,Marion County,AL,Not expanded by 2023,,Remote rural,2023,23.0,-2.1000000000000014,14.4,20.8,10.438869194198006,3.84,2.43,19.75,10.316391589741292,7.0,34200.0,30224.0,4221.0,-5.1946888090132965,-5.5699364354599945,-4.819441182566599,219.26781462845125
01095,Marshall County,AL,Not expanded by 2023,,"Rural, near a metro",2023,26.7,-11.7,14.7,18.1,10.555786696570062,1.79,12.82,15.8,11.454830141779516,4.0,38400.0,94356.0,12975.0,-4.87632857319006,-5.6306295053291215,-4.122027641050993,632.7036323714103
01097,Mobile County,AL,Not expanded by 2023,,Metro,2023,23.0,-2.3999999999999986,15.4,20.3,10.652022135175631,35.09,2.62,14.15,12.933423165556617,2.0,42300.0,413918.0,53162.0,-5.354665202303419,-6.581153997733397,-4.128176406873443,2846.647114848544
01099,Monroe County,AL,Not expanded by 2023,,Remote rural,2023,20.4,-6.800000000000001,13.1,29.7,10.395008025244113,41.23,1.18,17.42,10.006495302610357,7.0,32700.0,22170.0,3043.0,-5.1388974779739005,-6.256473993506248,-4.021320962441553,156.37665025474578
01101,Montgomery County,AL,Not expanded by 2023,,Metro,2023,24.4,-3.0,14.1,22.1,10.692240323807754,56.34,3.29,12.9,12.33793389424047,2.0,44000.0,228190.0,29971.0,-5.763163640245842,-7.1209523023994405,-4.405374978092244,1727.2777746180811
01103,Morgan County,AL,Not expanded by 2023,,Metro,2023,29.0,-8.0,16.7,17.4,10.693738757544056,12.02,7.67,15.47,11.691665616180485,3.0,44100.0,119571.0,12999.0,-4.978025804279749,-5.410999596397601,-4.545052012161897,647.0935742983246
01105,Perry County,AL,Not expanded by 2023,,"Rural, near a metro",2023,16.6,-5.699999999999999,9.5,36.4,10.144903148637786,68.05,1.47,17.49,9.21024036697585,8.0,25500.0,9999.0,1620.0,-2.826865409087392,-4.202433288146042,-1.4512975300287423,45.79521962721575
01107,Pickens County,AL,Not expanded by 2023,,Metro,2023,20.9,-5.900000000000002,11.6,23.8,10.383255851836775,40.98,2.2,17.85,9.867860374892977,3.0,32300.0,19300.0,2551.0,-3.2615415345228578,-4.457430072609335,-2.0656529964363832,83.2019245456781
01109,Pike County,AL,Not expanded by 2023,,"Rural, near a metro",2023,21.3,-4.599999999999998,12.0,25.3,10.489717450749996,37.03,2.19,13.51,10.425698121168683,6.0,35900.0,33715.0,6098.0,-3.4660408820900566,-5.154579058251605,-1.7775027059285113,211.35917298985166
01111,Randolph County,AL,Not expanded by 2023,,"Rural, near a metro",2023,24.0,-3.1999999999999993,15.4,23.4,10.466554521147781,19.82,2.95,18.63,10.023357298386513,6.0,35100.0,22547.0,3070.0,-6.194324834252999,-6.90461589160915,-5.484033776896845,190.16577241156708
01113,Russell County,AL,Not expanded by 2023,,Metro,2023,21.4,-3.200000000000003,13.4,23.9,10.48464115613515,41.54,4.76,12.26,10.98781496309287,2.0,35800.0,59149.0,9152.0,-5.530957940104887,-7.015101373960956,-4.046814506248822,506.1932706783993
01115,St. Clair County,AL,Not expanded by 2023,,Metro,2023,24.3,-7.399999999999999,12.8,14.0,10.867367728003197,8.94,2.19,14.55,11.359890828801166,1.0,52400.0,85810.0,8080.0,-2.870759584503891,-3.9918619967927578,-1.7496571722150263,231.9573744279144
01117,Shelby County,AL,Not expanded by 2023,,Metro,2023,27.0,-8.5,12.3,8.3,11.13776645262577,11.41,5.85,12.42,12.22606643102505,1.0,68700.0,204039.0,13805.0,-2.6117192018038726,-3.4927594034696723,-1.730679000138073,360.54783580902466
01119,Sumter County,AL,Not expanded by 2023,,"Rural, near a metro",2023,18.5,-3.8000000000000007,10.4,38.0,10.10659164851261,72.81,0.96,15.48,9.502562124469996,8.0,24500.0,13394.0,2382.0,-2.78662723949689,-4.286652071578491,-1.28660240741529,66.37746084481593
01121,Talladega County,AL,Not expanded by 2023,,"Rural, near a metro",2023,19.7,-4.5,12.4,19.8,10.558543381973351,32.11,2.16,15.64,11.309314896758332,4.0,38500.0,81578.0,11230.0,-3.5851576614286844,-4.8514361538520765,-2.3188791690052923,402.6132053784413
01123,Tallapoosa County,AL,Not expanded by 2023,,"Rural, near a metro",2023,20.7,-7.600000000000001,13.9,22.2,10.538661281320572,26.79,2.46,18.86,10.622010039427302,6.0,37700.0,41028.0,4888.0,-5.890879355869107,-6.692569108460755,-5.089189603277457,287.94618291488194
01125,Tuscaloosa County,AL,Not expanded by 2023,,Metro,2023,20.6,-3.6999999999999993,11.4,17.2,10.735504973675503,30.47,3.25,11.47,12.211478010188724,3.0,46000.0,201084.0,28989.0,-1.986371063297931,-3.0980916342708174,-0.8746504923250451,575.8291075394372
01127,Walker County,AL,Not expanded by 2023,,Metro,2023,23.8,-0.3999999999999986,15.1,22.0,10.523875850511647,5.96,2.16,17.52,11.09402551213569,1.0,37200.0,65777.0,8127.0,-5.027207164281413,-5.57113011349661,-4.48328421506622,408.5611262411504
01129,Washington County,AL,Not expanded by 2023,,"Rural, near a metro",2023,18.1,-15.699999999999996,10.7,19.7,10.624128297404996,24.4,1.24,16.57,9.73489137036065,8.0,41100.0,16897.0,1774.0,-4.305764278666813,-5.896166663561262,-2.7153618937723643,76.38425830354927
01131,Wilcox County,AL,Not expanded by 2023,,Remote rural,2023,18.6,-3.799999999999997,12.9,32.4,10.051217664560463,71.36,0.88,16.83,9.31874624581997,9.0,23200.0,11145.0,1906.0,-4.729454268443335,-5.928323912467563,-3.530584624419105,90.14339835652996
01133,Winston County,AL,Not expanded by 2023,,"Rural, near a metro",2023,23.6,-4.599999999999998,15.2,21.9,10.421626369596343,0.64,2.82,19.67,10.093653263353131,6.0,33600.0,24189.0,3262.0,-4.350798444647321,-4.711156801511321,-3.9904400877833206,141.92304526439563
02013,Aleutians East Borough,AK,Expanded 2015-2017,2016.0,Remote rural,2015,62.7,-10.799999999999997,43.6,15.2,10.94827703450673,8.47,12.89,7.51,8.114623886420098,9.0,56900.0,3343.0,722.0,-6.433428391892484,-9.029130950038637,-3.837725833746336,46.44935298946374
02016,Aleutians West Census Area,AK,Expanded 2015-2017,2016.0,Remote rural,2015,44.7,-10.5,31.7,8.1,11.213008854850106,6.82,13.52,4.62,8.661639795781266,9.0,74100.0,5777.0,841.0,-6.540117388675333,-8.883020173614401,-4.197214603736265,55.00238723875955
02020,Anchorage Borough,AK,Expanded 2015-2017,2016.0,Metro,2015,32.4,-12.600000000000001,23.2,7.7,11.243240469220103,5.43,8.51,8.45,12.615337193284216,2.0,76400.0,301142.0,22886.0,-5.724366691006923,-6.793807649571252,-4.654925732442595,1310.0785609038444
02050,Bethel Census Area,AK,Expanded 2015-2017,2016.0,Remote rural,2015,37.7,-5.099999999999994,35.0,25.1,10.66606750781141,0.62,1.85,6.35,9.78987082574916,7.0,42900.0,17852.0,3742.0,-8.162795621939528,-9.201319292923161,-7.124271950955899,305.45181217297716
02060,Bristol Bay Borough,AK,Expanded 2015-2017,2016.0,Remote rural,2015,37.8,-8.300000000000004,32.0,9.5,11.086486944464403,0.0,4.21,9.67,6.85751406254539,9.0,65300.0,951.0,90.0,-7.434615415905848,-9.106026315941541,-5.763204515870151,6.691153874315264
02068,Denali Borough,AK,Expanded 2015-2017,2016.0,"Rural, near a metro",2015,51.3,-9.600000000000001,30.0,5.4,11.12877654403074,1.13,3.14,8.49,7.57198844937744,8.0,68100.0,1943.0,150.0,-7.357139554436062,-9.20107609687221,-5.513203011999897,11.035709331654092
02070,Dillingham Census Area,AK,Expanded 2015-2017,2016.0,Remote rural,2015,37.7,-8.299999999999997,32.0,20.9,10.777496892153676,0.52,2.47,7.73,8.512783482927537,9.0,47900.0,4978.0,869.0,-7.950150535729985,-9.079569239273706,-6.820731832186255,69.08680815549356
02090,Fairbanks North Star Borough,AK,Expanded 2015-2017,2016.0,Metro,2015,31.6,-12.0,22.7,8.8,11.115488048549294,4.67,7.29,7.64,11.52221220936196,3.0,67200.0,100933.0,8516.0,-5.916346958614167,-6.7713194437494835,-5.0613744734788515,503.83610699558244
02100,Haines Borough,AK,Expanded 2015-2017,2016.0,Remote rural,2015,43.4,-13.300000000000004,28.0,11.4,10.92043776750946,0.47,2.78,16.65,7.846980982138788,9.0,55300.0,2558.0,274.0,-10.18829115168126,-11.41130405689192,-8.965278246470602,27.915917755606657
02105,Hoonah-Angoon Census Area,AK,Expanded 2015-2017,2016.0,Remote rural,2015,41.6,-15.699999999999996,31.3,19.2,10.651974828129237,0.52,4.63,16.87,7.65728279297819,9.0,42300.0,2116.0,298.0,-9.913826422632383,-12.052626545896317,-7.775026299368456,29.5432027394445
02110,Juneau Borough,AK,Expanded 2015-2017,2016.0,Remote rural,2015,37.5,-9.899999999999999,25.1,7.5,11.334301065260508,1.18,5.89,9.98,10.391883501335935,5.0,83600.0,32594.0,2182.0,-7.1829686687538095,-8.441449331308691,-5.924488006198928,156.73237635220812
02122,Kenai Peninsula Borough,AK,Expanded 2015-2017,2016.0,Remote rural,2015,37.7,-12.5,27.6,10.1,11.028887817960621,0.63,3.64,13.36,10.951052130693586,7.0,61600.0,57014.0,5323.0,-8.295852854467869,-9.696572112200421,-6.895133596735318,441.5882474433247
02130,Ketchikan Gateway Borough,AK,Expanded 2015-2017,2016.0,Remote rural,2015,38.0,-11.0,27.7,10.3,11.044824025414016,0.71,4.78,11.92,9.526755663250837,7.0,62600.0,13722.0,1405.0,-8.144066623700603,-9.25555838404155,-7.032574863359649,114.42413606299345
02150,Kodiak Island Borough,AK,Expanded 2015-2017,2016.0,Remote rural,2015,44.2,-11.799999999999997,30.4,8.5,11.078783065975195,1.01,8.08,7.91,9.553433499191511,7.0,64800.0,14093.0,1367.0,-7.951625990664964,-10.474540789862047,-5.428711191467883,108.69872729239005
02158,Kusilvak Census Area,AK,Expanded 2015-2017,2016.0,Remote rural,2015,35.8,-9.200000000000003,33.0,34.7,10.350542360403455,0.24,1.18,5.14,8.983941527941301,9.0,31300.0,7974.0,2059.0,-7.567647819144016,-8.833184868926692,-6.302110769361346,155.8178685961753
02164,Lake and Peninsula Borough,AK,Expanded 2015-2017,2016.0,Remote rural,2015,44.6,-5.399999999999999,40.1,17.3,10.690489308567697,0.72,3.0,9.12,7.418780882750794,9.0,43900.0,1667.0,298.0,-8.618088988232465,-10.402614251795985,-6.833563724668953,25.68190518493275
02170,Matanuska-Susitna Borough,AK,Expanded 2015-2017,2016.0,Metro,2015,39.0,-7.799999999999997,26.6,9.4,11.189560945645045,1.09,4.34,9.07,11.470852688548321,2.0,72400.0,95880.0,8534.0,-7.671637685343315,-8.914949308379281,-6.428326062307352,654.6975600671984
02180,Nome Census Area,AK,Expanded 2015-2017,2016.0,Remote rural,2015,38.5,-3.299999999999997,34.9,26.3,10.746583741107225,0.55,2.0,6.69,9.195429759240428,7.0,46500.0,9852.0,1773.0,-8.222933950626198,-9.14934240221377,-7.296525499038624,145.79261894460248
02185,North Slope Borough,AK,Expanded 2015-2017,2016.0,Remote rural,2015,42.5,-3.700000000000003,31.3,13.3,11.214168963436867,1.13,3.71,5.08,9.189321004752108,7.0,74200.0,9792.0,1107.0,-7.965309445232297,-10.107331367238885,-5.82328752322571,88.17597555872152
02188,Northwest Arctic Borough,AK,Expanded 2015-2017,2016.0,Remote rural,2015,43.0,-5.600000000000001,38.7,23.3,10.907789161732996,0.69,1.83,6.61,8.952217101765946,7.0,54600.0,7725.0,1352.0,-8.620629829794764,-10.013856909816063,-7.227402749773439,116.5509152988252
02220,Sitka Borough,AK,Expanded 2015-2017,2016.0,Remote rural,2015,42.0,-10.600000000000001,30.6,9.8,11.097985612899521,0.79,5.93,12.4,9.101975347298058,7.0,66000.0,8973.0,776.0,-8.825463221603165,-11.197670120619845,-6.453256322586485,68.48559459964056
02230,Skagway Municipality,AK,Expanded 2015-2017,2016.0,Remote rural,2015,38.2,-21.4,22.5,4.2,11.065544013760773,0.88,3.8,12.18,6.933423025730715,9.0,63900.0,1026.0,110.0,-8.334014051864758,-8.934569068491816,-7.733459035237702,9.167415457051234
02240,Southeast Fairbanks Census Area,AK,Expanded 2015-2017,2016.0,Remote rural,2015,42.9,-12.0,29.4,16.1,10.91366927582481,1.52,4.68,11.15,8.851663425366777,9.0,54900.0,6986.0,783.0,-8.929296288008072,-10.934407992057052,-6.9241845839590885,69.9163899351032
02282,Yakutat Borough,AK,Expanded 2015-2017,2016.0,Remote rural,2015,52.6,-6.199999999999996,42.8,16.7,10.939603677478631,1.84,3.99,13.21,6.478509642208569,9.0,56400.0,651.0,95.0,-8.225399717248738,-9.584117970024586,-6.866681464472894,7.814129731386301
02290,Yukon-Koyukuk Census Area,AK,Expanded 2015-2017,2016.0,Remote rural,2015,47.1,-7.199999999999996,39.6,24.4,10.466355190329153,0.36,1.65,11.29,8.623353387244627,9.0,35100.0,5560.0,969.0,-10.240191434897106,-10.95803612819623,-9.522346741597968,99.22745500415296
04001,Apache County,AZ,Expanded 2014,2014.0,"Rural, near a metro",2013,34.8,5.599999999999998,26.7,38.7,10.31731757697592,0.37,5.94,12.84,11.188883649550926,6.0,30300.0,72322.0,17640.0,-5.9939606898687074,-8.74740330853473,-3.2405180712026738,1057.33466569284
04003,Cochise County,AZ,Expanded 2014,2014.0,Metro,2013,36.0,0.6000000000000014,20.3,18.8,10.72092985236768,3.81,34.41,18.91,11.772038295404206,3.0,45300.0,129578.0,18013.0,-7.605466249943092,-8.967820816523707,-6.243111683362477,1369.9726356022493
04005,Coconino County,AZ,Expanded 2014,2014.0,Metro,2013,36.2,-0.3999999999999986,26.4,23.2,10.794091177474298,1.19,13.68,10.15,11.82553670739633,3.0,48700.0,136699.0,25066.0,-6.587048353409783,-8.07946477983571,-5.094631926983856,1651.109540265696
04007,Gila County,AZ,Expanded 2014,2014.0,"Rural, near a metro",2013,33.8,1.0,22.4,22.6,10.593329276087347,0.54,18.43,25.73,10.878141527707198,4.0,39900.0,53005.0,8292.0,-7.360356282554083,-8.897556504056148,-5.823156061052016,610.3207429493846
04009,Graham County,AZ,Expanded 2014,2014.0,Remote rural,2013,32.5,0.6000000000000014,20.8,21.6,10.680447249181304,1.59,31.8,12.21,10.530307947299276,7.0,43500.0,37433.0,5716.0,-6.66157864992696,-7.915232924680559,-5.4079243751733586,380.775835629825
04011,Greenlee County,AZ,Expanded 2014,2014.0,Remote rural,2013,26.7,-2.5,13.1,11.6,10.909125265086246,1.39,46.86,11.83,9.095602694505759,7.0,54700.0,8916.0,1224.0,-4.965657578626377,-6.6933144810758005,-3.238000676176955,60.779648762386856
04012,La Paz County,AZ,Expanded 2014,2014.0,"Rural, near a metro",2013,45.3,4.699999999999996,28.9,23.2,10.433939317437297,0.74,25.56,35.64,9.929252760422154,6.0,34000.0,20522.0,3175.0,-9.95505218599455,-12.550320179760368,-7.359784192228753,316.07290690532693
04013,Maricopa County,AZ,Expanded 2014,2014.0,Metro,2013,44.0,1.7999999999999972,26.1,17.6,10.860267423540328,4.94,30.08,13.33,15.206225882209532,1.0,52100.0,4017723.0,555381.0,-7.331717129186362,-9.004590386889523,-5.6588438714832145,40718.96390924651
04015,Mohave County,AZ,Expanded 2014,2014.0,Metro,2013,38.0,3.0,24.5,21.3,10.559970748724481,1.0,15.38,26.17,12.221581755130943,3.0,38600.0,203126.0,32288.0,-7.003370377775076,-8.854507714212222,-5.152233041337951,2261.2482275760167
04017,Navajo County,AZ,Expanded 2014,2014.0,"Rural, near a metro",2013,33.7,4.5000000000000036,27.3,31.8,10.523580052190162,0.85,10.94,14.98,11.581845000434827,4.0,37200.0,107135.0,22562.0,-6.455141571544524,-8.589689872220736,-4.320593270868314,1456.4090413718757
04019,Pima County,AZ,Expanded 2014,2014.0,Metro,2013,36.7,1.6000000000000014,23.1,19.3,10.690261678874698,3.32,35.79,16.98,13.812633422977997,2.0,43900.0,997127.0,160698.0,-6.381783134217992,-8.039470837503979,-4.724095430932005,10255.397861025627
04021,Pinal County,AZ,Expanded 2014,2014.0,Metro,2013,39.7,4.0,23.2,16.7,10.817515726756024,4.16,29.18,17.17,12.862031845535341,1.0,49900.0,385398.0,46134.0,-7.134324640274035,-8.067503663716924,-6.2011456168311545,3291.3493295440235
04023,Santa Cruz County,AZ,Expanded 2014,2014.0,"Rural, near a metro",2013,43.5,2.5,27.2,22.7,10.484389460685312,0.27,83.27,15.05,10.75660416538601,4.0,35800.0,46939.0,8750.0,-10.342457635943763,-12.06919010656988,-8.615725165317642,904.9650431450793
04025,Yavapai County,AZ,Expanded 2014,2014.0,Metro,2013,41.5,5.299999999999997,25.2,16.4,10.608711514321522,0.63,13.99,27.1,12.27569665114341,3.0,40500.0,214421.0,30106.0,-7.962173953453651,-10.623933382443262,-5.300414524464044,2397.092090426756
04027,Yuma County,AZ,Expanded 2014,2014.0,Metro,2013,42.9,-0.10000000000000142,27.0,19.2,10.609007869159214,1.81,61.77,16.78,12.218100025742892,3.0,40500.0,202420.0,33914.0,-9.239218674670333,-11.265454676588302,-7.212982672752364,3133.3886213276965
05001,Arkansas County,AR,Expanded 2014,2014.0,"Rural, near a metro",2013,40.2,-3.8999999999999986,21.9,19.8,10.558335595161871,24.35,2.88,16.89,9.839215662515988,6.0,38500.0,18755.0,2903.0,-11.162596137240946,-12.323634656333915,-10.001557618147977,324.05016586410466
05003,Ashley County,AR,Expanded 2014,2014.0,Remote rural,2013,39.7,-5.599999999999994,20.5,21.9,10.504492031531843,25.58,5.12,17.85,9.96542895407631,7.0,36500.0,21278.0,3348.0,-10.598520432708284,-11.485531658524359,-9.711509206892213,354.83846408707336
05005,Baxter County,AR,Expanded 2014,2014.0,Remote rural,2013,40.6,-8.5,21.3,15.6,10.493549405012748,0.25,1.94,29.71,10.620912625555597,7.0,36100.0,40983.0,5768.0,-10.843381656495083,-12.03147491096174,-9.655288402028424,625.4462539466364
05007,Benton County,AR,Expanded 2014,2014.0,Metro,2013,51.1,-3.5,26.0,11.7,10.9423144504682,1.49,15.93,12.7,12.386145843324924,2.0,56500.0,239461.0,26916.0,-7.863496279040266,-9.065614257096087,-6.661378300984435,2116.538658466478
05009,Boone County,AR,Expanded 2014,2014.0,Remote rural,2013,40.6,-8.299999999999997,21.7,17.2,10.556073121339951,0.29,2.19,19.05,10.527498994261212,7.0,38400.0,37328.0,5494.0,-11.39743534257088,-11.97698681691069,-10.81788386823107,626.1750977208442
05011,Bradley County,AR,Expanded 2014,2014.0,Remote rural,2013,49.1,-4.100000000000001,26.7,27.0,10.365112427854497,27.45,13.91,18.12,9.316500567804573,7.0,31700.0,11120.0,2164.0,-8.89352804246295,-11.80629096551881,-5.980765119407083,192.45594683889826
05013,Calhoun County,AR,Expanded 2014,2014.0,Remote rural,2013,42.4,-6.100000000000001,21.3,18.9,10.532016208758332,21.34,3.76,19.18,8.554874258383926,9.0,37500.0,5192.0,781.0,-11.100444653661032,-12.580803301554361,-9.620086005767703,86.69447274509265
05015,Carroll County,AR,Expanded 2014,2014.0,"Rural, near a metro",2013,49.5,-8.799999999999997,29.4,22.2,10.437316558067081,0.36,14.24,20.37,10.232467506256102,6.0,34100.0,27791.0,4745.0,-10.35735879326004,-11.150555739230608,-9.564161847289473,491.45667474018893
05017,Chicot County,AR,Expanded 2014,2014.0,Remote rural,2013,39.6,-0.5,23.6,32.4,10.240174051915723,54.04,5.03,18.82,9.338029733117072,7.0,28000.0,11362.0,2283.0,-9.975001845498332,-11.159250648417244,-8.790753042579428,227.7292921327269
05019,Clark County,AR,Expanded 2014,2014.0,Remote rural,2013,36.9,-7.100000000000001,19.7,22.7,10.505533184565781,23.97,4.35,15.4,10.024908407740467,7.0,36500.0,22582.0,3782.0,-8.455200431118834,-9.549852197476522,-7.3605486647611515,319.7756803049143
05021,Clay County,AR,Expanded 2014,2014.0,Remote rural,2013,42.2,-3.3999999999999986,23.2,20.0,10.418942444685781,0.56,1.72,20.74,9.647562511697538,7.0,33500.0,15484.0,2522.0,-11.584533755482848,-12.831332866644015,-10.337734644321682,292.16194131327745
05023,Cleburne County,AR,Expanded 2014,2014.0,"Rural, near a metro",2013,46.3,-5.700000000000003,23.6,16.3,10.636143866190785,0.39,2.37,24.71,10.151323716440709,6.0,41600.0,25625.0,3477.0,-11.275296311456113,-12.03736413384735,-10.513228489064874,392.04205274932906
05025,Cleveland County,AR,Expanded 2014,2014.0,Metro,2013,43.3,-5.300000000000004,21.5,17.0,10.65523377539901,11.67,2.03,18.26,9.049584593096789,3.0,42400.0,8515.0,1183.0,-11.565823143718013,-13.077290253545794,-10.054356033890235,136.8236877901841
05027,Columbia County,AR,Expanded 2014,2014.0,Remote rural,2013,41.0,-2.200000000000003,21.1,23.2,10.516698269778406,35.86,2.43,16.17,10.097572976250325,7.0,36900.0,24284.0,4239.0,-11.767463239808222,-12.797789727834683,-10.737136751781762,498.8227667354705
05029,Conway County,AR,Expanded 2014,2014.0,"Rural, near a metro",2013,41.8,-4.400000000000006,21.6,21.1,10.549149966524329,11.21,3.65,17.89,9.956459437302234,6.0,38100.0,21088.0,3547.0,-11.466959395786887,-12.7469278225579,-10.186990969015877,406.7330497685609
05031,Craighead County,AR,Expanded 2014,2014.0,Metro,2013,41.9,-7.100000000000001,24.1,20.0,10.636047735452909,13.85,4.65,12.69,11.529320331655915,3.0,41600.0,101653.0,17118.0,-10.730209555120686,-11.331538164373379,-10.128880945867994,1836.797271645559
05033,Crawford County,AR,Expanded 2014,2014.0,Metro,2013,46.1,-5.899999999999999,24.6,19.2,10.581114921438036,1.21,6.79,14.8,11.02950422078315,2.0,39400.0,61667.0,9678.0,-10.55958394522427,-11.456878354778151,-9.662289535670382,1021.9565342188048
05035,Crittenden County,AR,Expanded 2014,2014.0,Metro,2013,34.4,-5.800000000000004,20.7,23.6,10.53810479090567,51.6,2.24,11.94,10.81454461261167,1.0,37700.0,49739.0,9325.0,-6.586258843784117,-7.298596806172198,-5.873920881396033,614.1686371828689
05037,Cross County,AR,Expanded 2014,2014.0,"Rural, near a metro",2013,37.0,-7.700000000000003,20.5,20.6,10.475539969718014,22.69,1.76,17.07,9.771155440487087,6.0,35400.0,17521.0,2917.0,-9.211898109533596,-10.37600955287574,-8.047786666191458,268.711067855095
05039,Dallas County,AR,Expanded 2014,2014.0,"Rural, near a metro",2013,39.3,-3.9000000000000057,19.9,21.4,10.39179145561983,41.69,3.04,19.35,8.973604867142505,6.0,32600.0,7892.0,1332.0,-10.775044489762477,-11.760563693283887,-9.789525286241071,143.5235926036362
05041,Desha County,AR,Expanded 2014,2014.0,"Rural, near a metro",2013,37.9,-6.899999999999999,21.8,34.0,10.316953898529778,47.3,4.96,16.69,9.433643910491758,6.0,30200.0,12502.0,2467.0,-9.146500047170752,-10.059419118554567,-8.233580975786937,225.64415616370246
05043,Drew County,AR,Expanded 2014,2014.0,"Rural, near a metro",2013,36.6,-5.899999999999999,19.9,24.8,10.470192439043686,27.86,2.94,15.74,9.835529859352901,6.0,35200.0,18686.0,3659.0,-8.43776638551117,-9.928432560050682,-6.947100210971653,308.7378720458537
05045,Faulkner County,AR,Expanded 2014,2014.0,Metro,2013,39.6,-3.299999999999997,20.9,14.9,10.81849746451056,10.93,3.96,10.86,11.688356671059429,2.0,49900.0,119176.0,17097.0,-9.044815890566193,-10.317000388969861,-7.772631392162529,1546.392172810102
05047,Franklin County,AR,Expanded 2014,2014.0,"Rural, near a metro",2013,42.3,-4.200000000000003,21.2,20.7,10.568080925678013,0.84,2.83,17.62,9.793393629739054,6.0,38900.0,17915.0,3012.0,-11.859946732126145,-12.802092412171458,-10.917801052080826,357.22159557163945
05049,Fulton County,AR,Expanded 2014,2014.0,Remote rural,2013,44.4,-4.0,23.5,22.9,10.417478162445276,0.39,1.17,24.26,9.406729185981574,9.0,33400.0,12170.0,2040.0,-11.089968322969982,-12.409852335571886,-9.770084310368071,226.23535378858764
05051,Garland County,AR,Expanded 2014,2014.0,Metro,2013,45.2,-6.799999999999997,25.5,22.1,10.572777396565506,8.18,5.16,21.87,11.489185898087488,3.0,39100.0,97654.0,16271.0,-9.736929987934763,-10.456051371315265,-9.017808604554258,1584.2958783368654
05053,Grant County,AR,Expanded 2014,2014.0,Metro,2013,44.7,-4.0,20.5,14.2,10.75979470708092,2.36,2.33,15.84,9.800679332554447,2.0,47100.0,18046.0,2076.0,-11.691330389697987,-13.189782334652456,-10.192878444743517,242.7120188901302
05055,Greene County,AR,Expanded 2014,2014.0,"Rural, near a metro",2013,39.8,-4.200000000000003,21.0,17.7,10.617417272278601,0.64,2.57,14.91,10.67266941937207,4.0,40800.0,43160.0,7048.0,-11.191176939473422,-12.445768801480213,-9.936585077466628,788.7541506940868
05057,Hempstead County,AR,Expanded 2014,2014.0,"Rural, near a metro",2013,47.5,-3.299999999999997,24.6,22.9,10.425698121168683,29.71,12.29,16.11,10.017708696626151,6.0,33700.0,22420.0,4266.0,-9.865134869078963,-11.77548490883911,-7.954784829318816,420.84665351490855
05059,Hot Spring County,AR,Expanded 2014,2014.0,"Rural, near a metro",2013,40.7,-5.199999999999996,20.1,18.5,10.594808065754666,11.09,3.21,16.88,10.420136189604907,6.0,39900.0,33528.0,4740.0,-11.90026604856298,-13.38318348148866,-10.417348615637296,564.0726107018852
05061,Howard County,AR,Expanded 2014,2014.0,"Rural, near a metro",2013,49.9,-5.399999999999999,26.7,21.5,10.396352850925126,20.34,11.05,16.38,9.513625087655372,6.0,32700.0,13543.0,2495.0,-8.870134303901624,-11.335713709335934,-6.4045548984673175,221.3098508823455
05063,Independence County,AR,Expanded 2014,2014.0,Remote rural,2013,49.2,2.700000000000003,23.7,18.4,10.539032102959615,2.01,6.15,16.54,10.515560243318403,7.0,37800.0,36885.0,6123.0,-11.305257383769018,-13.191450174984187,-9.419064592553852,692.220909608177
05065,Izard County,AR,Expanded 2014,2014.0,Remote rural,2013,42.7,-4.5,22.9,20.8,10.41355288735571,1.4,1.78,24.96,9.50383054471094,9.0,33300.0,13411.0,2210.0,-11.205642363873785,-12.434862974830418,-9.97642175291715,247.64469624161066
05067,Jackson County,AR,Expanded 2014,2014.0,"Rural, near a metro",2013,38.6,-6.899999999999999,21.9,27.5,10.401926780651069,17.02,2.52,16.61,9.782956995898381,6.0,32900.0,17729.0,3048.0,-10.261960120199834,-11.491430525956364,-9.032489714443305,312.78454446369096
05069,Jefferson County,AR,Expanded 2014,2014.0,Metro,2013,33.8,-5.400000000000006,18.8,25.8,10.495957677342497,55.49,1.86,14.74,11.20082774157066,3.0,36200.0,73191.0,12585.0,-7.212129392767569,-8.114568040536495,-6.309690744998642,907.6464840797986
05071,Johnson County,AR,Expanded 2014,2014.0,Remote rural,2013,47.0,-3.8999999999999986,24.9,23.4,10.423292739082695,1.54,13.32,15.32,10.163233006294886,7.0,33600.0,25932.0,4756.0,-10.179723886641598,-10.961033153938079,-9.398414619345118,484.1476680486744
05073,Lafayette County,AR,Expanded 2014,2014.0,"Rural, near a metro",2013,43.7,-2.3999999999999986,24.8,26.0,10.330126895875699,37.11,2.0,21.24,8.8934354408475,8.0,30600.0,7284.0,1378.0,-10.622046291051255,-12.079854795714303,-9.164237786388208,146.3717978906863
05075,Lawrence County,AR,Expanded 2014,2014.0,"Rural, near a metro",2013,38.1,-4.799999999999997,20.8,20.4,10.455647039795096,0.83,1.2,19.11,9.744140059301994,6.0,34700.0,17054.0,3140.0,-10.78433556389757,-12.15729336931449,-9.411377758480656,338.6281367063837
05077,Lee County,AR,Expanded 2014,2014.0,Remote rural,2013,35.4,-2.3999999999999986,21.4,41.1,10.206107497352116,55.24,2.2,16.65,9.211339872309265,7.0,27100.0,10010.0,1825.0,-8.607353634978773,-10.035500062026141,-7.17920720793141,157.0842038383626
05079,Lincoln County,AR,Expanded 2014,2014.0,Metro,2013,41.6,-3.5,22.2,27.6,10.492994958336313,30.14,3.41,13.38,9.551302513870247,3.0,36100.0,14063.0,1849.0,-10.85687433575851,-12.22641680959784,-9.487331861919188,200.74360646817485
05081,Little River County,AR,Expanded 2014,2014.0,Metro,2013,42.4,-4.399999999999999,21.7,19.3,10.499848464408382,19.77,3.05,18.58,9.451952327573435,3.0,36300.0,12733.0,1983.0,-11.15186965810781,-13.054263791658824,-9.249475524556795,221.14157532027787
05083,Logan County,AR,Expanded 2014,2014.0,"Rural, near a metro",2013,39.7,-3.0,21.9,18.7,10.436759365131948,1.31,2.68,18.27,10.000205831412565,6.0,34100.0,22031.0,3500.0,-11.173859331818669,-12.535278504940084,-9.812440158697253,391.08507661365337
05085,Lonoke County,AR,Expanded 2014,2014.0,Metro,2013,42.5,-6.0,21.6,12.6,10.92680141715401,5.87,3.92,12.04,11.166794734907167,2.0,55600.0,70742.0,8539.0,-10.35792932956959,-11.421308294851809,-9.294550364287357,884.4635854519473
05087,Madison County,AR,Expanded 2014,2014.0,Metro,2013,48.7,-5.399999999999999,27.2,20.2,10.501169541278006,0.27,5.26,16.9,9.66007751636045,2.0,36400.0,15679.0,2830.0,-10.601915431405002,-11.460913791739669,-9.742917071070346,300.0342067087616
05089,Marion County,AR,Expanded 2014,2014.0,Remote rural,2013,41.4,-6.800000000000004,20.8,19.0,10.440477875572727,0.29,2.07,26.43,9.70771594801777,9.0,34200.0,16444.0,2852.0,-11.227389143463235,-12.110481458062822,-10.34429682886364,320.2051383715714
05091,Miller County,AR,Expanded 2014,2014.0,Metro,2013,38.6,-5.699999999999996,21.6,21.4,10.596759725284224,24.35,2.79,14.81,10.678260801976018,3.0,40000.0,43402.0,6977.0,-10.513857930993781,-11.832091087632152,-9.19562477435541,733.551867845436
05093,Mississippi County,AR,Expanded 2014,2014.0,"Rural, near a metro",2013,36.9,-1.6000000000000014,21.6,25.6,10.442463219718466,34.6,3.83,13.08,10.707616917521953,4.0,34300.0,44695.0,8472.0,-8.936813292818384,-10.41761577806706,-7.4560108075697045,757.1268221675734
05095,Monroe County,AR,Expanded 2014,2014.0,Remote rural,2013,35.6,-4.600000000000001,21.7,28.7,10.304609911210155,40.55,1.94,20.14,8.94767606249969,7.0,29900.0,7690.0,1569.0,-8.646164563075716,-9.486093484654962,-7.806235641496458,135.65832199465797
05097,Montgomery County,AR,Expanded 2014,2014.0,"Rural, near a metro",2013,46.4,-6.700000000000003,25.8,22.4,10.366057369338442,0.32,3.76,24.97,9.13259502335133,8.0,31800.0,9252.0,1582.0,-10.964766454856342,-11.83271421202649,-10.096818697686194,173.46260531582735
05099,Nevada County,AR,Expanded 2014,2014.0,Remote rural,2013,39.6,-3.6000000000000014,19.5,21.1,10.414543149856174,30.29,3.55,18.49,9.079320109537779,7.0,33300.0,8772.0,1600.0,-10.829195800569469,-12.031826557276249,-9.626565043862696,173.2671328091115
05101,Newton County,AR,Expanded 2014,2014.0,Remote rural,2013,44.1,-4.799999999999997,22.4,23.5,10.367976001093753,0.15,1.5,22.79,8.992433087457218,9.0,31800.0,8042.0,1581.0,-11.151231566204661,-12.497342346152136,-9.805120786257186,176.3009710616957
05103,Ouachita County,AR,Expanded 2014,2014.0,Remote rural,2013,35.1,-6.600000000000001,18.5,27.5,10.463274754350781,39.55,1.93,17.75,10.124548937646013,7.0,35000.0,24948.0,4582.0,-7.860618784945488,-8.613055771447149,-7.10818179844383,360.1735527262022
05105,Perry County,AR,Expanded 2014,2014.0,Metro,2013,43.3,-2.8000000000000043,22.4,17.5,10.653204084583967,2.01,2.9,18.36,9.24329147211587,2.0,42300.0,10335.0,1567.0,-11.914804357585014,-12.689031362384865,-11.14057735278516,186.70498428335716
05107,Phillips County,AR,Expanded 2014,2014.0,"Rural, near a metro",2013,33.3,2.3999999999999986,21.7,36.6,10.161766560618593,62.27,1.54,15.81,9.925102262508537,6.0,25900.0,20437.0,4773.0,-7.283345265395055,-8.15507628684223,-6.41161424394788,347.634069517306
05109,Pike County,AR,Expanded 2014,2014.0,Remote rural,2013,51.3,0.29999999999999716,29.7,21.9,10.479876172485877,3.03,6.63,17.85,9.316590491818841,9.0,35600.0,11121.0,2032.0,-9.883401842292455,-11.75445899552973,-8.012344689055174,200.8307254353827
05111,Poinsett County,AR,Expanded 2014,2014.0,Metro,2013,36.0,-4.0,21.4,24.7,10.437433822292833,7.52,2.72,16.76,10.093570577723847,3.0,34100.0,24187.0,4784.0,-8.816245602385377,-10.952042227659783,-6.680448977110966,421.76918961811646
05113,Polk County,AR,Expanded 2014,2014.0,Remote rural,2013,49.0,-4.299999999999997,27.1,24.4,10.367787446365185,0.39,6.03,20.95,9.920442993185542,7.0,31800.0,20342.0,3441.0,-10.820589987762986,-11.585031472212636,-10.05614850331334,372.3365014789244
05115,Pope County,AR,Expanded 2014,2014.0,Remote rural,2013,44.7,-1.8999999999999986,24.0,20.0,10.589207217267276,2.95,7.9,14.1,11.044328845421948,5.0,39700.0,62588.0,9795.0,-11.02526156849794,-12.820955173920115,-9.229567963075763,1079.9243706343732
05117,Prairie County,AR,Expanded 2014,2014.0,"Rural, near a metro",2013,42.3,-5.400000000000006,24.2,19.6,10.569289229700592,12.1,1.24,21.86,9.033006356693267,8.0,38900.0,8375.0,1369.0,-10.842170079428838,-12.07198828349101,-9.61235187536666,148.4293083873808
05119,Pulaski County,AR,Expanded 2014,2014.0,Metro,2013,42.7,-5.399999999999999,23.6,17.3,10.74776657509999,35.54,5.88,13.02,12.877771445284248,2.0,46500.0,391512.0,54991.0,-8.446734009441242,-10.638711411286035,-6.254756607596445,4644.943499131834
05121,Randolph County,AR,Expanded 2014,2014.0,Remote rural,2013,42.7,-2.799999999999997,22.6,22.6,10.408737661968933,0.93,1.78,19.46,9.777073627680469,7.0,33100.0,17625.0,3130.0,-11.929989597525319,-13.330362353815739,-10.5296168412349,373.4086744025425
05123,St. Francis County,AR,Expanded 2014,2014.0,"Rural, near a metro",2013,34.3,-0.9000000000000057,21.2,37.3,10.275430347393456,52.34,4.55,13.61,10.222232150439726,6.0,29000.0,27508.0,5047.0,-7.013196536608475,-8.483365540419918,-5.5430275327970335,353.95602920262974
05125,Saline County,AR,Expanded 2014,2014.0,Metro,2013,45.3,-4.900000000000006,21.9,10.3,10.913651068019124,5.84,4.14,16.09,11.63821801131596,2.0,54900.0,113348.0,10775.0,-9.945090087286342,-10.945871651486122,-8.944308523086562,1071.5834569051033
05127,Scott County,AR,Expanded 2014,2014.0,"Rural, near a metro",2013,47.4,-2.8000000000000043,26.2,21.2,10.386037150950381,0.61,7.23,18.4,9.299632479454944,6.0,32400.0,10934.0,1982.0,-11.031101553398834,-11.99913402697927,-10.063069079818396,218.63643278836489
05129,Searcy County,AR,Expanded 2014,2014.0,Remote rural,2013,43.9,-5.5,25.8,25.9,10.214605350465526,0.23,2.08,23.25,8.986071187374463,9.0,27300.0,7991.0,1736.0,-10.771482813445305,-11.630974812125512,-9.911990814765101,186.99294164141048
05131,Sebastian County,AR,Expanded 2014,2014.0,Metro,2013,46.1,-8.0,26.5,22.1,10.637896630844713,6.33,13.17,14.06,11.753303643205992,2.0,41700.0,127173.0,21319.0,-8.096804128616274,-8.83530137555191,-7.35830688168064,1726.1576721797035
05133,Sevier County,AR,Expanded 2014,2014.0,"Rural, near a metro",2013,60.2,-3.6999999999999957,34.3,22.2,10.42519376739833,3.89,32.55,13.16,9.761693546918242,6.0,33700.0,17356.0,3408.0,-8.814915186338162,-11.2573595861921,-6.372470786484224,300.4123095504046
05135,Sharp County,AR,Expanded 2014,2014.0,Remote rural,2013,44.6,1.7000000000000028,25.0,22.8,10.348942308860451,0.69,2.11,24.97,9.743494841225237,7.0,31200.0,17043.0,3062.0,-11.344498039839564,-12.517999660147181,-10.170996419531958,347.36852997988746
05137,Stone County,AR,Expanded 2014,2014.0,Remote rural,2013,44.3,-3.4000000000000057,25.3,26.2,10.222740963825228,0.25,1.47,24.62,9.427304872213677,9.0,27500.0,12423.0,2371.0,-10.85400014186695,-12.110956318640898,-9.597043965093011,257.3483433636654
05139,Union County,AR,Expanded 2014,2014.0,Remote rural,2013,40.4,-2.8000000000000043,21.5,21.0,10.548809103613468,32.55,3.61,16.4,10.611621862904322,7.0,38100.0,40604.0,6615.0,-11.017640904099128,-12.292808497380395,-9.742473310817868,728.8169458061574
05141,Van Buren County,AR,Expanded 2014,2014.0,"Rural, near a metro",2013,44.8,-3.0,23.4,18.9,10.466269750670861,0.61,2.74,24.18,9.740085880594684,8.0,35100.0,16985.0,2685.0,-11.153962118750975,-12.191300293936491,-10.11662394356546,299.48388288846365
05143,Washington County,AR,Expanded 2014,2014.0,Metro,2013,43.4,-6.300000000000004,27.4,20.9,10.675954102300329,3.07,16.13,10.42,12.283033686666302,2.0,43300.0,216000.0,37539.0,-7.089161376593905,-8.974817925148036,-5.2035048280397636,2661.200289159586
05145,White County,AR,Expanded 2014,2014.0,"Rural, near a metro",2013,40.6,-5.5,22.6,17.2,10.677361821912017,4.24,4.08,14.7,11.271707042928487,4.0,43400.0,78567.0,12025.0,-10.552762137014124,-11.639793495893203,-9.465730778135041,1268.9696469759483
05147,Woodruff County,AR,Expanded 2014,2014.0,Remote rural,2013,36.6,-5.199999999999996,21.0,28.0,10.280518891981744,27.3,1.68,19.93,8.85623355614316,9.0,29200.0,7018.0,1439.0,-8.831793973393125,-10.249540650972065,-7.414047295814183,127.08951527712709
05149,Yell County,AR,Expanded 2014,2014.0,"Rural, near a metro",2013,52.1,-5.299999999999997,28.0,19.7,10.453889595415303,1.44,19.54,16.24,9.99053642882265,6.0,34700.0,21819.0,3852.0,-8.772572816186006,-10.308840919339724,-7.236304713032296,337.9195048794849
06001,Alameda County,CA,Expanded 2014,2014.0,Metro,2013,34.5,-1.6000000000000014,25.0,13.0,11.186197597399449,11.55,22.53,12.12,14.272677776883166,1.0,72100.0,1579593.0,182163.0,-4.634454515212993,-6.09160876134386,-3.1773002690821253,8442.261378547444
06003,Alpine County,CA,Expanded 2014,2014.0,"Rural, near a metro",2013,36.2,1.6000000000000014,21.4,19.7,10.80754374674194,0.44,8.6,18.53,7.028201432058005,8.0,49400.0,1128.0,152.0,-8.105589449937742,-8.761338316049194,-7.449840583826301,12.320495963905367
06005,Amador County,CA,Expanded 2014,2014.0,"Rural, near a metro",2013,34.8,-3.1000000000000014,21.6,14.3,10.865840922736847,1.92,12.53,24.23,10.508349818228501,6.0,52400.0,36620.0,3481.0,-7.065921071293881,-7.794161430952104,-6.337680711635662,245.96471249174002
06007,Butte County,CA,Expanded 2014,2014.0,Metro,2013,29.4,-3.3000000000000043,22.0,21.4,10.654785709738103,1.45,15.11,16.52,12.308814234792079,3.0,42400.0,221641.0,44739.0,-5.279359650362833,-7.004281417349893,-3.5544378833757735,2361.932713975828
06009,Calaveras County,CA,Expanded 2014,2014.0,"Rural, near a metro",2013,34.4,-3.1000000000000014,21.4,15.0,10.870433375189227,0.82,11.02,24.4,10.706721562117986,6.0,52600.0,44655.0,4969.0,-7.026288957911208,-7.747577614285515,-6.305000301536905,349.13629831860794
06011,Colusa County,CA,Expanded 2014,2014.0,"Rural, near a metro",2013,46.9,0.0,33.0,13.0,10.797471323887743,0.94,57.28,12.88,9.964112174352563,6.0,48900.0,21250.0,3165.0,-9.799095552034299,-11.351291586444262,-8.246899517624335,310.14137422188554
06013,Contra Costa County,CA,Expanded 2014,2014.0,Metro,2013,40.9,-0.6000000000000014,26.0,10.8,11.27605056876972,8.85,24.83,13.81,13.904803580020998,1.0,78900.0,1093401.0,100547.0,-7.2419392114605525,-9.217624733239688,-5.266253689681419,7281.552618947241
06015,Del Norte County,CA,Expanded 2014,2014.0,Remote rural,2013,27.8,2.1999999999999993,22.8,23.7,10.562638349337766,3.48,19.0,14.98,10.233366673687698,7.0,38700.0,27816.0,4480.0,-5.772922019133562,-7.373250320900975,-4.172593717366152,258.62690645718357
06017,El Dorado County,CA,Expanded 2014,2014.0,Metro,2013,37.8,-2.1000000000000014,21.8,11.4,11.050921750901521,0.76,12.3,17.31,12.108906244011783,1.0,63000.0,181481.0,15633.0,-7.386683732051676,-9.13799611360361,-5.635371350499749,1154.7602678316384
06019,Fresno County,CA,Expanded 2014,2014.0,Metro,2013,37.5,-3.6000000000000014,28.9,28.6,10.68604115633796,4.78,51.61,10.81,13.765809679220187,2.0,43700.0,951514.0,186244.0,-9.228873452070257,-11.76292557870958,-6.694821325430935,17188.22307207373
06021,Glenn County,CA,Expanded 2014,2014.0,"Rural, near a metro",2013,40.2,0.10000000000000142,29.8,19.1,10.64849161863629,0.78,39.37,14.48,10.23311498829311,6.0,42100.0,27809.0,4891.0,-10.278913783427724,-12.29737212782088,-8.260455439034567,502.74167314744994
06023,Humboldt County,CA,Expanded 2014,2014.0,Remote rural,2013,33.8,1.0,27.2,21.5,10.618445147359923,1.1,10.42,14.76,11.808598028250639,5.0,40900.0,134403.0,26575.0,-6.53045110010173,-8.731167563679577,-4.329734636523883,1735.4673798520346
06025,Imperial County,CA,Expanded 2014,2014.0,Metro,2013,36.6,-0.7999999999999972,27.7,22.7,10.599281228036979,2.57,82.27,11.36,12.080724818856513,3.0,40100.0,176438.0,33361.0,-9.85318874660797,-11.357773838572927,-8.348603654643012,3287.122297755885
06027,Inyo County,CA,Expanded 2014,2014.0,Remote rural,2013,35.0,-4.0,25.3,15.7,10.731689964088938,0.68,20.81,20.35,9.81776625213065,7.0,45800.0,18357.0,2189.0,-8.691940080108651,-9.910793105727427,-7.473087054489875,190.26656835357838
06029,Kern County,CA,Expanded 2014,2014.0,Metro,2013,39.7,-4.899999999999999,29.1,22.7,10.751242451322511,5.25,50.88,9.68,13.66701054964583,2.0,46700.0,862000.0,155168.0,-9.60929112413404,-10.774952760303519,-8.443629487964566,14910.544851496308
06031,Kings County,CA,Expanded 2014,2014.0,Metro,2013,35.3,-1.0,26.4,21.8,10.731908357153642,6.29,52.65,8.87,11.920634719763171,3.0,45800.0,150337.0,22303.0,-8.770016117716098,-10.710878231584584,-6.829154003847613,1955.9766947342214
06033,Lake County,CA,Expanded 2014,2014.0,"Rural, near a metro",2013,33.1,-0.8999999999999986,24.7,23.3,10.517943195514293,1.76,18.24,20.02,11.063445771442645,4.0,37000.0,63796.0,12894.0,-6.807246587731525,-7.688108731859376,-5.926384443603679,877.7263750221028
06035,Lassen County,CA,Expanded 2014,2014.0,Remote rural,2013,26.0,-3.8000000000000007,18.0,19.1,10.829471156381183,8.12,18.12,11.95,10.37751432806502,7.0,50500.0,32129.0,3144.0,-5.033928764136689,-6.539764360322068,-3.5280931679513095,158.26672034445753
06037,Los Angeles County,CA,Expanded 2014,2014.0,Metro,2013,45.6,-5.5,34.3,19.0,10.904909561786402,8.26,48.19,11.79,16.117343768365433,1.0,54400.0,9992484.0,1617530.0,-9.399120772037431,-12.961643407801443,-5.836598136273424,152033.59822393706
06039,Madera County,CA,Expanded 2014,2014.0,Metro,2013,41.1,-0.10000000000000142,30.9,23.4,10.626751631999884,3.03,55.72,12.47,11.92748244975661,3.0,41200.0,151370.0,26376.0,-10.101295969245596,-11.734189076342501,-8.468402862148698,2664.3178248482186
06041,Marin County,CA,Expanded 2014,2014.0,Metro,2013,39.4,-2.5,26.8,8.7,11.454734753788792,2.54,15.59,18.98,12.462298880005406,1.0,94300.0,258409.0,15793.0,-6.871869560894026,-8.642792187767379,-5.100946934020675,1085.2743597519934
06043,Mariposa County,CA,Expanded 2014,2014.0,"Rural, near a metro",2013,28.0,-4.0,19.9,16.4,10.719980048331397,0.88,9.64,24.11,9.787459226476006,8.0,45300.0,17809.0,2451.0,-5.674569927149819,-6.460598107543712,-4.888541746755932,139.08370891444207
06045,Mendocino County,CA,Expanded 2014,2014.0,"Rural, near a metro",2013,35.6,0.5,29.1,20.9,10.645448706505872,0.62,23.35,18.15,11.37428389474374,4.0,42000.0,87054.0,15373.0,-8.75747169847998,-10.100944558402226,-7.413998838557735,1346.2861242073275
06047,Merced County,CA,Expanded 2014,2014.0,Metro,2013,37.3,-2.0,29.5,24.8,10.621400513741305,3.22,56.84,10.21,12.476199014460825,2.0,41000.0,262026.0,51654.0,-9.361752527795884,-11.87286487058601,-6.850640185005755,4835.719650707686
06049,Modoc County,CA,Expanded 2014,2014.0,"Rural, near a metro",2013,37.8,-0.4000000000000057,27.7,20.0,10.520158574385459,0.94,14.49,23.13,9.120962560824966,6.0,37100.0,9145.0,1572.0,-9.27383670230658,-11.373121270685738,-7.174552133927424,145.78471296025944
06051,Mono County,CA,Expanded 2014,2014.0,Remote rural,2013,44.3,-1.9000000000000057,30.6,11.8,10.917032028814173,0.6,26.96,11.6,9.551586907757695,7.0,55100.0,14067.0,2394.0,-9.534352701160874,-10.693220388073186,-8.375485014248557,228.25240366579132
06053,Monterey County,CA,Expanded 2014,2014.0,Metro,2013,46.9,-2.5,35.4,17.5,10.922533408982428,2.68,56.86,11.61,12.963864591583558,2.0,55400.0,426712.0,63586.0,-9.638651277544735,-11.81916038807359,-7.458142167015889,6128.832801339596
06055,Napa County,CA,Expanded 2014,2014.0,Metro,2013,43.4,-2.0,28.2,9.7,11.13632474329547,1.86,33.07,16.49,11.846393192571142,3.0,68600.0,139580.0,13677.0,-8.47822328052425,-9.84456683880715,-7.111879722241351,1159.5665980773017
06057,Nevada County,CA,Expanded 2014,2014.0,"Rural, near a metro",2013,38.7,-3.299999999999997,24.2,12.8,10.919551218569078,0.41,8.87,22.42,11.49208990438209,4.0,55200.0,97938.0,10705.0,-9.289418437475096,-10.948843851313423,-7.629993023636765,994.432243731709
06059,Orange County,CA,Expanded 2014,2014.0,Metro,2013,47.1,-2.1000000000000014,30.7,13.5,11.20947979733897,1.55,34.05,12.71,14.94850817016048,1.0,73800.0,3104950.0,348846.0,-7.914561985309039,-8.984381871980148,-6.8447420986379335,27609.63290327117
06061,Placer County,CA,Expanded 2014,2014.0,Metro,2013,39.1,-1.0,22.2,8.3,11.206984373246167,1.39,13.29,17.08,12.808742449457315,1.0,73600.0,365398.0,27492.0,-7.209963980775248,-9.231319126628321,-5.188608834922183,1982.1632975947314
06063,Plumas County,CA,Expanded 2014,2014.0,Remote rural,2013,34.4,-3.1000000000000014,23.8,15.7,10.771532971782289,0.88,8.29,24.28,9.84665261578359,7.0,47600.0,18895.0,2604.0,-8.123307347103488,-9.006320621200253,-7.2402940730067264,211.53092331857482
06065,Riverside County,CA,Expanded 2014,2014.0,Metro,2013,44.7,-4.899999999999999,30.4,17.4,10.895052718839429,6.03,46.91,12.81,14.64264434002546,1.0,53900.0,2286755.0,326672.0,-8.60324910764789,-10.782005428931178,-6.4244927863646,28104.40592493552
06067,Sacramento County,CA,Expanded 2014,2014.0,Metro,2013,35.2,-0.19999999999999574,24.8,18.9,10.877669762826061,9.82,22.25,12.29,14.192124100346847,1.0,53000.0,1457341.0,218937.0,-4.41249027775813,-5.949194277225521,-2.8757862782907377,9660.573839415318
06069,San Benito County,CA,Expanded 2014,2014.0,Metro,2013,43.8,-5.300000000000004,28.6,12.7,11.109158913497646,0.66,58.0,10.94,10.95499076321729,1.0,66800.0,57239.0,6833.0,-10.171695236841725,-11.711112970054414,-8.632277503629044,695.031935533395
06071,San Bernardino County,CA,Expanded 2014,2014.0,Metro,2013,42.3,-4.0,28.1,19.2,10.861150527516015,8.33,51.09,9.92,14.549193932207306,1.0,52100.0,2082738.0,319822.0,-8.595825793366398,-11.921237453578282,-5.270414133154519,27491.34196886028
06073,San Diego County,CA,Expanded 2014,2014.0,Metro,2013,39.4,-4.600000000000001,26.9,15.3,11.024594919031609,4.75,32.82,12.25,14.981709218350995,1.0,61400.0,3209768.0,419112.0,-6.484646265053219,-8.157128411571769,-4.8121641185346675,27177.93065438985
06075,San Francisco County,CA,Expanded 2014,2014.0,Metro,2013,26.0,-3.8999999999999986,21.6,13.8,11.250690192182953,5.38,15.29,14.26,13.640647517158607,1.0,76900.0,839572.0,110843.0,-4.6629147253359156,-5.2544626505452845,-4.071366800126545,5168.514569004089
06077,San Joaquin County,CA,Expanded 2014,2014.0,Metro,2013,38.4,-1.8999999999999986,27.7,19.8,10.843865835939344,6.91,40.03,11.44,13.46175420792667,2.0,51200.0,702046.0,110486.0,-7.356323725597404,-9.747077526243581,-4.965569924951228,8127.707831463547
06079,San Luis Obispo County,CA,Expanded 2014,2014.0,Metro,2013,32.2,-5.099999999999994,23.3,15.0,10.963757408916045,1.86,21.68,16.83,12.527054088382881,2.0,57700.0,275696.0,36947.0,-5.7257287538206185,-6.642545537897414,-4.808911969743827,2115.4850026741037
06081,San Mateo County,CA,Expanded 2014,2014.0,Metro,2013,36.9,-7.300000000000004,23.8,8.0,11.419284890598735,2.45,25.16,14.34,13.526041556572194,1.0,91100.0,748661.0,53543.0,-6.0920887215214155,-7.515993659007632,-4.668183784035199,3261.8870641642116
06083,Santa Barbara County,CA,Expanded 2014,2014.0,Metro,2013,40.9,-0.6000000000000014,31.4,16.2,11.01539440884224,1.76,43.95,13.62,12.982183647768226,2.0,60800.0,434601.0,64727.0,-8.69531045000016,-9.905067543050997,-7.4855533569493256,5628.213594971605
06085,Santa Clara County,CA,Expanded 2014,2014.0,Metro,2013,37.6,-1.7999999999999972,25.0,10.5,11.427835876525114,2.37,26.49,11.97,14.43953539437033,1.0,91800.0,1866425.0,166043.0,-6.194139588063148,-7.852803770813125,-4.535475405313171,10284.935196207693
06087,Santa Cruz County,CA,Expanded 2014,2014.0,Metro,2013,39.9,1.7999999999999972,28.5,14.9,11.08647162642358,0.94,32.75,12.91,12.501782409669184,2.0,65300.0,268816.0,36626.0,-7.837193996881545,-9.553421310144962,-6.120966683618132,2870.4506732978352
06089,Shasta County,CA,Expanded 2014,2014.0,Metro,2013,31.8,0.1999999999999993,24.3,19.7,10.627066940216276,0.85,9.09,18.46,12.091766682843156,3.0,41200.0,178397.0,29138.0,-5.666119054054134,-6.581402329734228,-4.750835778374041,1650.9937699702934
06091,Sierra County,CA,Expanded 2014,2014.0,"Rural, near a metro",2013,38.8,4.0,24.5,14.5,10.746110215484947,0.3,9.28,25.13,8.01565761455734,8.0,46400.0,3028.0,405.0,-9.546914126717205,-10.95318270297485,-8.140645550459565,38.66500221320468
06093,Siskiyou County,CA,Expanded 2014,2014.0,"Rural, near a metro",2013,31.8,0.0,25.4,20.4,10.521587858773161,1.34,11.33,21.93,10.681251578815953,6.0,37100.0,43532.0,7599.0,-6.440630831127056,-7.601169591951319,-5.280092070302794,489.42353685734497
06095,Solano County,CA,Expanded 2014,2014.0,Metro,2013,37.3,0.09999999999999432,23.2,12.9,11.057187594186415,13.97,24.97,13.04,12.956684165352335,2.0,63400.0,423659.0,44674.0,-5.833454748193132,-7.363754639845948,-4.303154856540317,2606.0375742078
06097,Sonoma County,CA,Expanded 2014,2014.0,Metro,2013,38.1,-2.799999999999997,26.9,12.4,11.01895695827066,1.47,25.74,15.96,13.110438558532016,2.0,61000.0,494073.0,57055.0,-6.561839760950793,-8.642985167107124,-4.480694354794462,3743.857675610475
06099,Stanislaus County,CA,Expanded 2014,2014.0,Metro,2013,40.0,0.6000000000000014,28.9,21.8,10.774948268492489,2.5,43.54,11.7,13.168198704147816,2.0,47800.0,523451.0,87100.0,-9.458177841717177,-11.206161072748905,-7.7101946106854555,8238.072900135661
06101,Sutter County,CA,Expanded 2014,2014.0,Metro,2013,39.4,-3.3999999999999986,28.8,17.2,10.776933411917968,1.87,29.5,13.97,11.45642918481256,3.0,47900.0,94507.0,15313.0,-8.342800522131673,-9.441793999899955,-7.243807044363395,1277.533043954023
06103,Tehama County,CA,Expanded 2014,2014.0,"Rural, near a metro",2013,32.7,-4.899999999999999,25.0,17.9,10.679573243881636,0.66,23.16,17.66,11.04890390740204,4.0,43500.0,62875.0,11087.0,-7.819459817408765,-9.266489320092875,-6.372430314724651,866.9435099561098
06105,Trinity County,CA,Expanded 2014,2014.0,"Rural, near a metro",2013,33.0,-0.5,22.6,22.1,10.483130032299252,0.46,7.26,23.15,9.505022884072709,8.0,35700.0,13427.0,2377.0,-7.306422419546933,-8.585031806489985,-6.027813032603874,173.6736609126306
06107,Tulare County,CA,Expanded 2014,2014.0,Metro,2013,38.2,-4.0,29.7,29.6,10.58802275624751,1.24,62.37,10.14,13.022454640424748,2.0,39700.0,452460.0,94053.0,-9.901617413186099,-12.275725365408688,-7.527509460963509,9312.76822562392
06109,Tuolumne County,CA,Expanded 2014,2014.0,"Rural, near a metro",2013,31.3,-1.9999999999999964,21.3,14.6,10.835139691522983,1.93,11.16,22.88,10.89668376844759,4.0,50800.0,53997.0,6456.0,-5.703965214480377,-6.634028406234131,-4.77390202272662,368.2479942468531
06111,Ventura County,CA,Expanded 2014,2014.0,Metro,2013,46.3,-1.1000000000000014,30.0,12.0,11.245215940017895,1.63,41.49,13.11,13.638935657465884,2.0,76500.0,838136.0,81682.0,-8.690628885695105,-10.306050990068606,-7.075206781321612,7098.679486413475
06113,Yolo County,CA,Expanded 2014,2014.0,Metro,2013,33.3,0.6999999999999957,24.2,17.8,10.915288444217275,2.36,31.03,10.91,12.237047919829493,1.0,55000.0,206292.0,36520.0,-5.940896469832749,-7.204808588045713,-4.676984351619788,2169.61539078292
06115,Yuba County,CA,Expanded 2014,2014.0,Metro,2013,32.7,-1.0999999999999943,24.9,20.6,10.641225616423949,3.08,26.51,10.99,11.199446837474438,3.0,41800.0,73090.0,13043.0,-6.519856173891254,-7.869273349519044,-5.170438998263464,850.3848407606363
08001,Adams County,CO,Expanded 2014,2014.0,Metro,2013,45.4,-8.300000000000004,29.3,13.2,10.912831373446055,2.93,38.66,9.12,13.06044116408005,1.0,54900.0,469978.0,59292.0,-7.82461395148471,-10.059276901233567,-5.589951001735855,4639.370104114314
08003,Alamosa County,CO,Expanded 2014,2014.0,Remote rural,2013,31.5,-4.0,23.6,25.6,10.531669454243714,0.99,45.97,12.16,9.666942095531727,7.0,37500.0,15787.0,3106.0,-8.567587015594574,-10.173169048363633,-6.962004982825508,266.10925270436746
08005,Arapahoe County,CO,Expanded 2014,2014.0,Metro,2013,40.9,-8.800000000000004,25.3,12.3,11.020136203690337,10.05,18.59,11.27,13.318697958221788,1.0,61100.0,608467.0,67204.0,-7.3728179105739065,-8.877558326830501,-5.868077494317319,4954.8285486220875
08007,Archuleta County,CO,Expanded 2014,2014.0,Remote rural,2013,42.1,-0.5,29.6,15.1,10.701377558022253,0.34,18.43,21.47,9.410501846898468,7.0,44400.0,12216.0,1557.0,-9.785006512799674,-11.356604234356166,-8.213408791243163,152.35255140429092
08009,Baca County,CO,Expanded 2014,2014.0,Remote rural,2013,40.6,0.10000000000000142,30.1,19.1,10.485339977950055,0.57,9.87,24.67,8.204124932574041,9.0,35800.0,3656.0,625.0,-10.07435735373289,-12.123546995610653,-8.025167711855133,62.96473346083056
08011,Bent County,CO,Expanded 2014,2014.0,Remote rural,2013,29.4,-4.899999999999999,20.0,33.0,10.446973958541667,6.65,31.49,15.88,8.658866349732383,7.0,34400.0,5761.0,704.0,-5.897570859555987,-7.004365618879004,-4.790776100232969,41.51889885127415
08013,Boulder County,CO,Expanded 2014,2014.0,Metro,2013,32.3,-4.5,22.2,13.5,11.176123173887033,0.85,13.66,11.58,12.642141317369848,2.0,71400.0,309323.0,38756.0,-5.445052672335798,-6.753749011558352,-4.1363563331132465,2110.284613690462
08014,Broomfield County,CO,Expanded 2014,2014.0,Metro,2013,39.2,-6.599999999999994,18.2,6.4,11.278683048489755,1.07,11.73,11.74,11.00458009616072,1.0,79100.0,60149.0,3938.0,-8.268309490970095,-9.346248840949995,-7.190370140990188,325.60602775440236
08015,Chaffee County,CO,Expanded 2014,2014.0,Remote rural,2013,36.7,-5.599999999999994,23.2,13.0,10.779206258645235,1.44,9.98,22.42,9.817657295930935,7.0,48000.0,18355.0,1943.0,-8.157049803501044,-8.862974128783533,-7.451125478218566,158.4914776820253
08017,Cheyenne County,CO,Expanded 2014,2014.0,Remote rural,2013,50.0,1.8999999999999986,29.2,13.1,10.827329700563117,0.53,12.67,17.14,7.538494999413465,9.0,50400.0,1879.0,216.0,-9.6183545026176,-10.704760982337877,-8.531948022897321,20.775645725654012
08019,Clear Creek County,CO,Expanded 2014,2014.0,Metro,2013,35.0,-0.7999999999999972,17.8,9.1,11.058621941528564,0.66,5.14,15.96,9.10764297373784,1.0,63500.0,9024.0,800.0,-5.984854191402861,-6.572416583562408,-5.397291799243316,47.87883353122289
08021,Conejos County,CO,Expanded 2014,2014.0,Remote rural,2013,33.9,-3.6000000000000014,22.6,22.9,10.460900916916351,0.22,54.45,16.4,9.011767474596178,9.0,34900.0,8199.0,1439.0,-9.718734802746125,-11.824247327377044,-7.61322227811522,139.85259381151673
08023,Costilla County,CO,Expanded 2014,2014.0,Remote rural,2013,46.2,0.0,33.2,26.0,10.248246785526897,0.51,65.8,25.36,8.172164452111904,9.0,28200.0,3541.0,671.0,-10.738868662136941,-12.222804438720134,-9.254932885553751,72.05780872293887
08025,Crowley County,CO,Expanded 2014,2014.0,"Rural, near a metro",2013,30.7,-3.599999999999998,21.4,43.2,10.357012399387852,8.92,30.51,13.24,8.584103896698863,8.0,31500.0,5346.0,590.0,-6.046372018215262,-6.951323636942709,-5.141420399487817,35.67359490747005
08027,Custer County,CO,Expanded 2014,2014.0,"Rural, near a metro",2013,41.1,-1.8999999999999986,27.1,14.4,10.763588812758906,1.06,5.07,27.29,8.357259153499912,8.0,47300.0,4261.0,489.0,-10.388757430838131,-11.520340224030475,-9.257174637645791,50.801023836798464
08029,Delta County,CO,Expanded 2014,2014.0,"Rural, near a metro",2013,39.9,-4.600000000000001,26.1,15.1,10.638975573585599,0.48,14.62,22.64,10.320156331151617,6.0,41700.0,30338.0,4013.0,-10.44805068707416,-11.65314008663686,-9.242961287511456,419.280274072286
08031,Denver County,CO,Expanded 2014,2014.0,Metro,2013,35.3,-5.700000000000003,26.0,18.7,10.84263506655321,9.45,31.01,10.79,13.383790279608126,1.0,51200.0,649391.0,107105.0,-5.099967801434952,-6.274870549715141,-3.9250650531547624,5462.320513726905
08033,Dolores County,CO,Expanded 2014,2014.0,Remote rural,2013,40.2,-7.799999999999997,28.5,14.0,10.655280928528807,0.15,4.43,21.45,7.617267813628347,9.0,42400.0,2033.0,266.0,-10.044555125623463,-11.372264863325572,-8.716845387921364,26.71851663415841
08035,Douglas County,CO,Expanded 2014,2014.0,Metro,2013,39.5,-4.100000000000001,17.8,3.6,11.563542530766755,1.15,8.03,9.15,12.632104794578302,1.0,105200.0,306234.0,10789.0,-7.327063493421841,-8.405064244439778,-6.249062742403922,790.5168803052825
08037,Eagle County,CO,Expanded 2014,2014.0,Remote rural,2013,51.3,-7.600000000000001,33.1,9.5,11.271070440834212,0.73,29.59,7.97,10.874569454092974,5.0,78500.0,52816.0,5606.0,-7.383674166752819,-9.428081879151351,-5.339266454354285,413.92877378816297
08039,Elbert County,CO,Expanded 2014,2014.0,Metro,2013,44.7,-1.5,21.3,6.7,11.301858694881467,0.66,6.08,12.63,10.066498860795583,1.0,81000.0,23541.0,1273.0,-10.770976435613937,-12.146228388165381,-9.395724483062489,137.1145300253654
08041,El Paso County,CO,Expanded 2014,2014.0,Metro,2013,30.8,-8.900000000000002,20.1,11.4,10.952068907598672,5.94,15.92,11.05,13.39270954769039,2.0,57100.0,655209.0,75694.0,-4.83024778647018,-5.304819476049757,-4.355676096890593,3656.2077594907373
08043,Fremont County,CO,Expanded 2014,2014.0,"Rural, near a metro",2013,31.0,-1.0,21.4,19.7,10.631325972886003,3.84,12.88,19.48,10.743588146052236,4.0,41400.0,46332.0,5121.0,-5.7175035240369265,-6.804736558045022,-4.630270490028833,292.79335546593103
08045,Garfield County,CO,Expanded 2014,2014.0,Remote rural,2013,50.1,-8.299999999999997,33.4,12.4,10.957172207849103,0.53,27.93,10.14,10.949718235522484,5.0,57400.0,56938.0,6360.0,-8.177630440350455,-9.806354849059087,-6.548906031641825,520.097296006289
08047,Gilpin County,CO,Expanded 2014,2014.0,Metro,2013,31.4,-7.399999999999999,11.5,8.1,11.081557762538953,0.99,6.02,12.46,8.61794309451638,1.0,65000.0,5530.0,545.0,-2.4841616251306844,-3.183971189916,-1.7843520603453689,13.53868085696223
08049,Grand County,CO,Expanded 2014,2014.0,Remote rural,2013,41.3,-7.300000000000004,24.6,11.0,10.956265304860437,0.43,7.72,13.61,9.568853625188556,7.0,57300.0,14312.0,1650.0,-10.574599147063378,-12.031231804676422,-9.117966489450334,174.48088592654574
08051,Gunnison County,CO,Expanded 2014,2014.0,Remote rural,2013,40.2,-3.799999999999997,29.6,13.7,10.787069125000578,0.39,8.98,10.93,9.653422343655654,7.0,48400.0,15575.0,2565.0,-8.916137308215761,-10.149081122957467,-7.68319349347406,228.69892195573428
08053,Hinsdale County,CO,Expanded 2014,2014.0,Remote rural,2013,34.4,-4.600000000000001,23.0,10.6,10.862607862385639,0.62,3.98,22.89,6.6895992691789665,9.0,52200.0,804.0,96.0,-7.371284974677908,-8.322175393388363,-6.420394555967453,7.076433575690792
08055,Huerfano County,CO,Expanded 2014,2014.0,"Rural, near a metro",2013,34.3,-3.1000000000000014,23.3,22.8,10.386469103072121,0.45,34.92,28.58,8.773384596776648,6.0,32400.0,6460.0,1119.0,-8.55284890039998,-9.935339991671075,-7.17035780912888,95.70637919547578
08057,Jackson County,CO,Expanded 2014,2014.0,Remote rural,2013,35.3,-4.200000000000003,27.3,15.7,10.681642019904501,0.07,12.35,19.91,7.197435354096591,9.0,43500.0,1336.0,232.0,-9.122791439555288,-11.054050214963393,-7.191532664147179,21.164876139768268
08059,Jefferson County,CO,Expanded 2014,2014.0,Metro,2013,35.5,-7.299999999999997,21.5,9.1,11.129627832757077,0.99,15.03,14.23,13.22135948310264,1.0,68200.0,552031.0,44639.0,-5.8233995430655625,-6.659375127507385,-4.9874239586237445,2599.5073220290365
08061,Kiowa County,CO,Expanded 2014,2014.0,Remote rural,2013,37.4,0.29999999999999716,22.9,12.9,10.654384638636976,0.43,6.39,21.98,7.238496840894365,9.0,42400.0,1392.0,182.0,-8.98437044871227,-9.86554156440888,-8.10319933301565,16.351554216656332
08063,Kit Carson County,CO,Expanded 2014,2014.0,Remote rural,2013,44.6,-5.199999999999996,29.6,15.1,10.587417383546464,2.81,19.39,16.18,9.0173622349937,7.0,39600.0,8245.0,969.0,-7.494016403501635,-8.881360868609647,-6.106671938393628,72.61701894993085
08065,Lake County,CO,Expanded 2014,2014.0,"Rural, near a metro",2013,47.9,-3.6000000000000014,31.2,14.7,10.769473974500535,0.41,38.26,10.42,8.890548245606167,6.0,47500.0,7263.0,1100.0,-9.18558859796547,-11.434166421995908,-6.937010773935038,101.04147457762018
08067,La Plata County,CO,Expanded 2014,2014.0,"Rural, near a metro",2013,35.5,-6.899999999999999,26.1,12.4,10.979769020719225,0.39,12.11,13.56,10.88496659438935,4.0,58700.0,53368.0,6373.0,-7.899822499752189,-9.130621289207719,-6.669023710296661,503.45568790920703
08069,Larimer County,CO,Expanded 2014,2014.0,Metro,2013,29.6,-6.600000000000001,20.4,13.8,10.990988336449519,0.84,10.95,13.3,12.664209264515742,2.0,59300.0,316225.0,44461.0,-4.91849346748976,-5.6061494526982,-4.230837482281319,2186.811380580622
08071,Las Animas County,CO,Expanded 2014,2014.0,Remote rural,2013,30.8,-4.699999999999999,23.8,18.0,10.55963355495159,1.36,42.62,20.89,9.574705669198922,7.0,38500.0,14396.0,2088.0,-8.47175989166858,-10.029416095596606,-6.914103687740553,176.89034653803992
08073,Lincoln County,CO,Expanded 2014,2014.0,"Rural, near a metro",2013,31.4,-6.700000000000003,22.1,19.1,10.633689641047084,5.28,12.7,17.68,8.60061479955531,8.0,41500.0,5435.0,640.0,-6.1346841563455925,-7.316862582090101,-4.952505730601084,39.26197860061179
08075,Logan County,CO,Expanded 2014,2014.0,Remote rural,2013,37.3,-2.5,24.6,16.9,10.681917533624532,3.87,15.78,15.98,10.006675710332297,7.0,43600.0,22174.0,2451.0,-8.466619060863316,-9.668341232659252,-7.26489688906737,207.51683318175986
08077,Mesa County,CO,Expanded 2014,2014.0,Metro,2013,36.1,-8.0,24.0,15.4,10.781203762430508,0.65,13.86,16.29,11.899377633896462,3.0,48100.0,147175.0,18051.0,-7.362843772978061,-8.317758308372442,-6.407929237583684,1329.0669294602699
08079,Mineral County,CO,Expanded 2014,2014.0,Remote rural,2013,37.9,-10.100000000000001,20.0,9.9,10.825481987326961,0.27,3.42,25.14,6.595780513961311,9.0,50300.0,732.0,66.0,-7.858359230331876,-8.42556863152214,-7.291149829141614,5.186517092019039
08081,Moffat County,CO,Expanded 2014,2014.0,Remote rural,2013,38.9,-4.399999999999999,24.6,11.5,10.983426575938616,0.37,14.25,12.4,9.482350275033667,7.0,58900.0,13126.0,1479.0,-9.190849193834723,-10.681477856037784,-7.700220531631658,135.93265957681555
08083,Montezuma County,CO,Expanded 2014,2014.0,"Rural, near a metro",2013,38.0,-0.10000000000000142,29.3,19.1,10.684073102244907,0.26,11.75,18.52,10.148079435056207,6.0,43700.0,25542.0,3786.0,-9.627159793125061,-11.52447083807304,-7.729848748177095,364.48426976771486
08085,Montrose County,CO,Expanded 2014,2014.0,"Rural, near a metro",2013,41.4,-3.5,28.5,15.1,10.690716886457212,0.39,20.22,20.39,10.61026639832702,4.0,43900.0,40549.0,5289.0,-9.822047260804052,-11.372572094057663,-8.271522427550433,519.4880796239263
08087,Morgan County,CO,Expanded 2014,2014.0,"Rural, near a metro",2013,39.3,-7.5,25.9,13.5,10.743588146052236,2.75,35.23,14.57,10.247892527339829,6.0,46300.0,28223.0,4002.0,-8.499307039870127,-9.888376802006363,-7.110237277733888,340.1422677356025
08089,Otero County,CO,Expanded 2014,2014.0,"Rural, near a metro",2013,29.9,-4.5,22.2,22.5,10.513551992534897,0.68,41.46,18.79,9.822928044677711,6.0,36800.0,18452.0,3454.0,-8.28973553243024,-10.236509335603373,-6.342961729257105,286.32746529014054
08091,Ouray County,CO,Expanded 2014,2014.0,Remote rural,2013,40.4,-7.399999999999999,26.9,9.8,10.970557573194359,0.13,5.62,22.69,8.423321975806166,9.0,58100.0,4552.0,446.0,-9.950174423987983,-10.976165137286603,-8.924183710689364,44.377777930986404
08093,Park County,CO,Expanded 2014,2014.0,Metro,2013,40.9,-6.700000000000003,23.2,10.3,10.9597141247078,0.47,5.57,15.34,9.691778378847582,1.0,57500.0,16184.0,1589.0,-10.180106980596811,-11.293269295571907,-9.066944665621723,161.76189992168332
08095,Phillips County,CO,Expanded 2014,2014.0,Remote rural,2013,45.0,-4.5,27.5,12.4,10.753745313805846,0.55,19.74,20.99,8.38548870041881,9.0,46800.0,4383.0,518.0,-9.801980411520274,-11.318718117691056,-8.285242705349496,50.77425853167502
08097,Pitkin County,CO,Expanded 2014,2014.0,Remote rural,2013,46.1,-8.699999999999996,28.8,7.3,11.170604155826688,0.78,9.65,14.99,9.767667829393593,7.0,71000.0,17460.0,1446.0,-9.7781906460452,-10.671005026096001,-8.885376265994402,141.3926367418136
08099,Prowers County,CO,Expanded 2014,2014.0,Remote rural,2013,37.1,-6.0,27.2,21.7,10.566948422725712,0.52,36.33,15.63,9.418735700941484,7.0,38800.0,12317.0,2110.0,-9.72727704401976,-11.757783898000541,-7.69677019003897,205.24554562881693
08101,Pueblo County,CO,Expanded 2014,2014.0,Metro,2013,28.5,-5.5,20.3,20.1,10.629876066875875,1.71,42.37,16.56,11.989364591907435,3.0,41400.0,161033.0,25392.0,-7.035456145865883,-8.50857082171628,-5.5623414700154745,1786.443024558265
08103,Rio Blanco County,CO,Expanded 2014,2014.0,Remote rural,2013,37.8,-9.600000000000001,21.6,10.7,10.991443261015709,0.85,10.01,13.36,8.808817483100642,9.0,59400.0,6693.0,728.0,-7.575640368290352,-8.294746371696059,-6.856534364884661,55.150661881153766
08105,Rio Grande County,CO,Expanded 2014,2014.0,Remote rural,2013,34.6,1.0,25.6,17.9,10.592476097947214,0.39,44.73,17.48,9.365290731974005,7.0,39800.0,11676.0,2016.0,-9.31286864386047,-10.386969444279199,-8.238767843441728,187.7474318602271
08107,Routt County,CO,Expanded 2014,2014.0,Remote rural,2013,39.9,-9.0,22.3,8.9,11.062928363800124,0.58,6.9,11.21,10.06895961723459,7.0,63800.0,23599.0,2338.0,-8.875858156575738,-9.85390535757097,-7.8978109555805025,207.51756370074077
08109,Saguache County,CO,Expanded 2014,2014.0,Remote rural,2013,44.0,-7.799999999999997,33.9,29.4,10.471921488922431,0.43,38.47,18.14,8.739055922830724,9.0,35300.0,6242.0,1327.0,-10.637640089525059,-11.765963509194215,-9.509316669855906,141.16148398799754
08111,San Juan County,CO,Expanded 2014,2014.0,Remote rural,2013,34.6,-3.1000000000000014,25.0,15.7,10.6378486508044,0.0,14.16,18.06,6.539585955617669,9.0,41700.0,692.0,133.0,-8.631240044125999,-10.045817357366333,-7.2166627308856715,11.479549258687578
08113,San Miguel County,CO,Expanded 2014,2014.0,Remote rural,2013,43.5,-9.600000000000001,29.2,11.9,10.890683991926014,0.33,9.36,9.64,8.938662873666118,9.0,53700.0,7621.0,1119.0,-8.517017915378299,-10.626311117605756,-6.407724713150845,95.30543047308316
08115,Sedgwick County,CO,Expanded 2014,2014.0,Remote rural,2013,37.4,-6.200000000000003,23.8,14.5,10.596134608054392,0.51,15.47,24.1,7.757906208351747,9.0,40000.0,2340.0,326.0,-9.434390479404017,-10.5432583628002,-8.325522596007835,30.756112962857095
08117,Summit County,CO,Expanded 2014,2014.0,Remote rural,2013,47.9,-1.8999999999999986,28.2,9.3,11.054629038216078,0.74,14.14,10.23,10.265627535905919,5.0,63200.0,28728.0,3443.0,-8.352368866737926,-10.219594077079304,-6.485143656396574,287.5720600817868
08119,Teller County,CO,Expanded 2014,2014.0,Metro,2013,36.1,-4.699999999999996,19.9,8.4,11.046515371234623,0.56,5.9,16.91,10.058609189403429,2.0,62700.0,23356.0,2220.0,-6.557816909395903,-7.300702547716568,-5.814931271075238,145.58353538858904
08121,Washington County,CO,Expanded 2014,2014.0,Remote rural,2013,34.2,-11.699999999999996,22.3,14.0,10.727048771818007,0.67,9.34,19.78,8.464425125877582,9.0,45600.0,4743.0,584.0,-7.668768395750503,-8.70007485500016,-6.637461936500848,44.78560743118294
08123,Weld County,CO,Expanded 2014,2014.0,Metro,2013,36.7,-6.599999999999994,24.3,13.2,10.975139659621455,0.98,28.58,10.78,12.506788162439268,2.0,58400.0,270165.0,33309.0,-6.764907401514287,-7.772702865862854,-5.757111937165719,2253.3230063703936
08125,Yuma County,CO,Expanded 2014,2014.0,Remote rural,2013,44.7,-4.899999999999999,29.1,13.0,10.725181849829225,0.27,21.85,16.77,9.223454011121566,7.0,45500.0,10132.0,1234.0,-9.851640533905323,-11.208151245689969,-8.495129822120681,121.56924418839169
12001,Alachua County,FL,Not expanded by 2023,,Metro,2023,20.6,-0.5999999999999979,14.2,25.7,10.58693787011721,20.12,8.79,12.05,12.439067512894757,2.0,39600.0,252475.0,43514.0,-3.992162151776052,-5.279439559912372,-2.7048847436397327,1737.1494387238313
12003,Baker County,FL,Not expanded by 2023,,Metro,2023,18.9,-7.200000000000003,13.6,18.8,10.747315112676567,12.95,2.22,12.48,10.203925422776587,1.0,46500.0,27009.0,2877.0,-4.5978913700994815,-5.765335081774361,-3.4304476584246038,132.2813347177621
12005,Bay County,FL,Not expanded by 2023,,Metro,2023,29.1,-3.1000000000000014,20.3,18.0,10.719935849436363,10.83,5.39,15.76,12.070230012617767,3.0,45200.0,174596.0,19454.0,-5.217824562076016,-6.523765256093718,-3.9118838680583154,1015.0755903062682
12007,Bradford County,FL,Not expanded by 2023,,"Rural, near a metro",2023,21.0,-2.3999999999999986,15.6,21.8,10.613196821395052,18.98,3.65,16.72,10.196231790580173,6.0,40700.0,26802.0,3235.0,-6.017011226400558,-6.800093056388219,-5.233929396412897,194.65031317405806
12009,Brevard County,FL,Not expanded by 2023,,Metro,2023,26.0,-4.699999999999999,17.0,15.0,10.751006816983072,9.89,9.06,22.01,13.218137086126161,2.0,46700.0,550255.0,51918.0,-4.512120091586702,-5.128955395025422,-3.8952847881479884,2342.602509149984
12011,Broward County,FL,Not expanded by 2023,,Metro,2023,27.9,-8.200000000000003,17.8,15.2,10.826614861669272,27.28,27.08,14.96,14.423426594161558,1.0,50300.0,1836600.0,176303.0,-3.964603308514523,-4.988248187903163,-2.940958429125884,6989.71457101036
12013,Calhoun County,FL,Not expanded by 2023,,"Rural, near a metro",2023,24.0,-1.1999999999999993,19.7,23.8,10.433439104100595,13.17,5.64,16.63,9.587268821942159,6.0,34000.0,14578.0,1797.0,-5.840774565119411,-7.46349395433341,-4.218055175905411,104.95871893519583
12015,Charlotte County,FL,Not expanded by 2023,,Metro,2023,26.4,-9.300000000000004,16.8,14.4,10.683064691094435,5.62,6.52,36.97,12.01170482294517,3.0,43600.0,164671.0,14117.0,-5.014584125033989,-5.797745460745769,-4.231422789322207,707.9088409310482
12017,Citrus County,FL,Not expanded by 2023,,Metro,2023,24.9,-1.1000000000000014,17.3,17.3,10.578598045609922,2.7,4.96,34.51,11.840998238948812,3.0,39300.0,138829.0,17350.0,-5.051688631991576,-5.675429149787162,-4.42794811419599,876.4679776505384
12019,Clay County,FL,Not expanded by 2023,,Metro,2023,23.0,-9.5,15.1,9.9,10.968043105074278,9.76,8.68,13.55,12.184118405173848,1.0,58000.0,195657.0,18324.0,-4.143227118131976,-4.875930060132995,-3.410524176130953,759.2049371265032
12021,Collier County,FL,Not expanded by 2023,,Metro,2023,41.1,-1.1000000000000014,29.1,13.4,10.92565066904083,6.58,26.6,28.85,12.733717037544684,2.0,55600.0,338987.0,24730.0,-6.526414454757484,-8.599976132172456,-4.452852777342514,1613.9822946615259
12023,Columbia County,FL,Not expanded by 2023,,"Rural, near a metro",2023,22.7,-3.6000000000000014,17.3,18.8,10.638783846604232,17.93,5.39,16.86,11.118652490616178,4.0,41700.0,67417.0,9018.0,-5.454232181289945,-6.4468378118588605,-4.461626550721022,491.8626581087272
12027,DeSoto County,FL,Not expanded by 2023,,"Rural, near a metro",2023,34.9,-7.200000000000003,27.0,33.9,10.410244912126165,12.39,30.55,19.84,10.460385364404502,6.0,33200.0,34905.0,5666.0,-6.543899001329916,-8.959388076275983,-4.12840992638385,370.7773174153531
12029,Dixie County,FL,Not expanded by 2023,,"Rural, near a metro",2023,23.2,3.5,18.8,27.1,10.362461831496553,8.39,3.47,22.03,9.685580268017164,6.0,31600.0,16084.0,2493.0,-5.788668782719441,-6.354855731164165,-5.222481834274712,144.31151275319567
12031,Duval County,FL,Not expanded by 2023,,Metro,2023,22.8,-7.800000000000001,16.7,17.1,10.77636961399326,29.26,8.33,12.31,13.694407893431913,1.0,47900.0,885943.0,109146.0,-4.105621903310979,-5.397442716729187,-2.813801089892766,4481.122082587801
12033,Escambia County,FL,Not expanded by 2023,,Metro,2023,26.1,-2.0,19.2,17.6,10.662937322350137,22.49,5.28,15.18,12.633605786820015,2.0,42700.0,306694.0,34700.0,-4.914290012990714,-6.118754452361362,-3.7098255736200683,1705.2586345077777
12035,Flagler County,FL,Not expanded by 2023,,Metro,2023,26.8,-6.099999999999998,15.1,14.5,10.77628606133415,10.72,9.5,27.29,11.51090342201859,2.0,47900.0,99798.0,10414.0,-4.685404540384081,-5.1788108494847735,-4.191998231283384,487.9380288355981
12037,Franklin County,FL,Not expanded by 2023,,"Rural, near a metro",2023,25.7,0.5,22.4,25.9,10.41843467126129,13.77,5.03,19.58,9.351926736038054,6.0,33500.0,11521.0,1395.0,-6.264455831084841,-7.955623756698711,-4.573287905470969,87.38915884363352
12039,Gadsden County,FL,Not expanded by 2023,,Metro,2023,25.9,-5.5,19.0,25.3,10.444299071792376,55.41,9.97,14.91,10.738286193554881,2.0,34300.0,46087.0,6522.0,-4.938074728551748,-6.352518884225651,-3.5236305728778454,322.061233796145
12041,Gilchrist County,FL,Not expanded by 2023,,Metro,2023,30.6,1.2000000000000028,19.9,21.9,10.59297805559253,5.32,5.3,18.85,9.738436006907127,2.0,39900.0,16957.0,2218.0,-5.849932732574279,-6.572398419576704,-5.127467045571853,129.75150800849752
12043,Glades County,FL,Not expanded by 2023,,"Rural, near a metro",2023,35.6,-9.100000000000001,28.4,24.1,10.57139384523028,12.57,20.92,23.73,9.446992273315185,6.0,39000.0,12670.0,1358.0,-6.2391701646707745,-8.479891774390417,-3.9984485549511315,84.72793083622912
12045,Gulf County,FL,Not expanded by 2023,,Metro,2023,23.0,-0.3000000000000007,16.8,22.4,10.568235258574376,18.5,4.67,17.95,9.673067592251142,3.0,38900.0,15884.0,1587.0,-6.051907741700362,-7.219277878469179,-4.884537604931547,96.04377586078475
12047,Hamilton County,FL,Not expanded by 2023,,"Rural, near a metro",2023,23.5,-0.5,17.5,29.2,10.429280603423905,33.61,8.95,15.47,9.57094757444252,6.0,33800.0,14342.0,1853.0,-5.395786660188195,-7.146291595015815,-3.6452817253605754,99.98392681328725
12049,Hardee County,FL,Not expanded by 2023,,"Rural, near a metro",2023,29.0,-6.399999999999999,21.6,28.8,10.459783550346875,6.59,43.06,14.3,10.215044830421325,6.0,34900.0,27311.0,3801.0,-7.636842943932069,-9.99261513116383,-5.281070756700299,290.27640029885794
12051,Hendry County,FL,Not expanded by 2023,,"Rural, near a metro",2023,37.8,-10.400000000000006,29.4,25.1,10.520967854170658,11.94,50.69,12.85,10.540302448505601,4.0,37100.0,37809.0,7038.0,-9.103233291930518,-12.09311107953521,-6.113355504325826,640.6855590860698
12053,Hernando County,FL,Not expanded by 2023,,Metro,2023,24.1,-4.699999999999999,15.8,15.6,10.578470762468402,4.86,11.29,27.12,12.06473371035525,1.0,39300.0,173639.0,22141.0,-4.591106518818395,-5.2387438347434925,-3.9434692028933016,1016.5168943315809
12055,Highlands County,FL,Not expanded by 2023,,Metro,2023,28.2,-4.199999999999999,20.4,20.1,10.43570277898059,9.44,18.24,33.63,11.493508163426545,3.0,34100.0,98077.0,12294.0,-5.193558094263318,-6.827877580242763,-3.5592386082838754,638.4960321087324
12057,Hillsborough County,FL,Not expanded by 2023,,Metro,2023,26.2,-3.5,18.3,16.8,10.80992994835547,15.72,26.37,12.73,14.081047476545654,1.0,49500.0,1304131.0,159300.0,-3.605412646633603,-4.613231460669821,-2.597593832597385,5743.42234608733
12059,Holmes County,FL,Not expanded by 2023,,"Rural, near a metro",2023,18.2,-6.100000000000001,15.9,27.5,10.410907383167286,6.4,2.67,18.45,9.882978675904587,6.0,33200.0,19594.0,2677.0,-5.267973422524545,-5.676774680362065,-4.8591721646870285,141.02364852098205
12061,Indian River County,FL,Not expanded by 2023,,Metro,2023,29.8,-4.699999999999999,20.7,14.1,10.69932669131962,8.96,11.71,29.28,11.86284262644558,3.0,44300.0,141895.0,13568.0,-5.320475180524689,-6.675958045719729,-3.9649923153296527,721.8820724935897
12063,Jackson County,FL,Not expanded by 2023,,"Rural, near a metro",2023,20.0,-2.6999999999999993,16.0,26.3,10.500454174622105,26.79,4.41,17.4,10.797123593845477,6.0,36300.0,48880.0,6130.0,-6.310976282821514,-7.7540334775614514,-4.867919088081576,386.86284613695875
12065,Jefferson County,FL,Not expanded by 2023,,Metro,2023,23.9,-4.5,17.7,19.6,10.583904040617256,35.45,3.94,19.61,9.561630845638076,2.0,39500.0,14209.0,1631.0,-6.460652789535105,-7.108286900992624,-5.813018678077587,105.37324699731757
12067,Lafayette County,FL,Not expanded by 2023,,Remote rural,2023,25.2,-2.5,17.7,25.2,10.521911186900137,14.59,12.61,13.63,9.08466376388818,9.0,37100.0,8819.0,1109.0,-5.009491296043224,-6.7926419772424715,-3.226340614843978,55.55525847311936
12069,Lake County,FL,Not expanded by 2023,,Metro,2023,27.5,-6.399999999999999,18.3,14.5,10.697475048022145,9.76,13.35,25.74,12.637767395775482,1.0,44200.0,307973.0,36334.0,-4.538953192151008,-5.341802157356359,-3.736104226945657,1649.1832528361472
12071,Lee County,FL,Not expanded by 2023,,Metro,2023,33.1,-8.199999999999996,22.4,16.3,10.749463110495258,8.11,19.29,25.76,13.399743567215852,2.0,46600.0,659834.0,68098.0,-5.360727155464203,-6.453889452949535,-4.267564857978869,3650.547978328013
12073,Leon County,FL,Not expanded by 2023,,Metro,2023,16.9,-1.9000000000000021,13.6,21.7,10.757370824281667,30.81,5.87,10.87,12.549261560395,2.0,47000.0,281887.0,44169.0,-4.327325654409477,-5.597289917300663,-3.057361391518291,1911.336468296122
12075,Levy County,FL,Not expanded by 2023,,"Rural, near a metro",2023,27.4,-3.5,19.4,23.6,10.410094289300497,9.25,7.56,22.03,10.582358308177264,6.0,33200.0,39433.0,6285.0,-5.534861083354698,-6.798071683370874,-4.271650483338525,347.86601908884273
12077,Liberty County,FL,Not expanded by 2023,,"Rural, near a metro",2023,20.3,-5.199999999999999,16.2,27.7,10.506737377491612,18.62,6.53,12.1,9.030854790001436,8.0,36600.0,8357.0,833.0,-5.526335966909892,-6.95882535271192,-4.093846581107871,46.034378604359404
12079,Madison County,FL,Not expanded by 2023,,"Rural, near a metro",2023,24.5,-2.6000000000000014,18.7,28.9,10.321901790930502,38.94,4.82,17.6,9.839109018599922,6.0,30400.0,18753.0,2587.0,-6.505208433990314,-7.735932622145187,-5.274484245835442,168.2897421873294
12081,Manatee County,FL,Not expanded by 2023,,Metro,2023,29.8,-5.4999999999999964,20.4,16.0,10.780330345443172,8.71,15.43,25.01,12.74214194953306,2.0,48100.0,341855.0,33656.0,-4.7369751728181475,-5.655649647816872,-3.818300697819424,1594.2763641636757
12083,Marion County,FL,Not expanded by 2023,,Metro,2023,24.9,-3.900000000000002,18.3,19.6,10.565737285268195,12.44,11.68,27.37,12.722133541313497,2.0,38800.0,335083.0,44467.0,-4.23353864106909,-5.47195400692652,-2.9951232752116574,1882.527627524192
12085,Martin County,FL,Not expanded by 2023,,Metro,2023,33.1,-0.6999999999999957,22.0,13.5,10.842693708981024,5.37,12.8,28.91,11.925869204934076,2.0,51200.0,151126.0,11204.0,-5.628933671843551,-6.726533636731363,-4.531333706955742,630.6657285933516
12086,Miami-Dade County,FL,Not expanded by 2023,,Metro,2023,27.7,-6.699999999999999,20.1,21.0,10.641608098738805,16.77,66.26,14.82,14.774742764672588,1.0,41800.0,2609692.0,293939.0,-5.49965587471244,-8.828221746359684,-2.171090003065195,16165.633481570998
12087,Monroe County,FL,Not expanded by 2023,,"Rural, near a metro",2023,33.2,-2.3999999999999986,22.6,16.8,10.827349549906602,6.18,22.5,19.4,11.236025060883124,4.0,50400.0,75813.0,6748.0,-6.594297083510708,-8.776484124826936,-4.412110042194479,444.9831671953026
12089,Nassau County,FL,Not expanded by 2023,,Metro,2023,23.1,-6.299999999999997,14.7,13.4,10.95057845062929,6.1,3.53,18.93,11.230350329886592,1.0,57000.0,75384.0,6562.0,-4.628940778150625,-5.412108765307321,-3.845772790993927,303.751093862244
12091,Okaloosa County,FL,Not expanded by 2023,,Metro,2023,26.8,-7.199999999999999,17.2,13.4,10.901634730880115,9.27,8.28,14.51,12.168827579500261,3.0,54300.0,192688.0,18854.0,-4.685305909253425,-5.809265539756735,-3.561346278750115,883.3675761306408
12093,Okeechobee County,FL,Not expanded by 2023,,"Rural, near a metro",2023,26.8,-7.699999999999999,22.0,25.7,10.489995622606362,8.09,24.55,18.66,10.583600150825614,4.0,36000.0,39482.0,5112.0,-5.93788623740284,-7.196101235167986,-4.679671239637689,303.5447444560332
12095,Orange County,FL,Not expanded by 2023,,Metro,2023,25.8,-6.099999999999998,17.8,18.2,10.750963968409923,20.18,28.85,10.59,14.020437184091922,1.0,46700.0,1227435.0,160139.0,-4.012451062563467,-5.304295423696926,-2.720606701430013,6425.499007078511
12097,Osceola County,FL,Not expanded by 2023,,Metro,2023,24.6,-5.0,15.4,20.7,10.635663120063551,9.53,49.18,12.05,12.608994522365556,1.0,41600.0,299238.0,53651.0,-5.560764342079396,-8.011396955045063,-3.110131729113728,2983.4056771690166
12099,Palm Beach County,FL,Not expanded by 2023,,Metro,2023,32.1,-7.5,23.2,15.0,10.854527476737102,17.83,20.39,22.5,14.13502699693601,1.0,51800.0,1376462.0,118530.0,-3.969597726514902,-4.828221891329306,-3.110973561700499,4705.1641852381135
12101,Pasco County,FL,Not expanded by 2023,,Metro,2023,25.3,-3.5,16.7,13.5,10.724456104533958,4.6,13.03,21.99,13.06970494110812,1.0,45500.0,474352.0,53435.0,-4.498433706126526,-5.158231832944356,-3.83863557930869,2403.738050868709
12103,Pinellas County,FL,Not expanded by 2023,,Metro,2023,28.6,-2.1999999999999993,19.7,15.1,10.686772467932132,10.36,8.63,22.56,13.741233032975744,1.0,43800.0,928414.0,81089.0,-4.530088448244125,-5.71865862326648,-3.3415182732217676,3673.4034217966782
12105,Polk County,FL,Not expanded by 2023,,Metro,2023,28.4,-4.899999999999999,19.6,19.3,10.656011517864062,14.62,19.06,19.29,13.341712539118577,2.0,42400.0,622633.0,87689.0,-3.8130422392764376,-5.0652676309882905,-2.560816847564584,3343.6186091991153
12107,Putnam County,FL,Not expanded by 2023,,"Rural, near a metro",2023,24.7,-4.0,19.0,26.9,10.399767904860083,15.96,9.45,20.58,11.189547127860173,4.0,32900.0,72370.0,12473.0,-5.028401876077829,-6.360411713371312,-3.6963920387843414,627.1925660031876
12109,St. Johns County,FL,Not expanded by 2023,,Metro,2023,23.2,-8.400000000000002,14.1,9.6,11.102126155271362,5.38,5.85,17.55,12.2521878064952,1.0,66300.0,209439.0,15465.0,-4.048965532254074,-5.026568123917538,-3.0713629405906095,626.1725195630925
12111,St. Lucie County,FL,Not expanded by 2023,,Metro,2023,28.8,-9.099999999999998,18.7,19.0,10.664877323192322,19.25,17.36,21.91,12.56129303211308,2.0,42800.0,285299.0,35747.0,-4.235753641192963,-5.475683696998142,-2.9958235853877855,1514.1548541172483
12113,Santa Rosa County,FL,Not expanded by 2023,,Metro,2023,23.9,-11.800000000000004,14.5,13.8,10.912831373446055,6.03,4.94,14.07,11.985376097859016,2.0,54900.0,160392.0,15267.0,-4.822454950303476,-5.456023162510854,-4.1888867380961,736.2441972628318
12115,Sarasota County,FL,Not expanded by 2023,,Metro,2023,28.5,-6.5,19.1,13.0,10.793783324133198,4.54,8.53,33.43,12.873750724610263,2.0,48700.0,389941.0,26634.0,-4.967885246892966,-5.770487390574932,-4.165283103211003,1323.1465566574725
12117,Seminole County,FL,Not expanded by 2023,,Metro,2023,24.4,-8.0,15.7,12.9,10.918627648452452,10.79,18.79,13.63,12.984256963884722,1.0,55200.0,435503.0,39826.0,-4.138987630096769,-4.912571446904903,-3.365403813288631,1648.393213562339
12119,Sumter County,FL,Not expanded by 2023,,Metro,2023,24.2,-1.6999999999999993,15.3,12.0,10.871801312477436,8.21,5.71,50.47,11.579630387764219,3.0,52700.0,106898.0,6140.0,-4.580292196049884,-5.483102493203901,-3.677481898895868,281.22994083746283
12121,Suwannee County,FL,Not expanded by 2023,,"Rural, near a metro",2023,22.1,-7.199999999999999,16.1,24.6,10.481953133012459,13.16,8.6,19.42,10.682537162096777,6.0,35700.0,43588.0,6159.0,-5.214094253867823,-5.831292634478011,-4.596895873257637,321.13606509571923
12123,Taylor County,FL,Not expanded by 2023,,"Rural, near a metro",2023,23.6,0.0,16.6,23.9,10.555031183240999,20.63,3.9,17.27,10.037712454627359,6.0,38400.0,22873.0,2748.0,-6.147058182896304,-7.473391058335656,-4.8207253074569545,168.92115886599044
12125,Union County,FL,Not expanded by 2023,,"Rural, near a metro",2023,18.2,2.299999999999999,13.5,23.8,10.617441757777067,21.8,5.15,12.45,9.626415659196363,6.0,40800.0,15160.0,1536.0,-4.54522832715585,-6.0465556153702735,-3.043901038941425,69.81470710511385
12127,Volusia County,FL,Not expanded by 2023,,Metro,2023,21.7,-6.199999999999999,15.9,16.6,10.619080921925903,10.27,12.04,22.7,13.123238993940255,2.0,40900.0,500438.0,56257.0,-4.2828863951817215,-5.054747031405596,-3.5110257589578486,2409.4233993373814
12129,Wakulla County,FL,Not expanded by 2023,,Metro,2023,24.3,-3.5,15.5,15.9,10.767010218871627,14.5,3.53,12.92,10.341871507401402,2.0,47400.0,31004.0,2904.0,-5.625406480198322,-6.347710930045445,-4.9031020303512,163.36180418495928
12131,Walton County,FL,Not expanded by 2023,,Metro,2023,26.4,-5.899999999999999,18.6,19.3,10.72231979864831,5.49,5.8,17.94,10.98855857063757,3.0,45400.0,59193.0,6661.0,-5.381245355690067,-6.345852342897741,-4.416638368482387,358.44475314251537
12133,Washington County,FL,Not expanded by 2023,,"Rural, near a metro",2023,25.3,-5.699999999999999,20.5,23.4,10.482093312723077,15.0,3.33,16.45,10.10659164851261,6.0,35700.0,24504.0,3508.0,-6.113972810688155,-7.424738725400645,-4.803206895975664,214.47816619894047
13001,Appling County,GA,Not expanded by 2023,,Remote rural,2023,32.8,-3.4000000000000057,22.6,28.6,10.516373251493265,18.6,9.34,15.39,9.818474178209172,7.0,36900.0,18370.0,2531.0,-5.810753907423095,-7.01958398699495,-4.601923827851241,147.07018139687852
13003,Atkinson County,GA,Not expanded by 2023,,Remote rural,2023,42.1,-5.299999999999997,27.5,26.0,10.337961149679,16.87,24.46,11.8,9.019664010799474,9.0,30900.0,8264.0,1514.0,-7.5935878946725275,-10.595180974339556,-4.591994815005496,114.96692072534208
13005,Bacon County,GA,Not expanded by 2023,,Remote rural,2023,29.6,-4.5,20.1,22.8,10.427653793239193,15.42,7.57,14.0,9.321255432547337,7.0,33800.0,11173.0,1822.0,-5.582394967457505,-7.109244406233215,-4.055545528681792,101.71123630707575
13007,Baker County,GA,Not expanded by 2023,,Metro,2023,25.0,-9.299999999999997,14.3,27.7,10.522315200103396,44.83,4.81,17.8,8.116118431609365,3.0,37100.0,3348.0,452.0,-6.827879534526255,-7.741814304234661,-5.913944764817851,30.86201549605867
13009,Baldwin County,GA,Not expanded by 2023,,"Rural, near a metro",2023,24.5,-4.699999999999999,19.2,31.8,10.48612207904855,41.38,2.17,13.65,10.74025877317895,4.0,35800.0,46178.0,6593.0,-6.565446436567671,-7.762959041989907,-5.367933831145434,432.85988356290653
13011,Banks County,GA,Not expanded by 2023,,"Rural, near a metro",2023,32.0,-11.5,20.1,17.4,10.657141700932726,2.33,6.1,15.08,9.810330054049878,8.0,42500.0,18221.0,2102.0,-6.429627611148671,-7.507482864770248,-5.351772357527093,135.15077238634507
13013,Barrow County,GA,Not expanded by 2023,,Metro,2023,33.3,-9.600000000000001,19.9,14.4,10.909033808084692,11.02,9.11,10.86,11.173795700247245,1.0,54700.0,71239.0,9021.0,-5.451865777607839,-6.078978345876284,-4.824753209339393,491.81281179800317
13015,Bartow County,GA,Not expanded by 2023,,Metro,2023,31.6,-5.399999999999999,20.8,19.1,10.743544978410695,10.23,7.7,12.25,11.5220536757971,1.0,46300.0,100917.0,11254.0,-5.364497923069402,-7.0337297021638,-3.695266143975003,603.7205962622305
13017,Ben Hill County,GA,Not expanded by 2023,,Remote rural,2023,23.8,-7.199999999999999,16.8,31.9,10.311948169624092,34.57,6.02,15.28,9.767094927630573,7.0,30100.0,17450.0,2965.0,-6.469056696542664,-7.928787712052372,-5.00932568103296,191.80753105248996
13019,Berrien County,GA,Not expanded by 2023,,"Rural, near a metro",2023,23.8,-9.099999999999998,17.1,24.0,10.542785543610696,10.46,4.71,15.84,9.855294709934643,6.0,37900.0,19059.0,2959.0,-5.710608208881019,-6.636236319132438,-4.7849800986296,168.97689690078934
13021,Bibb County,GA,Not expanded by 2023,,Metro,2023,21.5,-3.5,17.3,29.2,10.513687812275148,53.18,3.08,13.65,11.95138037590405,3.0,36800.0,155031.0,24364.0,-6.308470582918535,-7.737535131860982,-4.879406033976087,1536.9957728222719
13023,Bleckley County,GA,Not expanded by 2023,,"Rural, near a metro",2023,24.8,-2.3999999999999986,15.6,22.0,10.605817442670727,26.29,2.55,16.43,9.452815851589884,6.0,40400.0,12744.0,1521.0,-6.576357637446327,-7.524164642515072,-5.628550632377586,100.02639966555863
13025,Brantley County,GA,Not expanded by 2023,,Metro,2023,32.2,-2.299999999999997,22.7,22.5,10.51211116802542,2.94,2.02,14.16,9.81230384711351,3.0,36800.0,18257.0,2634.0,-6.761600499393982,-7.817060396477646,-5.70614060231032,178.10055715403746
13027,Brooks County,GA,Not expanded by 2023,,Metro,2023,25.8,-2.8000000000000007,17.2,25.4,10.444852080610952,35.12,5.45,17.91,9.658162296163171,3.0,34400.0,15649.0,2600.0,-6.517601475665343,-7.324611079711315,-5.7105918716193775,169.4576383672989
13029,Bryan County,GA,Not expanded by 2023,,Metro,2023,27.8,-13.499999999999996,14.9,10.1,11.098409521341646,14.22,6.15,9.68,10.405292613081036,2.0,66100.0,33034.0,3452.0,-6.453598711166088,-7.291846799217314,-5.615350623114857,222.77822750945336
13031,Bulloch County,GA,Not expanded by 2023,,"Rural, near a metro",2023,25.9,-7.300000000000004,18.4,30.6,10.50462908730005,28.63,3.53,10.04,11.181862571436524,4.0,36500.0,71816.0,14713.0,-6.014769780372903,-6.748734705272694,-5.280804855473111,884.9530777862653
13033,Burke County,GA,Not expanded by 2023,,Metro,2023,24.5,-3.3000000000000007,16.7,32.0,10.394365538492423,48.25,2.88,13.27,10.035567892893337,2.0,32700.0,22824.0,3417.0,-6.812952017862701,-8.240054999700568,-5.3858490360248314,232.79857045036846
13035,Butts County,GA,Not expanded by 2023,,Metro,2023,24.5,-8.799999999999997,15.9,22.0,10.676600514733956,27.56,2.94,13.8,10.052683118897981,1.0,43300.0,23218.0,2927.0,-6.49021575996396,-7.1756619359964535,-5.804769583931472,189.9686152941451
13037,Calhoun County,GA,Not expanded by 2023,,"Rural, near a metro",2023,28.1,1.5,17.8,39.1,10.332897025887751,60.63,4.67,13.24,8.794218683679489,8.0,30700.0,6596.0,688.0,-6.671262126854611,-8.305649798901436,-5.036874454807788,45.89828343275972
13039,Camden County,GA,Not expanded by 2023,,"Rural, near a metro",2023,24.6,-9.299999999999997,16.5,15.6,10.801573579755436,18.8,5.94,10.78,10.847471269427032,4.0,49100.0,51404.0,5658.0,-5.5138469510347745,-6.150068499870546,-4.877625402198994,311.97346048954756
13043,Candler County,GA,Not expanded by 2023,,Remote rural,2023,31.9,-6.300000000000004,23.1,29.1,10.355422675029144,24.33,10.59,16.26,9.302007560502007,7.0,31400.0,10960.0,1690.0,-5.490212387904818,-7.109633290706864,-3.8707914851027665,92.78458935559142
13045,Carroll County,GA,Not expanded by 2023,,Metro,2023,28.8,-5.400000000000002,18.7,17.9,10.725313746949663,18.28,6.33,12.16,11.6286174269663,1.0,45500.0,112265.0,15045.0,-5.326534863995254,-6.737215231182947,-3.9158544968075635,801.377170288086
13047,Catoosa County,GA,Not expanded by 2023,,Metro,2023,27.0,-4.100000000000001,17.3,16.0,10.836576402686164,2.24,2.66,15.26,11.08553678194579,2.0,50800.0,65221.0,5944.0,-5.252193535360841,-6.031122433954481,-4.473264636767199,312.1903837418484
13049,Charlton County,GA,Not expanded by 2023,,"Rural, near a metro",2023,25.3,-11.499999999999996,19.4,31.2,10.467806548742118,31.13,3.52,13.34,9.480901717619545,6.0,35200.0,13107.0,1590.0,-7.512037567533793,-8.806733208207698,-6.217341926859889,119.4413973237873
13051,Chatham County,GA,Not expanded by 2023,,Metro,2023,28.4,-5.600000000000001,18.9,20.3,10.720046343011273,39.67,5.83,13.35,12.534116606669754,2.0,45300.0,277650.0,31868.0,-4.994390760867482,-6.118108529706465,-3.8706729920284997,1591.612447673249
13053,Chattahoochee County,GA,Not expanded by 2023,,Metro,2023,17.9,-9.100000000000001,9.6,20.5,10.755623689563581,17.39,15.39,3.91,9.412872969386267,2.0,46900.0,12245.0,1292.0,-2.736681344129694,-3.85818181499275,-1.6151808732666386,35.35792296615565
13055,Chattooga County,GA,Not expanded by 2023,,"Rural, near a metro",2023,27.4,-3.700000000000003,20.4,28.3,10.446973958541667,10.02,4.38,16.12,10.1285891855565,6.0,34400.0,25049.0,3753.0,-6.0393451140909615,-7.249514349384591,-4.829175878797332,226.65662213183379
13057,Cherokee County,GA,Not expanded by 2023,,Metro,2023,38.0,-6.299999999999997,21.2,11.0,11.122634642832976,5.66,9.77,11.34,12.320802134967074,1.0,67700.0,224314.0,15769.0,-7.085229616826964,-8.028761997680613,-6.141697235973316,1117.269858277444
13059,Clarke County,GA,Not expanded by 2023,,Metro,2023,23.1,-2.1999999999999993,16.4,37.2,10.400133112728284,26.97,10.34,9.31,11.702619776093597,3.0,32900.0,120888.0,25841.0,-4.854107330565035,-5.989040626034995,-3.7191740350950755,1254.3498752913106
13061,Clay County,GA,Not expanded by 2023,,Remote rural,2023,25.0,-5.199999999999999,14.9,35.5,10.20736280488266,61.16,1.36,22.82,8.011355109161286,9.0,27100.0,3015.0,432.0,-6.662277238908148,-7.467071039585443,-5.857483438230858,28.7810376720832
13063,Clayton County,GA,Not expanded by 2023,,Metro,2023,31.1,-3.799999999999997,20.1,25.4,10.611671117922187,67.11,13.03,7.71,12.483761198696179,1.0,40600.0,264015.0,42776.0,-4.449120187028065,-5.349516613692719,-3.5487237603634068,1903.155651203125
13065,Clinch County,GA,Not expanded by 2023,,"Rural, near a metro",2023,31.4,-3.8999999999999986,21.6,33.5,10.312081095318824,26.68,4.28,14.26,8.818482267274236,6.0,30100.0,6758.0,1165.0,-6.5090524092809945,-7.249320405721448,-5.768784412840539,75.8304605681236
13067,Cobb County,GA,Not expanded by 2023,,Metro,2023,35.7,-5.599999999999994,20.6,13.8,11.048760756003286,25.69,12.45,10.18,13.48145918867768,1.0,62900.0,716017.0,52736.0,-5.264887569849271,-6.127912201877214,-4.401862937821327,2776.491108835711
13069,Coffee County,GA,Not expanded by 2023,,Remote rural,2023,30.3,-6.599999999999998,21.7,28.2,10.422727674903138,27.46,10.58,12.14,10.670767704937301,7.0,33600.0,43078.0,6616.0,-4.880798361892065,-5.856974742877027,-3.9046219809071037,322.91361962277904
13071,Colquitt County,GA,Not expanded by 2023,,"Rural, near a metro",2023,32.8,-7.900000000000006,23.3,25.9,10.407137492553023,22.78,17.84,13.62,10.739132061324618,6.0,33100.0,46126.0,7086.0,-5.084470421004189,-6.4843006243168055,-3.684640217691573,360.28557403235686
13073,Columbia County,GA,Not expanded by 2023,,Metro,2023,29.8,-9.7,15.7,8.3,11.19176933566073,15.65,5.61,11.46,11.821446392354721,2.0,72500.0,136141.0,9824.0,-5.73897012718222,-6.950617864649279,-4.527322389715161,563.7964252943814
13075,Cook County,GA,Not expanded by 2023,,"Rural, near a metro",2023,27.5,-3.0,19.9,25.3,10.383658073342485,27.08,5.77,14.64,9.743964132018151,6.0,32300.0,17051.0,2827.0,-5.951747271969911,-7.360051933851787,-4.543442610088038,168.25589537858937
13077,Coweta County,GA,Not expanded by 2023,,Metro,2023,33.3,-8.800000000000004,18.8,13.7,11.02628826167047,17.38,6.57,11.9,11.797683265904762,1.0,61500.0,132944.0,10970.0,-5.937543131803347,-6.983614717633501,-4.89147154597319,651.3484815588272
13079,Crawford County,GA,Not expanded by 2023,,Metro,2023,28.4,-3.6000000000000014,18.9,21.5,10.678030371300068,20.98,2.86,15.52,9.432122997651051,3.0,43400.0,12483.0,1483.0,-6.198636678126702,-6.9394984199712235,-5.45777493628218,91.92578193661899
13081,Crisp County,GA,Not expanded by 2023,,"Rural, near a metro",2023,20.0,-11.600000000000001,15.5,30.7,10.32485881766135,43.45,3.18,15.37,10.056122798959722,6.0,30500.0,23298.0,3393.0,-7.708384614779042,-8.434549599223724,-6.982219630334353,261.5454899794529
13083,Dade County,GA,Not expanded by 2023,,Metro,2023,26.4,-7.300000000000004,16.1,16.7,10.679274066616875,1.09,2.09,16.19,9.70826311038665,2.0,43400.0,16453.0,1726.0,-4.869313121770772,-5.267636281749883,-4.4709899617916635,84.04434448176353
13085,Dawson County,GA,Not expanded by 2023,,Metro,2023,33.9,-8.200000000000003,22.3,15.2,10.87434222440065,0.48,3.84,17.42,10.031528902417012,1.0,52800.0,22732.0,2298.0,-6.935163561639039,-7.883031112216615,-5.987296011061467,159.3700586464651
13087,Decatur County,GA,Not expanded by 2023,,"Rural, near a metro",2023,27.2,-1.1000000000000014,19.6,26.6,10.437111312578097,41.27,5.49,15.0,10.217969771265725,6.0,34100.0,27391.0,4438.0,-5.980819904784344,-7.785838415929544,-4.175801393639152,265.42878737432915
13089,DeKalb County,GA,Not expanded by 2023,,Metro,2023,32.6,-0.3999999999999986,19.9,19.9,10.817656034029183,53.9,8.72,10.2,13.483862665458528,1.0,49900.0,717740.0,75857.0,-4.317101569128309,-5.423759976463629,-3.2104431617929903,3274.8237372936615
13091,Dodge County,GA,Not expanded by 2023,,"Rural, near a metro",2023,23.9,-2.900000000000002,17.0,25.9,10.430963782371098,29.28,3.43,15.48,9.972500423823082,6.0,33900.0,21429.0,2987.0,-6.793595022743766,-7.558227978881454,-6.028962066606078,202.9246833293563
13093,Dooly County,GA,Not expanded by 2023,,"Rural, near a metro",2023,29.5,0.1999999999999993,18.4,30.9,10.361545110763464,49.01,6.74,15.91,9.573037148233409,6.0,31600.0,14372.0,1372.0,-5.969341522880791,-7.169418158347942,-4.769264887413641,81.89936569392445
13095,Dougherty County,GA,Not expanded by 2023,,Metro,2023,21.7,-3.900000000000002,17.6,31.3,10.360120947218691,68.09,2.44,13.11,11.444764390301508,3.0,31600.0,93411.0,14665.0,-6.655564939985384,-7.9194484358515655,-5.391681444119207,976.0385984488565
13097,Douglas County,GA,Not expanded by 2023,,Metro,2023,28.6,-11.399999999999999,16.9,17.9,10.857863738015615,41.16,8.78,9.95,11.820586619737321,1.0,51900.0,136024.0,15412.0,-5.4725909670114845,-6.6879204155366745,-4.2572615184862945,843.4357198358099
13099,Early County,GA,Not expanded by 2023,,"Rural, near a metro",2023,25.9,1.0999999999999979,20.1,27.4,10.38458565982913,49.59,1.96,18.18,9.262932822095353,6.0,32400.0,10540.0,1752.0,-6.979871080649344,-8.295323516534243,-5.664418644764448,122.28734133297651
13101,Echols County,GA,Not expanded by 2023,,Metro,2023,32.1,-13.399999999999999,20.2,28.3,10.457631253015656,4.86,28.35,10.82,8.292298107063221,3.0,34800.0,3993.0,579.0,-6.954145150766515,-7.900487898116654,-6.007802403416381,40.26450042293812
13103,Effingham County,GA,Not expanded by 2023,,Metro,2023,26.8,-13.7,15.2,11.8,11.019645020419986,13.28,3.31,10.38,10.904468636571197,2.0,61100.0,54419.0,5499.0,-7.0351948753215,-7.901937117759318,-6.168452632883677,386.8653661939293
13105,Elbert County,GA,Not expanded by 2023,,"Rural, near a metro",2023,26.8,-3.3000000000000007,19.4,23.4,10.448337720413921,29.1,5.32,18.59,9.877656792501606,6.0,34500.0,19490.0,2655.0,-6.276572024310069,-7.159840235582598,-5.393303813037543,166.64298724543232
13107,Emanuel County,GA,Not expanded by 2023,,Remote rural,2023,26.3,-6.900000000000002,20.1,34.1,10.320485896457965,34.21,4.51,14.85,10.027075926780746,7.0,30300.0,22631.0,3564.0,-6.478691492301749,-7.388722946013746,-5.568660038589746,230.90056478563434
13109,Evans County,GA,Not expanded by 2023,,"Rural, near a metro",2023,30.7,-5.099999999999998,22.4,27.9,10.399341660371974,29.47,11.57,14.83,9.286745703178589,6.0,32800.0,10794.0,1571.0,-5.209009866039313,-6.5007881760648685,-3.91723155601376,81.83354499547761
13111,Fannin County,GA,Not expanded by 2023,,"Rural, near a metro",2023,28.9,-4.800000000000004,20.1,22.5,10.482149379105689,0.5,1.85,25.04,10.078742533123364,8.0,35700.0,23831.0,2483.0,-5.851248375825471,-6.705581945069298,-4.996914806581641,145.28649717174645
13113,Fayette County,GA,Not expanded by 2023,,Metro,2023,33.4,-11.0,16.5,7.2,11.306737354305431,20.86,6.76,15.3,11.590386381148008,1.0,81400.0,108054.0,5216.0,-5.95358904409525,-6.6563917213602,-5.250786366830298,310.53920454000826
13115,Floyd County,GA,Not expanded by 2023,,Metro,2023,28.7,-10.7,19.2,22.2,10.581038745471517,14.26,9.94,15.24,11.470852688548321,3.0,39400.0,95880.0,12778.0,-5.252695146577741,-6.608343487701837,-3.897046805453646,671.1893858297037
13117,Forsyth County,GA,Not expanded by 2023,,Metro,2023,41.6,-4.699999999999996,19.9,7.7,11.380136653706765,2.81,9.4,10.51,12.174587138384211,1.0,87600.0,193801.0,8915.0,-8.268327778721329,-9.49646763509369,-7.040187922348962,737.1214214730064
13119,Franklin County,GA,Not expanded by 2023,,"Rural, near a metro",2023,35.0,0.6000000000000014,24.5,20.9,10.599480679545993,8.78,4.11,18.06,10.000841097792039,8.0,40100.0,22045.0,3441.0,-7.778413337639348,-9.98756241961928,-5.569264255659418,267.65520294817
13121,Fulton County,GA,Not expanded by 2023,,Metro,2023,26.5,-2.6999999999999993,17.0,18.2,10.923669721500422,43.79,7.42,10.08,13.796808764528102,1.0,55500.0,981472.0,101781.0,-4.546415953230628,-5.656049014115323,-3.436782892345934,4627.387621357666
13123,Gilmer County,GA,Not expanded by 2023,,"Rural, near a metro",2023,35.7,-7.099999999999994,22.4,25.1,10.579564868400478,0.46,10.43,21.02,10.265244560881653,6.0,39300.0,28717.0,3273.0,-8.986282084387708,-10.21662631622787,-7.755937852547547,294.1210126220097
13125,Glascock County,GA,Not expanded by 2023,,Remote rural,2023,22.8,-12.599999999999998,13.4,19.2,10.544156526450868,8.99,1.6,16.41,8.026170194946426,9.0,38000.0,3060.0,391.0,-6.211791476536273,-7.1045524883563935,-5.3190304647161515,24.28810467325683
13127,Glynn County,GA,Not expanded by 2023,,Metro,2023,30.2,-8.8,21.8,20.3,10.681274550159202,26.12,6.29,16.94,11.308321488735505,3.0,43500.0,81497.0,9127.0,-5.777775693674046,-6.511304517266811,-5.044246870081282,527.3375875616302
13129,Gordon County,GA,Not expanded by 2023,,"Rural, near a metro",2023,34.1,-9.299999999999997,23.1,18.4,10.652329576439035,3.65,14.62,13.06,10.928829979276463,4.0,42300.0,55761.0,7250.0,-6.657256719316673,-8.02893284218954,-5.285580596443806,482.6511121504588
13131,Grady County,GA,Not expanded by 2023,,"Rural, near a metro",2023,32.4,-5.100000000000001,23.2,25.7,10.469142212580797,28.48,10.55,15.5,10.130662964963708,6.0,35200.0,25101.0,3523.0,-5.361082344051056,-6.600914143584278,-4.121250544517837,188.8709309809187
13133,Greene County,GA,Not expanded by 2023,,"Rural, near a metro",2023,30.1,-6.5,20.8,23.1,10.665274208812761,36.58,5.74,25.32,9.695417325719395,6.0,42800.0,16243.0,1500.0,-6.084372309191534,-7.132296649901578,-5.0364479684814905,91.265584637873
13135,Gwinnett County,GA,Not expanded by 2023,,Metro,2023,39.2,0.0,25.2,13.7,10.98666466270383,24.78,20.28,8.09,13.657052782570117,1.0,59100.0,853459.0,84724.0,-5.769924894995371,-7.497188375709578,-4.04266141428117,4888.511168035878
13137,Habersham County,GA,Not expanded by 2023,,"Rural, near a metro",2023,37.1,-9.299999999999997,23.9,21.2,10.609797719622355,3.41,13.44,16.82,10.67253039209933,6.0,40500.0,43154.0,4756.0,-8.854506078044201,-10.616669403085629,-7.092342753002771,421.12030907178223
13139,Hall County,GA,Not expanded by 2023,,Metro,2023,36.4,-12.5,25.1,20.8,10.757604963978993,7.3,27.02,12.91,12.135816476418693,3.0,47000.0,186431.0,20174.0,-6.558168241040546,-8.362433879862666,-4.753902602218431,1323.0448609475197
13141,Hancock County,GA,Not expanded by 2023,,Remote rural,2023,23.0,-1.1999999999999993,14.0,38.5,10.176601523624978,72.96,1.78,18.53,9.09963224999176,7.0,26300.0,8952.0,1210.0,-6.605206995636182,-7.547579514766113,-5.662834476506246,79.92300464719781
13143,Haralson County,GA,Not expanded by 2023,,Metro,2023,24.1,-5.899999999999999,17.1,22.2,10.585270403017024,4.38,1.34,15.43,10.251853068603719,1.0,39500.0,28335.0,3733.0,-5.211796233941401,-5.7112097478629655,-4.712382720019837,194.5563534130325
13145,Harris County,GA,Not expanded by 2023,,Metro,2023,29.9,-6.399999999999999,14.4,10.6,11.018252022874206,16.77,3.06,15.74,10.389979499286666,2.0,61000.0,32532.0,2103.0,-5.5369297675296565,-6.090564243989857,-4.983295291069456,116.44163301114868
13147,Hart County,GA,Not expanded by 2023,,"Rural, near a metro",2023,27.9,-6.0,19.2,20.8,10.602243971860585,18.34,3.47,19.94,10.144706750577567,6.0,40200.0,25456.0,2949.0,-5.951771038215973,-7.163503130276958,-4.740038946154989,175.51772791698906
13149,Heard County,GA,Not expanded by 2023,,Metro,2023,27.1,-2.1999999999999993,17.3,20.3,10.599705014953292,10.01,2.29,15.16,9.355652103136237,1.0,40100.0,11564.0,1717.0,-5.898662565986209,-6.4980824637160595,-5.299242668256358,101.28003625798321
13151,Henry County,GA,Not expanded by 2023,,Metro,2023,25.8,-10.400000000000002,14.4,11.6,11.003548790969342,38.6,6.12,9.87,12.254919950924158,1.0,60100.0,210012.0,21342.0,-5.426301483108162,-6.0516265458221525,-4.800976420394171,1158.081262524944
13153,Houston County,GA,Not expanded by 2023,,Metro,2023,29.7,-3.0000000000000036,16.9,15.4,10.864694287031115,29.27,6.34,11.15,11.901766488857707,3.0,52300.0,147527.0,16842.0,-5.253932116949893,-6.005258203277407,-4.502606030622379,884.8672471367009
13155,Irwin County,GA,Not expanded by 2023,,Remote rural,2023,25.8,-5.099999999999998,17.0,26.5,10.487210415814785,26.44,3.56,16.97,9.142596719889664,7.0,35900.0,9345.0,1304.0,-6.581169720918539,-8.03534950159692,-5.126989940240156,85.81845316077775
13157,Jackson County,GA,Not expanded by 2023,,"Rural, near a metro",2023,33.0,-7.100000000000001,19.7,14.0,10.866375569787065,6.65,6.75,13.71,11.023012962784444,4.0,52400.0,61268.0,6548.0,-5.802557753124094,-6.521766116099677,-5.083349390148518,379.9514816745657
13159,Jasper County,GA,Not expanded by 2023,,Metro,2023,31.2,-7.800000000000001,17.5,19.7,10.653558397162227,21.37,3.79,14.92,9.517604459155686,1.0,42300.0,13597.0,1738.0,-5.7443739052260625,-6.349953547479524,-5.138794262972596,99.83721847282897
13161,Jeff Davis County,GA,Not expanded by 2023,,Remote rural,2023,29.9,-7.0,21.5,22.7,10.448163726677256,14.79,10.76,14.27,9.618601567386348,7.0,34500.0,15042.0,2519.0,-5.447258934922809,-6.196038215579385,-4.698479654266233,137.21645257070557
13163,Jefferson County,GA,Not expanded by 2023,,"Rural, near a metro",2023,26.1,-4.899999999999999,21.0,27.5,10.280278800059685,53.8,3.35,15.99,9.69523261371567,6.0,29200.0,16240.0,2362.0,-6.639979833475589,-7.491834654140081,-5.788125012811098,156.83632366669343
13165,Jenkins County,GA,Not expanded by 2023,,"Rural, near a metro",2023,25.6,-4.5,17.0,38.3,10.255727677184748,42.36,5.03,14.42,9.126306376366173,6.0,28400.0,9194.0,1561.0,-6.750637853679455,-7.636467191256216,-5.864808516102695,105.3774568959363
13167,Johnson County,GA,Not expanded by 2023,,Remote rural,2023,25.2,-4.699999999999999,19.1,31.3,10.29434650825493,33.83,2.39,16.19,9.20029003612268,7.0,29600.0,9900.0,1244.0,-6.918790456358553,-8.510128377998733,-5.3274525347183745,86.0697532771004
13169,Jones County,GA,Not expanded by 2023,,Metro,2023,26.7,-6.400000000000002,14.8,16.3,10.852245474547784,24.31,1.29,14.34,10.260322483676225,3.0,51600.0,28576.0,2916.0,-5.763248133136398,-7.11218973539153,-4.414306530881264,168.05631556225737
13171,Lamar County,GA,Not expanded by 2023,,Metro,2023,24.5,-2.6000000000000014,16.7,19.7,10.619252022961483,30.69,2.0,15.63,9.794174792595427,1.0,40900.0,17929.0,2498.0,-6.534438453489507,-7.4057482998405755,-5.663128607138442,163.23027256816786
13173,Lanier County,GA,Not expanded by 2023,,Metro,2023,32.8,3.099999999999998,19.8,27.2,10.465984899076615,22.37,5.04,11.6,9.250714266114455,3.0,35100.0,10412.0,1742.0,-5.98672786406624,-7.868032344727274,-4.105423383405206,104.28879939203391
13175,Laurens County,GA,Not expanded by 2023,,Remote rural,2023,24.2,-3.8000000000000007,17.6,29.1,10.433350805179256,36.16,2.37,15.56,10.773378261575965,5.0,34000.0,47733.0,7282.0,-6.88019163592722,-7.872449837373773,-5.887933434480677,501.0155549282202
13177,Lee County,GA,Not expanded by 2023,,Metro,2023,25.5,-8.899999999999999,15.0,11.6,11.055198172199253,19.87,2.42,10.03,10.276395033084118,3.0,63300.0,29039.0,2804.0,-5.930481106363485,-6.713427742487128,-5.147534470239841,166.29069022243212
13179,Liberty County,GA,Not expanded by 2023,,Metro,2023,24.4,-5.700000000000003,14.4,20.0,10.601000190605713,39.77,11.81,7.45,11.040374594257798,3.0,40200.0,62341.0,8820.0,-5.04409056601777,-6.026354375023691,-4.061826757011845,444.8887879227673
13181,Lincoln County,GA,Not expanded by 2023,,Metro,2023,28.9,-8.600000000000001,18.1,22.3,10.482429663876848,31.56,1.37,20.05,8.953381472167242,2.0,35700.0,7734.0,827.0,-6.828204049499124,-7.787207670031458,-5.8692004289667885,56.46924748935776
13183,Long County,GA,Not expanded by 2023,,Metro,2023,29.3,-7.699999999999999,19.0,21.8,10.62490629943787,23.87,11.63,7.71,9.710145492458707,3.0,41100.0,16484.0,2993.0,-4.85874087345822,-5.522909713480245,-4.194572033436194,145.42211434260452
13185,Lowndes County,GA,Not expanded by 2023,,Metro,2023,24.6,-7.399999999999999,16.7,26.3,10.522395983160541,36.0,5.14,10.57,11.634107163069356,3.0,37100.0,112883.0,17739.0,-6.028017035872068,-6.942807042605265,-5.113227029138866,1069.3099419933462
13187,Lumpkin County,GA,Not expanded by 2023,,"Rural, near a metro",2023,32.3,-9.900000000000006,20.0,21.5,10.667069897311976,1.38,4.58,15.02,10.337637294504201,6.0,42900.0,30873.0,3602.0,-6.309228540452521,-7.111161667435976,-5.507295413469063,227.25841202709984
13189,McDuffie County,GA,Not expanded by 2023,,Metro,2023,22.3,-8.399999999999999,16.5,23.7,10.527498994261212,40.25,2.77,15.31,9.975761701406148,2.0,37300.0,21499.0,2982.0,-7.049484232442657,-7.618381203957443,-6.48058726092787,210.21561981144004
13191,McIntosh County,GA,Not expanded by 2023,,Metro,2023,26.1,-2.6999999999999993,19.1,23.1,10.500839435641206,34.76,1.9,21.35,9.54873932271967,3.0,36300.0,14027.0,1562.0,-6.773915566262991,-7.44117588098289,-6.106655251543092,105.80856114502791
13193,Macon County,GA,Not expanded by 2023,,"Rural, near a metro",2023,30.8,-1.0999999999999979,23.6,33.5,10.26965727803665,59.76,3.91,14.46,9.545096851813893,6.0,28800.0,13976.0,1813.0,-6.114522845840913,-7.054736975069998,-5.174308716611833,110.85629919509574
13195,Madison County,GA,Not expanded by 2023,,Metro,2023,31.9,-6.300000000000004,21.4,18.7,10.683064691094435,8.55,4.3,15.09,10.247148176397175,3.0,43600.0,28202.0,3807.0,-6.234867916023318,-7.134447907451746,-5.335287924594888,237.3614215630077
13197,Marion County,GA,Not expanded by 2023,,Metro,2023,33.4,0.6000000000000014,21.4,24.7,10.453918430894479,31.14,6.67,16.54,9.057189192482008,2.0,34700.0,8580.0,1137.0,-6.775128108797946,-8.053488776633882,-5.496767440962013,77.03320659703266
13199,Meriwether County,GA,Not expanded by 2023,,Metro,2023,25.9,-6.0,19.1,27.2,10.46201703637113,39.11,1.98,18.23,9.962558026113117,1.0,35000.0,21217.0,2906.0,-6.411430825777538,-7.65483276587724,-5.1680288856778365,186.31617979709526
13201,Miller County,GA,Not expanded by 2023,,"Rural, near a metro",2023,25.2,-2.8000000000000007,17.0,26.0,10.390071711929085,27.5,1.93,19.78,8.682538124003075,8.0,32500.0,5899.0,821.0,-6.851210893056307,-7.606663832716026,-6.095757953396588,56.24844143199228
13205,Mitchell County,GA,Not expanded by 2023,,"Rural, near a metro",2023,24.7,-6.0,17.5,32.8,10.382203122383885,47.71,4.42,14.2,10.042901608318806,6.0,32300.0,22992.0,3400.0,-6.827542902913369,-8.191083287002542,-5.464002518824193,232.13645869905457
13207,Monroe County,GA,Not expanded by 2023,,Metro,2023,26.5,-10.299999999999997,16.1,13.9,10.911317727550735,22.83,2.44,15.97,10.189380525503447,3.0,54800.0,26619.0,2438.0,-6.365613552279537,-7.3630377293239855,-5.368189375235093,155.19365840457513
13209,Montgomery County,GA,Not expanded by 2023,,Remote rural,2023,28.1,-5.0,16.5,25.5,10.522126680921012,25.09,6.33,14.3,9.100190628475195,9.0,37100.0,8957.0,1102.0,-6.1421618200866535,-7.099304970694155,-5.185018669479153,67.68662325735492
13211,Morgan County,GA,Not expanded by 2023,,Metro,2023,26.5,-8.5,17.5,17.1,10.785952591926186,23.01,2.91,17.45,9.780302451965749,1.0,48300.0,17682.0,1759.0,-6.019566868759464,-6.645597693120778,-5.393536044398151,105.88418122147897
13213,Murray County,GA,Not expanded by 2023,,Metro,2023,32.0,-11.700000000000003,20.5,21.9,10.605173176616129,0.7,13.34,12.57,10.575870643743345,3.0,40300.0,39178.0,4973.0,-6.0381026051504785,-7.690340792947625,-4.385864417353332,300.2748425541333
13215,Muscogee County,GA,Not expanded by 2023,,Metro,2023,23.4,-6.800000000000001,16.6,22.9,10.606931538573441,44.93,7.27,11.48,12.222069018614773,2.0,40400.0,203225.0,27289.0,-5.397666963246525,-6.811673431846628,-3.983660494646423,1472.9693376003443
13217,Newton County,GA,Not expanded by 2023,,Metro,2023,28.1,-7.799999999999997,15.8,15.0,10.83687136183646,41.72,4.62,11.43,11.533120172255748,1.0,50900.0,102040.0,13873.0,-5.849567064373003,-6.617138855086588,-5.081995273659417,811.5104388404668
13219,Oconee County,GA,Not expanded by 2023,,Metro,2023,33.9,-8.200000000000003,16.4,8.6,11.19103834651716,4.91,4.42,12.88,10.436377948899532,3.0,72500.0,34077.0,1730.0,-5.852681078750277,-6.709046769398993,-4.996315388101563,101.2513826623798
13221,Oglethorpe County,GA,Not expanded by 2023,,Metro,2023,30.5,-10.5,18.9,17.6,10.692535647473276,17.14,3.76,16.81,9.576579433583511,3.0,44000.0,14423.0,1614.0,-6.202559403272064,-7.229441429389571,-5.17567737715455,100.1093087688111
13223,Paulding County,GA,Not expanded by 2023,,Metro,2023,28.4,-8.800000000000004,15.8,11.6,11.002233165649471,16.95,5.34,8.81,11.896506180411542,1.0,60000.0,146753.0,12845.0,-5.6186851152993045,-6.60099471285153,-4.636375517747072,721.7201030601957
13225,Peach County,GA,Not expanded by 2023,,Metro,2023,26.4,-10.0,17.7,21.1,10.659656479512229,44.18,7.07,13.57,10.209574216664013,3.0,42600.0,27162.0,3736.0,-6.2856276983065325,-7.542280466359961,-5.0289749302531,234.83105080873207
13227,Pickens County,GA,Not expanded by 2023,,Metro,2023,27.6,-11.399999999999999,18.7,15.1,10.88429180523535,1.02,2.95,19.25,10.288307678667005,1.0,53300.0,29387.0,3192.0,-6.012504646809642,-6.656614193080808,-5.368395100538473,191.9191483261638
13229,Pierce County,GA,Not expanded by 2023,,"Rural, near a metro",2023,29.1,-4.899999999999999,18.6,21.8,10.497201063380588,8.48,4.94,15.45,9.853088594952276,6.0,36200.0,19017.0,2736.0,-5.778160062995316,-6.682563467525586,-4.873756658465041,158.09045932355184
13231,Pike County,GA,Not expanded by 2023,,Metro,2023,29.4,-7.700000000000003,18.2,13.8,10.866528273599231,10.12,1.29,14.12,9.78549199429842,1.0,52400.0,17774.0,1681.0,-5.961448997883265,-6.5451048141379715,-5.377793181628558,100.21195765441767
13233,Polk County,GA,Not expanded by 2023,,"Rural, near a metro",2023,32.1,-6.199999999999996,21.0,22.5,10.564369772508797,12.39,12.64,14.64,10.620766212671002,4.0,38700.0,40977.0,5877.0,-5.285044254834541,-6.151928423266641,-4.418160086402446,310.60205085662597
13235,Pulaski County,GA,Not expanded by 2023,,Metro,2023,25.7,-2.1999999999999993,20.6,23.5,10.51899746336892,31.04,3.46,18.66,9.355565624128962,3.0,37000.0,11563.0,1317.0,-6.7141219515846675,-7.6202185106185425,-5.8080253925507925,88.42498610237007
13237,Putnam County,GA,Not expanded by 2023,,"Rural, near a metro",2023,28.4,-6.600000000000001,19.3,19.0,10.667419331814033,26.34,6.24,20.7,9.96552294345558,6.0,42900.0,21280.0,2553.0,-5.7332032309380585,-6.918210317439968,-4.548196144436145,146.36867848584862
13239,Quitman County,GA,Not expanded by 2023,,Remote rural,2023,24.6,-16.799999999999997,15.0,26.9,10.278871388605838,47.11,1.56,25.77,7.769378609513984,9.0,29100.0,2367.0,301.0,-8.745176108131728,-9.444445111486178,-8.045907104777282,26.322980085476505
13241,Rabun County,GA,Not expanded by 2023,,Remote rural,2023,36.0,-6.899999999999999,24.5,19.4,10.548336947688322,1.2,7.83,24.6,9.691778378847582,7.0,38100.0,16184.0,1872.0,-9.414198106628186,-10.233839827667111,-8.594556385589271,176.23378855607965
13243,Randolph County,GA,Not expanded by 2023,,"Rural, near a metro",2023,23.1,-7.799999999999997,17.2,31.7,10.243702775436175,61.38,1.78,20.82,8.881975184248867,6.0,28100.0,7201.0,1028.0,-6.964043866717439,-7.573787957957014,-6.354299775477868,71.59037094985528
13245,Richmond County,GA,Not expanded by 2023,,Metro,2023,23.6,-6.099999999999998,17.7,27.7,10.49318904964302,54.61,4.51,12.24,12.212725466360274,2.0,36100.0,201335.0,29913.0,-5.735975959364296,-7.459279006631867,-4.012672912096723,1715.802488724642
13247,Rockdale County,GA,Not expanded by 2023,,Metro,2023,29.7,-5.599999999999998,18.1,16.8,10.832615533211776,48.69,9.81,12.2,11.36766845231309,1.0,50600.0,86480.0,11033.0,-4.979462897587005,-5.908658760318297,-4.050267034855712,549.3841414907743
13249,Schley County,GA,Not expanded by 2023,,"Rural, near a metro",2023,24.0,-8.799999999999997,13.4,20.1,10.569879995787254,21.53,4.28,15.35,8.536014945656826,8.0,38900.0,5095.0,580.0,-5.442407726494671,-6.63903195528026,-4.245783497709083,31.565964813669094
13251,Screven County,GA,Not expanded by 2023,,"Rural, near a metro",2023,24.8,-5.5,17.4,27.9,10.465585970479541,41.97,1.56,16.18,9.557116483735667,6.0,35100.0,14145.0,1991.0,-6.845502280322537,-8.383526082004606,-5.307478478640467,136.29395040122174
13253,Seminole County,GA,Not expanded by 2023,,"Rural, near a metro",2023,23.1,-5.599999999999998,15.0,27.3,10.457774883712654,33.53,2.8,20.65,9.087946723762116,6.0,34800.0,8848.0,1375.0,-6.605415651333135,-7.4677315129698485,-5.743099789696422,90.8244652058306
13255,Spalding County,GA,Not expanded by 2023,,Metro,2023,25.5,-4.0,19.4,21.1,10.573058996567367,33.05,4.09,15.51,11.058921161197402,1.0,39100.0,63508.0,9644.0,-5.907684247441139,-6.993279009224353,-4.822089485657927,569.7370688232235
13257,Stephens County,GA,Not expanded by 2023,,Remote rural,2023,24.7,-4.600000000000001,18.1,20.4,10.500068765119742,10.72,2.8,17.93,10.14843173380919,7.0,36300.0,25551.0,3446.0,-5.868615484706019,-6.34623248187925,-5.390998487532787,202.2324896029694
13259,Stewart County,GA,Not expanded by 2023,,"Rural, near a metro",2023,26.4,-6.899999999999999,17.0,38.7,10.250758416399567,48.12,21.68,15.6,8.62317351495347,8.0,28300.0,5559.0,723.0,-4.906280287326403,-6.953689421132128,-2.8588711535206843,35.472406477369894
13261,Sumter County,GA,Not expanded by 2023,,"Rural, near a metro",2023,24.8,-4.099999999999998,17.5,36.1,10.38819504814706,52.17,5.05,14.18,10.352490962658775,6.0,32500.0,31335.0,4788.0,-6.634838708489532,-8.310084109856396,-4.9595933071226685,317.6760773624788
13263,Talbot County,GA,Not expanded by 2023,,"Rural, near a metro",2023,24.9,-4.900000000000002,14.9,24.5,10.409340834675561,56.53,2.01,19.77,8.787830829258759,8.0,33200.0,6554.0,772.0,-6.881219356977401,-7.911395621065962,-5.851043092888844,53.12301343586554
13265,Taliaferro County,GA,Not expanded by 2023,,"Rural, near a metro",2023,24.8,-13.099999999999998,12.1,31.0,10.272184936452078,58.4,2.78,22.19,7.432483807917119,8.0,28900.0,1690.0,230.0,-5.683129553970099,-8.161947323205897,-3.2043117847343106,13.071197974131227
13267,Tattnall County,GA,Not expanded by 2023,,"Rural, near a metro",2023,31.7,-6.400000000000002,20.4,28.3,10.490801883683998,28.95,10.77,12.6,10.1517138842178,6.0,36000.0,25635.0,3254.0,-4.936244515593514,-5.733869134294328,-4.1386198968927,160.62539653741294
13269,Taylor County,GA,Not expanded by 2023,,"Rural, near a metro",2023,23.9,-6.400000000000002,18.4,29.1,10.326727088743457,38.33,2.08,17.21,9.033603193476129,8.0,30500.0,8380.0,1305.0,-7.003087405503453,-8.453791257955272,-5.552383553051629,91.39029064182006
13271,Telfair County,GA,Not expanded by 2023,,Remote rural,2023,23.2,-3.3000000000000007,17.6,32.8,10.251817775939296,34.64,14.5,14.86,9.719143952790535,7.0,28300.0,16633.0,1755.0,-4.97333948285034,-5.855451327060352,-4.091227638640333,87.28210792402348
13273,Terrell County,GA,Not expanded by 2023,,Metro,2023,25.0,-4.100000000000001,17.5,30.4,10.36803884477013,60.5,2.54,16.62,9.123147160273806,3.0,31800.0,9165.0,1434.0,-7.10984504973717,-8.71083885497061,-5.508851244503732,101.955178013231
13275,Thomas County,GA,Not expanded by 2023,,"Rural, near a metro",2023,22.9,-5.900000000000002,17.6,20.4,10.569109362031321,36.67,3.22,16.04,10.709293551235012,4.0,38900.0,44770.0,5593.0,-6.373227567819644,-7.339512424449047,-5.40694271119024,356.45461786815264
13277,Tift County,GA,Not expanded by 2023,,Remote rural,2023,31.3,-7.4999999999999964,21.9,31.3,10.431229288678432,29.91,10.74,13.8,10.601124638368926,5.0,33900.0,40180.0,6090.0,-5.222185838317952,-6.559350973765669,-3.885020702870234,318.03111755356326
13279,Toombs County,GA,Not expanded by 2023,,Remote rural,2023,30.3,-5.400000000000002,20.4,28.3,10.383163008509824,25.57,11.08,14.98,10.210567758722892,7.0,32300.0,27189.0,4304.0,-4.930616698013269,-5.842320372808329,-4.0189130232182055,212.2137426824911
13281,Towns County,GA,Not expanded by 2023,,Remote rural,2023,27.5,-7.0,17.8,18.1,10.59297805559253,0.77,2.25,32.04,9.28609698437543,9.0,39900.0,10787.0,1139.0,-5.25219959973166,-5.948718711929935,-4.555680487533387,59.82255344094361
13283,Treutlen County,GA,Not expanded by 2023,,Remote rural,2023,24.4,-13.600000000000001,17.8,30.9,10.370894062184476,32.35,2.42,15.15,8.80792062205398,7.0,31900.0,6687.0,977.0,-8.750943069573893,-9.646349320894679,-7.8555368182531256,85.49671378973693
13285,Troup County,GA,Not expanded by 2023,,"Rural, near a metro",2023,26.2,-7.199999999999999,18.1,23.8,10.646471967943246,34.63,3.61,13.27,11.138973558699526,4.0,42000.0,68801.0,9642.0,-6.3865260335809815,-7.709287679685387,-5.06376438747657,615.7888401578782
13287,Turner County,GA,Not expanded by 2023,,"Rural, near a metro",2023,26.4,-5.600000000000001,18.6,30.5,10.36775601712027,39.02,4.23,18.19,9.012620873002131,6.0,31800.0,8206.0,1582.0,-6.57012489505616,-7.817174811438784,-5.323074978673538,103.93937583978844
13289,Twiggs County,GA,Not expanded by 2023,,Metro,2023,24.6,-5.699999999999999,16.2,22.9,10.494242031340844,41.46,1.84,19.03,9.049702026013371,3.0,36100.0,8516.0,998.0,-6.799466856872951,-7.497258344387995,-6.1016753693579036,67.85867923159206
13291,Union County,GA,Not expanded by 2023,,Remote rural,2023,31.7,-2.1999999999999993,21.2,16.9,10.58852695370191,0.55,2.74,30.19,9.972267067930954,9.0,39700.0,21424.0,2195.0,-6.4642416073694084,-7.170120163310826,-5.75836305142799,141.8901032817585
13293,Upson County,GA,Not expanded by 2023,,"Rural, near a metro",2023,24.2,-1.0,17.0,22.3,10.454754298299642,27.57,2.33,17.23,10.181914427473568,6.0,34700.0,26421.0,4246.0,-6.600766345487179,-7.39304959194304,-5.808483099031317,280.2685390293857
13295,Walker County,GA,Not expanded by 2023,,Metro,2023,28.3,-5.9999999999999964,19.1,17.3,10.609353505503847,4.16,1.8,16.67,11.135960346331965,2.0,40500.0,68594.0,8221.0,-5.636361385701574,-6.6216686245789305,-4.651054146824217,463.36526951852636
13297,Walton County,GA,Not expanded by 2023,,Metro,2023,29.2,-6.0000000000000036,18.5,14.2,10.902169002579189,16.37,3.7,13.73,11.362579205815289,1.0,54300.0,86041.0,9549.0,-6.053058046471421,-7.079592781569448,-5.0265233113734,578.006512857556
13299,Ware County,GA,Not expanded by 2023,,Remote rural,2023,23.6,-6.599999999999998,18.8,27.6,10.380063288102246,29.22,3.63,15.8,10.484109724754205,5.0,32200.0,35743.0,5466.0,-6.281173214522351,-7.96371692654801,-4.5986295024966894,343.3289279057917
13301,Warren County,GA,Not expanded by 2023,,"Rural, near a metro",2023,24.4,-6.100000000000001,17.5,27.5,10.340677400338533,60.33,0.91,19.41,8.615770754777232,8.0,31000.0,5518.0,825.0,-6.714467429923017,-7.885456332573472,-5.5434785272725575,55.39435629686489
13303,Washington County,GA,Not expanded by 2023,,Remote rural,2023,24.1,-4.0,16.2,26.5,10.513443323459292,52.47,2.11,15.15,9.93173481547423,7.0,36800.0,20573.0,2632.0,-7.204951173698112,-8.77133664295646,-5.638565704439767,189.63431489173433
13305,Wayne County,GA,Not expanded by 2023,,"Rural, near a metro",2023,27.3,-1.8000000000000007,20.0,25.3,10.547470749064702,19.73,6.15,14.11,10.308619271743055,6.0,38100.0,29990.0,4372.0,-5.795224878643272,-8.397683231726049,-3.192766525560495,253.36723169428387
13307,Webster County,GA,Not expanded by 2023,,"Rural, near a metro",2023,31.1,0.3000000000000007,17.7,23.0,10.445055743636633,42.0,3.75,18.28,7.889459149404524,8.0,34400.0,2669.0,357.0,-6.97086895337009,-8.070839192368814,-5.870898714371363,24.88600216353122
13309,Wheeler County,GA,Not expanded by 2023,,Remote rural,2023,27.5,0.6000000000000014,20.7,45.0,10.334587918236123,37.1,5.28,12.73,8.97903863296051,9.0,30800.0,7935.0,862.0,-6.042428098197136,-8.18772071848256,-3.8971354779117138,52.08573020645932
13311,White County,GA,Not expanded by 2023,,"Rural, near a metro",2023,28.8,-8.400000000000002,21.0,19.0,10.629513261662012,1.98,2.82,20.19,10.233869854519936,6.0,41300.0,27830.0,2820.0,-6.082826760053493,-7.528959851384212,-4.636693668722772,171.5357146335085
13313,Whitfield County,GA,Not expanded by 2023,,Metro,2023,40.9,-9.300000000000004,27.9,19.9,10.595283821025117,3.53,32.86,12.42,11.539839997511109,3.0,39900.0,102728.0,11977.0,-8.671269076507501,-10.76438117531722,-6.578156977697769,1038.5578972933033
13315,Wilcox County,GA,Not expanded by 2023,,"Rural, near a metro",2023,30.1,6.300000000000001,18.9,33.2,10.41355288735571,35.21,3.81,16.01,9.11173476822206,8.0,33300.0,9061.0,1090.0,-6.808563624370488,-7.838821976518359,-5.778305272222619,74.21334350563832
13317,Wilkes County,GA,Not expanded by 2023,,"Rural, near a metro",2023,28.2,-4.800000000000001,18.6,24.0,10.424124883686112,41.89,3.88,21.08,9.20230820027892,6.0,33700.0,9920.0,1323.0,-6.444790365021006,-7.77341334354412,-5.116167386497891,85.2645765292279
13319,Wilkinson County,GA,Not expanded by 2023,,"Rural, near a metro",2023,24.3,-7.800000000000001,14.3,23.6,10.484165678200952,38.55,2.33,16.92,9.14452103093889,8.0,35700.0,9363.0,1250.0,-6.953455638022846,-8.115320584578338,-5.791590691467349,86.91819547528557
13321,Worth County,GA,Not expanded by 2023,,Metro,2023,26.1,-4.0,17.3,23.1,10.508240582333478,28.49,1.88,16.38,9.954750846473669,3.0,36600.0,21052.0,2850.0,-6.728994829401424,-7.792695438006225,-5.665294220796626,191.7763526379406
15001,Hawaii County,HI,Expanded 2014,2014.0,Remote rural,2013,22.8,-2.0,13.7,19.5,10.76589215785248,0.55,12.14,16.83,12.162428965463619,5.0,47400.0,191459.0,29763.0,-3.4321710643286862,-4.355386801330679,-2.5089553273266936,1021.5170738761468
15003,Honolulu County,HI,Expanded 2014,2014.0,Metro,2013,17.6,-3.299999999999997,10.8,9.6,11.193394904278781,2.27,9.16,15.57,13.801471469522761,2.0,72600.0,986059.0,90907.0,-1.4595556050117597,-2.1982879197239216,-0.7208232902995987,1326.8382138480404
15007,Kauai County,HI,Expanded 2014,2014.0,Remote rural,2013,21.3,-1.5,11.8,11.8,10.930317368108538,0.49,10.31,16.74,11.15097951077556,5.0,55800.0,69632.0,8042.0,-1.6243709104172828,-2.001480697874325,-1.2472611229602415,130.63190861575788
15009,Maui County,HI,Expanded 2014,2014.0,Metro,2013,22.1,-3.0,13.4,10.7,11.039347455230905,0.59,10.66,14.7,11.989184488378472,3.0,62300.0,161004.0,18553.0,-2.9182629330058596,-3.794837917839544,-2.041687948172174,541.4253219605771
16001,Ada County,ID,Expanded 2019-2022,2020.0,Metro,2019,26.4,0.09999999999999787,16.3,13.6,10.885940486663952,1.09,7.51,12.0,12.938322743844257,2.0,53400.0,415951.0,36042.0,-4.142303439140318,-4.963859422277469,-3.320747456003169,1492.9690055349533
16003,Adams County,ID,Expanded 2019-2022,2020.0,Remote rural,2019,29.7,0.0,21.5,17.3,10.535556883587484,0.13,3.18,24.8,8.259199362666282,9.0,37600.0,3863.0,414.0,-6.159718545879662,-7.152252543594655,-5.1671845481646725,25.501234779941804
16005,Bannock County,ID,Expanded 2019-2022,2020.0,Metro,2019,25.7,3.599999999999998,17.5,17.7,10.661134190970685,0.75,7.74,12.23,11.332062843412517,3.0,42700.0,83455.0,10889.0,-5.0873688949043165,-6.476915497824673,-3.6978222919839623,553.963598966131
16007,Bear Lake County,ID,Expanded 2019-2022,2020.0,Remote rural,2019,25.2,1.3999999999999986,15.1,13.0,10.727421738332131,0.15,4.17,19.18,8.690810307580046,9.0,45600.0,5948.0,591.0,-3.721924954558804,-4.141828280660896,-3.3020216284567123,21.996576481442535
16009,Benewah County,ID,Expanded 2019-2022,2020.0,"Rural, near a metro",2019,28.1,1.4000000000000021,19.7,16.5,10.58481515629073,0.25,3.36,20.74,9.108307646411031,6.0,39500.0,9030.0,1123.0,-5.484808583487129,-6.228221531060462,-4.741395635913789,61.59440039256046
16011,Bingham County,ID,Expanded 2019-2022,2020.0,"Rural, near a metro",2019,32.4,-2.200000000000003,21.2,14.1,10.77312683156647,0.27,17.74,12.58,10.723773863676481,4.0,47700.0,45423.0,4659.0,-6.3582425238528355,-7.8653179686631365,-4.851167079042535,296.23051918630364
16013,Blaine County,ID,Expanded 2019-2022,2020.0,Remote rural,2019,47.8,4.299999999999997,29.3,9.9,11.126321364502983,0.16,20.43,14.89,9.96763537235988,7.0,67900.0,21325.0,1662.0,-9.266811706622516,-10.71898559374161,-7.81463781950343,154.01441056406622
16015,Boise County,ID,Expanded 2019-2022,2020.0,Metro,2019,28.3,0.0,17.1,14.9,10.79904482402337,0.39,3.6,20.7,8.812843433517195,2.0,49000.0,6720.0,629.0,-4.632267800840532,-4.907511561041694,-4.35702404063937,29.136964467286948
16017,Bonner County,ID,Expanded 2019-2022,2020.0,"Rural, near a metro",2019,25.1,-0.29999999999999716,18.5,17.0,10.640579845602305,0.21,2.61,20.25,10.609674346603876,6.0,41800.0,40525.0,4833.0,-4.967064415397152,-5.517495287499528,-4.416633543294776,240.05822319614433
16019,Bonneville County,ID,Expanded 2019-2022,2020.0,Metro,2019,26.1,1.1000000000000014,17.2,12.0,10.83089625014413,0.56,12.28,11.74,11.584026778796284,3.0,50600.0,107369.0,10973.0,-4.469831336116014,-5.435073732649253,-3.5045889395827716,490.4745925120102
16021,Boundary County,ID,Expanded 2019-2022,2020.0,Remote rural,2019,33.1,1.3000000000000007,21.5,17.8,10.588627762694157,0.37,4.15,19.67,9.292196818446016,7.0,39700.0,10853.0,1443.0,-6.7628022538196735,-7.436312852809179,-6.089291654830169,97.58723652261789
16023,Butte County,ID,Expanded 2019-2022,2020.0,Metro,2019,23.1,-10.199999999999996,13.4,17.1,10.639191222509986,0.37,5.25,20.88,7.888709524182015,3.0,41700.0,2667.0,277.0,-3.6238375565256975,-4.236942170513692,-3.0107329425377007,10.038030031576183
16025,Camas County,ID,Expanded 2019-2022,2020.0,Remote rural,2019,24.8,-12.7,15.7,13.1,10.777100402128553,0.29,7.0,18.5,6.949856455000773,9.0,47900.0,1043.0,101.0,-5.198507799758774,-5.763306596522048,-4.6337090029955,5.250492877756361
16027,Canyon County,ID,Expanded 2019-2022,2020.0,Metro,2019,32.5,-2.6000000000000014,22.1,20.1,10.651051893130637,0.52,24.49,12.02,12.19899767685821,2.0,42200.0,198590.0,26485.0,-6.531734971350959,-8.378380924544963,-4.685089018156951,1729.9300071623015
16029,Caribou County,ID,Expanded 2019-2022,2020.0,"Rural, near a metro",2019,29.1,2.700000000000003,15.4,11.1,10.907404472364913,0.27,6.0,16.55,8.822764296703758,6.0,54600.0,6787.0,574.0,-3.8119628928026317,-4.433660019234366,-3.1902657663708966,21.88066700468711
16031,Cassia County,ID,Expanded 2019-2022,2020.0,Remote rural,2019,37.5,2.0,23.9,15.3,10.695574680950976,0.24,26.44,12.99,10.058095270762568,7.0,44200.0,23344.0,2619.0,-8.575138270698902,-10.856200966275516,-6.294075575122278,224.58287130960426
16033,Clark County,ID,Expanded 2019-2022,2020.0,Remote rural,2019,50.4,1.0,35.1,17.5,10.667559071432771,0.34,43.69,15.02,6.778784897685177,9.0,42900.0,879.0,135.0,-9.771309916879206,-12.353199710261084,-7.189420123497321,13.191268387786929
16035,Clearwater County,ID,Expanded 2019-2022,2020.0,"Rural, near a metro",2019,30.1,2.400000000000002,19.2,17.8,10.598333289731654,0.42,3.54,24.68,9.055789612127585,6.0,40100.0,8568.0,775.0,-5.597932434918851,-6.3399662875602365,-4.855898582277464,43.3839763706211
16037,Custer County,ID,Expanded 2019-2022,2020.0,"Rural, near a metro",2019,27.0,0.3000000000000007,18.4,14.3,10.633978686236494,0.33,4.17,21.89,8.348774539791274,8.0,41500.0,4225.0,493.0,-5.040374169236137,-5.715545080839739,-4.365203257632537,24.849044654334158
16039,Elmore County,ID,Expanded 2019-2022,2020.0,"Rural, near a metro",2019,31.7,2.0,19.5,16.6,10.66148570541569,2.73,16.27,11.37,10.176068677452669,6.0,42700.0,26267.0,3739.0,-5.461179644051359,-6.706898403640682,-4.215460884462038,204.19350689108032
16041,Franklin County,ID,Expanded 2019-2022,2020.0,Metro,2019,31.4,-2.1000000000000014,19.0,12.3,10.709740179201345,0.23,6.57,13.3,9.45735668770195,3.0,44800.0,12802.0,1319.0,-5.702242465071118,-6.2480020990519245,-5.156482831090312,75.21257811428804
16043,Fremont County,ID,Expanded 2019-2022,2020.0,"Rural, near a metro",2019,36.4,1.6999999999999957,21.5,16.7,10.694895102263592,0.29,12.43,15.16,9.46280968867222,6.0,44100.0,12872.0,1438.0,-8.20912339282792,-9.350607584719054,-7.067639200936793,118.04719438886548
16045,Gem County,ID,Expanded 2019-2022,2020.0,Metro,2019,29.9,0.6999999999999993,19.4,18.4,10.695869021686462,0.16,8.22,20.62,9.715288758569297,2.0,44200.0,16569.0,2067.0,-5.550246958496821,-6.212192279217106,-4.888301637776539,114.7236046321293
16047,Gooding County,ID,Expanded 2019-2022,2020.0,Remote rural,2019,39.7,-2.799999999999997,27.1,16.3,10.62885988039081,0.16,28.99,15.95,9.627009150591672,7.0,41300.0,15169.0,1835.0,-10.135512796929042,-11.429262389507798,-8.84176320435029,185.9866598236479
16049,Idaho County,ID,Expanded 2019-2022,2020.0,"Rural, near a metro",2019,29.5,2.3000000000000007,21.2,15.8,10.582383667326214,0.38,2.95,23.68,9.695786647402777,6.0,39400.0,16249.0,1808.0,-5.8691674212351685,-6.9853138149752745,-4.753021027495064,106.11454697593184
16051,Jefferson County,ID,Expanded 2019-2022,2020.0,Metro,2019,35.2,0.20000000000000284,20.6,13.1,10.877103351029552,0.23,10.33,10.49,10.196306409093062,3.0,52900.0,26804.0,2343.0,-6.3471068517200715,-7.411254796697893,-5.28295890674225,148.71271353580127
16053,Jerome County,ID,Expanded 2019-2022,2020.0,Remote rural,2019,44.8,3.799999999999997,29.7,15.3,10.635735246717989,0.32,33.78,11.88,10.033111320329633,7.0,41600.0,22768.0,2974.0,-9.681954775665435,-10.984323571180516,-8.379585980150354,287.94133502829004
16055,Kootenai County,ID,Expanded 2019-2022,2020.0,Metro,2019,26.8,-0.1999999999999993,19.2,13.3,10.852845488114479,0.33,4.18,16.27,11.876853044847161,3.0,51700.0,143897.0,14360.0,-5.143006918774692,-6.059148778276222,-4.226865059273164,738.5357935360457
16057,Latah County,ID,Expanded 2019-2022,2020.0,"Rural, near a metro",2019,22.1,1.1000000000000014,14.2,18.1,10.685080497526661,0.85,3.99,11.19,10.551114217794265,4.0,43700.0,38220.0,5982.0,-3.9925477449923688,-4.445278123111023,-3.5398173668737156,238.8342061054435
16059,Lemhi County,ID,Expanded 2019-2022,2020.0,Remote rural,2019,27.1,3.200000000000003,17.2,18.0,10.554952994101429,0.32,2.88,26.19,8.951051374025619,7.0,38400.0,7716.0,860.0,-4.843572163708558,-5.444078604283848,-4.243065723133268,41.6547206078936
16061,Lewis County,ID,Expanded 2019-2022,2020.0,"Rural, near a metro",2019,26.9,-3.1000000000000014,20.0,17.0,10.625950787430126,0.32,4.15,23.6,8.244071270295786,8.0,41200.0,3805.0,476.0,-5.881613777330291,-6.6399303437654025,-5.123297210895182,27.996481580092183
16063,Lincoln County,ID,Expanded 2019-2022,2020.0,Remote rural,2019,42.9,3.1999999999999957,25.6,15.6,10.660196214585818,0.41,29.2,11.97,8.580918882296782,9.0,42600.0,5329.0,679.0,-10.183157406210212,-11.351372300728217,-9.014942511692203,69.14363878816734
16065,Madison County,ID,Expanded 2019-2022,2020.0,"Rural, near a metro",2019,14.9,0.3000000000000007,10.9,29.1,10.522503683752998,0.48,6.62,6.05,10.532815952882851,4.0,37100.0,37527.0,11416.0,-2.2507937298429965,-3.057797959906,-1.4437894997799945,256.9506121988765
16067,Minidoka County,ID,Expanded 2019-2022,2020.0,Remote rural,2019,39.9,-4.399999999999999,24.9,14.4,10.644662702106656,0.27,33.85,15.28,9.923290179832307,7.0,42000.0,20400.0,2329.0,-10.451432357104707,-11.614811135758162,-9.288053578451256,243.41385959696865
16069,Nez Perce County,ID,Expanded 2019-2022,2020.0,Metro,2019,25.0,0.5,17.8,13.4,10.75263370378095,0.38,3.43,18.55,10.591571938753612,3.0,46800.0,39798.0,4072.0,-4.781445584967059,-5.604600568332423,-3.9582906016016937,194.70046421985867
16071,Oneida County,ID,Expanded 2019-2022,2020.0,"Rural, near a metro",2019,29.0,3.1999999999999993,16.3,13.8,10.715306262813572,0.26,3.38,17.99,8.356319965828153,8.0,45000.0,4257.0,462.0,-4.377559506582919,-4.825875303791617,-3.9292437093742256,20.22432492041309
16073,Owyhee County,ID,Expanded 2019-2022,2020.0,Metro,2019,43.0,-0.5,29.7,18.4,10.463588936836263,0.32,26.23,15.33,9.34084218004034,2.0,35000.0,11394.0,1545.0,-9.9977860310507,-11.528581777004153,-8.466990285097244,154.4657941797333
16075,Payette County,ID,Expanded 2019-2022,2020.0,"Rural, near a metro",2019,35.8,5.699999999999996,22.5,17.6,10.683775268411074,0.25,16.3,16.67,10.023490344930824,6.0,43600.0,22550.0,2576.0,-8.11417087515011,-10.03806548021139,-6.190276270088835,209.02104174386685
16077,Power County,ID,Expanded 2019-2022,2020.0,"Rural, near a metro",2019,41.1,3.5,25.2,17.6,10.702120240942051,0.3,31.52,13.32,8.960724500330858,6.0,44500.0,7791.0,823.0,-10.586780361944134,-12.461674143634916,-8.71188658025336,87.12920237880023
16079,Shoshone County,ID,Expanded 2019-2022,2020.0,"Rural, near a metro",2019,24.3,1.1000000000000014,18.7,19.4,10.53025451707913,0.29,3.26,20.74,9.447229025082065,6.0,37400.0,12673.0,1849.0,-5.242428909706379,-5.998451134464047,-4.48640668494871,96.93251054047094
16081,Teton County,ID,Expanded 2019-2022,2020.0,Remote rural,2019,37.5,-2.8999999999999986,21.5,12.8,10.871421517562121,0.13,17.53,8.38,9.249464926660233,9.0,52600.0,10399.0,1077.0,-7.509026787454419,-8.22849935787137,-6.78955421703747,80.87221850088409
16083,Twin Falls County,ID,Expanded 2019-2022,2020.0,Remote rural,2019,31.1,2.0,20.5,16.0,10.705533980052063,0.52,15.03,14.44,11.288456035067346,5.0,44600.0,79894.0,9271.0,-5.812250412232037,-7.058309694176756,-4.566191130287321,538.8537357180321
16085,Valley County,ID,Expanded 2019-2022,2020.0,"Rural, near a metro",2019,28.6,-1.0,19.1,11.7,10.797103135371065,0.25,4.11,20.81,9.166910814048848,8.0,48900.0,9575.0,964.0,-5.149993436925535,-5.595368115162656,-4.704618758688423,49.64593673196216
16087,Washington County,ID,Expanded 2019-2022,2020.0,"Rural, near a metro",2019,35.0,3.6999999999999993,21.5,17.9,10.533135671533165,0.19,17.06,21.95,9.201904893155081,6.0,37500.0,9916.0,1187.0,-7.736806659625656,-8.989853718252817,-6.483759600998492,91.83589504975653
17001,Adams County,IL,Expanded 2014,2014.0,Remote rural,2013,25.3,-3.8000000000000007,14.4,15.9,10.68290416824825,3.54,1.34,18.31,11.112432972888584,5.0,43600.0,66999.0,8056.0,-4.870941846593695,-5.423829388037857,-4.318054305149536,392.40307516158805
17003,Alexander County,IL,Expanded 2014,2014.0,Metro,2013,25.2,-0.6000000000000014,16.5,33.0,10.313641650130425,34.44,1.34,19.19,8.887100204123687,3.0,30100.0,7238.0,1519.0,-6.591821346717626,-7.5471023654872855,-5.63654032794797,100.12976625664074
17005,Bond County,IL,Expanded 2014,2014.0,Metro,2013,27.5,-3.6999999999999993,14.4,16.0,10.788576533267019,6.1,3.25,16.37,9.760252084449375,1.0,48500.0,17331.0,2018.0,-5.154398052683863,-5.78169713780303,-4.5270989675646955,104.01575270316036
17007,Boone County,IL,Expanded 2014,2014.0,Metro,2013,42.5,-0.7999999999999972,21.4,10.2,10.994353247005408,2.12,20.23,13.46,10.892043130478765,2.0,59500.0,53747.0,5162.0,-10.148267116165467,-11.658006945633183,-8.638527286697757,523.8535485364614
17009,Brown County,IL,Expanded 2014,2014.0,Remote rural,2013,28.2,-4.5000000000000036,12.8,16.0,10.747680597969852,18.75,6.18,12.79,8.834045641167798,7.0,46500.0,6864.0,525.0,-3.746729241964082,-4.813600869533619,-2.6798576143945434,19.670328520311433
17011,Bureau County,IL,Expanded 2014,2014.0,Remote rural,2013,31.8,-4.800000000000001,18.0,12.0,10.800840083390032,0.63,8.3,19.51,10.43728723986194,7.0,49100.0,34108.0,3680.0,-5.384119932357751,-5.790564092219715,-4.977675772495787,198.13561351076524
17013,Calhoun County,IL,Expanded 2014,2014.0,Metro,2013,32.6,-4.399999999999999,16.9,12.0,10.789401547751567,0.26,1.02,21.81,8.518791912779934,1.0,48500.0,5008.0,533.0,-5.033885226720063,-5.703405029111321,-4.364365424328804,26.830608258417932
17015,Carroll County,IL,Expanded 2014,2014.0,Remote rural,2013,31.2,-1.8000000000000007,17.5,14.0,10.683798181855538,1.04,3.34,22.99,9.613736674915236,7.0,43600.0,14969.0,1700.0,-5.0535259457971815,-5.4439232610540795,-4.6631286305402835,85.90994107855208
17017,Cass County,IL,Expanded 2014,2014.0,"Rural, near a metro",2013,37.6,0.5,20.5,12.9,10.720112633296456,3.49,18.45,15.98,9.4949928598676,6.0,45300.0,13293.0,1685.0,-8.331866228332379,-9.16496171668577,-7.498770739978991,140.3919459474006
17019,Champaign County,IL,Expanded 2014,2014.0,Metro,2013,24.5,-5.300000000000001,16.9,21.6,10.756135362104326,12.44,5.53,10.83,12.23769242928563,3.0,46900.0,206425.0,39278.0,-4.555495672588038,-5.713864311492016,-3.3971270336840553,1789.3075902791297
17021,Christian County,IL,Expanded 2014,2014.0,"Rural, near a metro",2013,27.1,-3.1999999999999993,15.5,13.1,10.807523500343269,1.51,1.48,18.23,10.438459298130198,6.0,49400.0,34148.0,4066.0,-4.590125810032891,-5.201750895968712,-3.9785007240970716,186.63451543593735
17023,Clark County,IL,Expanded 2014,2014.0,"Rural, near a metro",2013,27.9,-4.0,15.8,13.7,10.742616423111135,0.46,1.36,18.25,9.686263943732909,6.0,46300.0,16095.0,1900.0,-4.3678866039262605,-4.832341717537415,-3.903431490315105,82.98984547459895
17025,Clay County,IL,Expanded 2014,2014.0,Remote rural,2013,27.8,-2.8999999999999986,15.4,14.2,10.654172241737173,0.37,1.35,18.75,9.514436985696058,7.0,42400.0,13554.0,1842.0,-4.208611770373446,-4.44176103029298,-3.9754625104539105,77.52262881027889
17027,Clinton County,IL,Expanded 2014,2014.0,Metro,2013,29.2,-5.099999999999998,14.8,9.5,11.0323541943744,3.56,3.05,15.34,10.538237316715266,1.0,61800.0,37731.0,2944.0,-4.9305497236432325,-5.450880255029788,-4.410219192256684,145.15538386405674
17029,Coles County,IL,Expanded 2014,2014.0,Remote rural,2013,25.8,-1.0999999999999979,16.4,19.8,10.580327489821343,3.64,2.28,14.81,10.879046692867343,5.0,39400.0,53053.0,10392.0,-5.3456464723308805,-5.757583291994191,-4.933709652667567,555.5195814046251
17031,Cook County,IL,Expanded 2014,2014.0,Metro,2013,41.1,-4.600000000000001,28.4,17.8,10.89293580502801,23.83,24.55,12.8,15.474286103726834,1.0,53800.0,5252875.0,753440.0,-5.475475886354925,-7.96958920443076,-2.9813625682790827,41254.425518152544
17033,Crawford County,IL,Expanded 2014,2014.0,Remote rural,2013,30.5,-1.5,15.4,14.0,10.76884282073053,4.7,2.01,17.75,9.874830843286324,7.0,47500.0,19435.0,2112.0,-5.047605024926548,-5.508332611337955,-4.586877438515141,106.60541812644868
17035,Cumberland County,IL,Expanded 2014,2014.0,Remote rural,2013,30.6,-3.0,14.6,12.1,10.765997688725635,0.49,0.95,17.54,9.296884973376368,9.0,47400.0,10904.0,1240.0,-4.23327609167743,-4.731308597075301,-3.73524358627956,52.49262353680013
17037,DeKalb County,IL,Expanded 2014,2014.0,Metro,2013,29.9,-1.6000000000000014,18.0,18.7,10.900509985442605,6.69,10.44,10.87,11.55408660197517,1.0,54200.0,104202.0,15769.0,-4.6857439721185,-5.890999152957084,-3.4804887912799156,738.8949669633663
17039,De Witt County,IL,Expanded 2014,2014.0,Metro,2013,27.9,-3.0,14.6,13.8,10.883747893748222,0.69,2.36,17.63,9.703388915639492,3.0,53300.0,16373.0,1614.0,-4.189433057954632,-4.619444532968644,-3.7594215829406212,67.61744955538776
17041,Douglas County,IL,Expanded 2014,2014.0,"Rural, near a metro",2013,37.6,-4.899999999999999,22.9,10.7,10.803221982094566,0.37,6.87,16.6,9.896513288798792,6.0,49200.0,19861.0,2097.0,-8.344735743869073,-9.267908984191262,-7.42156250354688,174.98910854893447
17043,DuPage County,IL,Expanded 2014,2014.0,Metro,2013,39.5,-4.899999999999999,21.5,7.0,11.242021843757266,4.75,13.7,12.99,13.745335917034234,1.0,76300.0,932231.0,58113.0,-7.053798406093419,-8.412741124923212,-5.69485568726363,4099.173867733069
17045,Edgar County,IL,Expanded 2014,2014.0,"Rural, near a metro",2013,27.2,-3.900000000000002,15.4,18.5,10.701737715595081,0.47,1.02,19.89,9.794843875419385,6.0,44400.0,17941.0,2489.0,-4.201885091064741,-4.5048928561518755,-3.8988773259776073,104.58491991660142
17047,Edwards County,IL,Expanded 2014,2014.0,Remote rural,2013,30.2,-4.0000000000000036,14.1,12.7,10.729306381246207,0.6,1.2,18.72,8.80792062205398,9.0,45700.0,6687.0,765.0,-4.092792371788399,-4.678800639026943,-3.506784104549854,31.309861644181254
17049,Effingham County,IL,Expanded 2014,2014.0,Remote rural,2013,26.3,-6.300000000000001,14.3,11.1,10.837618202538614,0.35,1.84,15.9,10.440477875572727,7.0,50900.0,34217.0,3335.0,-3.9473295087840867,-4.374988864880193,-3.519670152687979,131.6434391179493
17051,Fayette County,IL,Expanded 2014,2014.0,"Rural, near a metro",2013,29.8,-1.5,18.1,16.9,10.669280923080928,4.79,1.72,16.99,10.007622317268135,6.0,43000.0,22195.0,2862.0,-5.633820147541022,-6.109641190213501,-5.157999104868543,161.23993262262405
17053,Ford County,IL,Expanded 2014,2014.0,Metro,2013,27.6,-5.399999999999999,15.1,11.4,10.866184657224439,0.67,2.67,18.79,9.523105224795426,3.0,52400.0,13672.0,1439.0,-4.4131168191582,-4.771084698271286,-4.055148940045115,63.5047510276865
17055,Franklin County,IL,Expanded 2014,2014.0,"Rural, near a metro",2013,27.8,-1.5,16.9,20.0,10.482373613207029,0.38,1.58,19.05,10.585447387455497,4.0,35700.0,39555.0,6119.0,-4.565916650568763,-4.967284106018243,-4.164549195119283,279.3884398483026
17057,Fulton County,IL,Expanded 2014,2014.0,"Rural, near a metro",2013,29.4,-2.0,17.0,14.8,10.743803956312695,3.73,2.71,18.8,10.500206428423052,6.0,46300.0,36323.0,4469.0,-5.176095123404173,-5.929069538321951,-4.423120708486396,231.3196910649325
17059,Gallatin County,IL,Expanded 2014,2014.0,"Rural, near a metro",2013,28.5,-3.3999999999999986,17.0,17.1,10.605321890243529,0.46,1.69,21.78,8.591558273371545,8.0,40300.0,5386.0,727.0,-4.769074626372706,-5.075619241464914,-4.462530011280497,34.671172533729575
17061,Greene County,IL,Expanded 2014,2014.0,"Rural, near a metro",2013,28.0,-1.8000000000000007,16.3,18.3,10.63556694309786,1.07,1.08,17.91,9.520248603186129,6.0,41600.0,13633.0,1897.0,-4.624176575158178,-4.885882706074404,-4.362470444241951,87.72062963075064
17063,Grundy County,IL,Expanded 2014,2014.0,Metro,2013,30.1,-6.399999999999999,15.7,8.0,11.134209390154616,1.27,8.76,12.38,10.823511307999391,1.0,68500.0,50187.0,4364.0,-4.8936497068424885,-5.6017634861860905,-4.185535927498886,213.5588732066062
17065,Hamilton County,IL,Expanded 2014,2014.0,Remote rural,2013,30.7,-1.6999999999999993,17.3,14.9,10.65325133351497,0.42,1.62,20.23,9.029777268197092,7.0,42300.0,8348.0,1037.0,-4.781438943903914,-5.297435473061515,-4.265442414746305,49.58352184828359
17067,Hancock County,IL,Expanded 2014,2014.0,Remote rural,2013,32.7,-1.2999999999999972,17.6,12.2,10.778226857252047,0.33,1.36,21.14,9.827901565579532,7.0,48000.0,18544.0,2110.0,-5.090805182742762,-5.732256141003263,-4.449354224482264,107.41598935587227
17069,Hardin County,IL,Expanded 2014,2014.0,Remote rural,2013,29.6,-0.5,15.4,20.3,10.506901473323946,0.36,1.68,23.17,8.337348564497175,9.0,36600.0,4177.0,618.0,-4.152842241371936,-4.473702394216832,-3.831982088527039,25.66456505167857
17071,Henderson County,IL,Expanded 2014,2014.0,Remote rural,2013,31.1,-5.799999999999997,16.9,12.8,10.714906538174109,0.33,1.34,23.04,8.848365694942547,9.0,45000.0,6963.0,752.0,-4.787997556682652,-5.2544183040379515,-4.321576809327354,36.005741626253545
17073,Henry County,IL,Expanded 2014,2014.0,Metro,2013,30.6,-1.0999999999999979,16.2,11.2,10.861246470104044,1.61,5.38,18.4,10.818116905083617,2.0,52100.0,49917.0,4502.0,-4.725971784248679,-5.621725805705028,-3.830217762792331,212.76324972687553
17075,Iroquois County,IL,Expanded 2014,2014.0,"Rural, near a metro",2013,30.3,-0.8999999999999986,18.2,14.0,10.757413399213553,0.92,6.1,19.82,10.272980000185475,6.0,47000.0,28940.0,3224.0,-5.03194104605058,-5.9972225472290575,-4.066659544872104,162.22977932467072
17077,Jackson County,IL,Expanded 2014,2014.0,Metro,2013,22.7,-5.5,17.6,29.5,10.441237443239979,14.2,4.15,12.71,10.9980918198067,3.0,34200.0,59760.0,15579.0,-5.813711594159722,-7.3284695088248215,-4.298953679494625,905.718129254143
17079,Jasper County,IL,Expanded 2014,2014.0,Remote rural,2013,33.0,-3.299999999999997,16.4,10.5,10.862588700708992,0.17,1.28,18.22,9.170247278409738,7.0,52200.0,9607.0,966.0,-5.040685863342904,-5.531576800183619,-4.549794926502188,48.69302543989245
17081,Jefferson County,IL,Expanded 2014,2014.0,Remote rural,2013,28.8,-0.8000000000000007,15.9,18.4,10.613073867047845,8.55,2.31,17.12,10.56206916790876,7.0,40700.0,38641.0,5231.0,-5.260578758257525,-5.681898235223976,-4.839259281291074,275.1808748444511
17083,Jersey County,IL,Expanded 2014,2014.0,Metro,2013,28.3,-4.699999999999999,14.5,10.5,10.90285024541336,0.57,1.23,16.9,10.025660936493804,1.0,54300.0,22599.0,2222.0,-4.204211485633462,-4.544963151997344,-3.8634598192695826,93.41757921077553
17085,Jo Daviess County,IL,Expanded 2014,2014.0,"Rural, near a metro",2013,35.0,-2.799999999999997,18.0,10.2,10.811201609659424,0.46,2.9,23.76,10.016771593989466,6.0,49600.0,22399.0,2205.0,-6.265026351334168,-7.241875148097832,-5.288177554570502,138.1438310469184
17087,Johnson County,IL,Expanded 2014,2014.0,"Rural, near a metro",2013,32.2,0.30000000000000426,16.3,17.9,10.595759350060119,9.12,3.37,18.63,9.46242117318499,8.0,40000.0,12867.0,1343.0,-5.5347269664905205,-6.1468623953863535,-4.922591537594689,74.33138315996769
17089,Kane County,IL,Expanded 2014,2014.0,Metro,2013,48.1,-0.7999999999999972,27.7,10.9,11.176669205024375,5.35,31.15,11.1,13.166621382074878,1.0,71400.0,522626.0,48056.0,-6.942017781829619,-8.42934240367074,-5.454693159988496,3336.0560652360414
17091,Kankakee County,IL,Expanded 2014,2014.0,Metro,2013,28.7,-6.5000000000000036,17.7,16.7,10.81142348002753,14.99,9.48,14.45,11.632795210820612,3.0,49600.0,112735.0,14462.0,-5.04402112472043,-5.758502700058934,-4.329539549381925,729.4663350570687
17093,Kendall County,IL,Expanded 2014,2014.0,Metro,2013,38.6,-7.899999999999999,17.0,5.8,11.285372205167318,5.89,16.39,8.56,11.69162379914673,1.0,79600.0,119566.0,6328.0,-7.2896736809497495,-8.484076325953147,-6.095271035946344,461.2905505305002
17095,Knox County,IL,Expanded 2014,2014.0,"Rural, near a metro",2013,27.9,-2.5,16.7,19.6,10.583904040617256,7.77,5.25,19.12,10.861476694765958,4.0,39500.0,52129.0,6973.0,-5.537793000030915,-6.224208923587474,-4.851377076474355,386.1503058921557
17097,Lake County,IL,Expanded 2014,2014.0,Metro,2013,45.2,-2.8999999999999986,25.1,9.5,11.22665572803628,6.81,20.46,11.87,13.464827626011537,1.0,75100.0,704207.0,50613.0,-7.750034767024353,-9.39765158941249,-6.102417944636209,3922.5250966340354
17099,La Salle County,IL,Expanded 2014,2014.0,"Rural, near a metro",2013,33.2,-2.1999999999999957,18.0,13.8,10.809465287801839,2.35,8.77,16.97,11.630086084743805,4.0,49500.0,112430.0,12268.0,-5.501045873633923,-6.314627387809216,-4.687464359458634,674.8683077774097
17101,Lawrence County,IL,Expanded 2014,2014.0,Remote rural,2013,28.1,-4.600000000000001,15.6,18.2,10.588350513508376,9.78,3.6,16.58,9.72483924110847,7.0,39700.0,16728.0,1919.0,-5.411105357469035,-6.029414967461748,-4.792795747476322,103.83911180983078
17103,Lee County,IL,Expanded 2014,2014.0,"Rural, near a metro",2013,28.7,-3.5000000000000036,15.9,12.4,10.88042172957897,5.18,5.68,17.26,10.466554521147781,6.0,53100.0,35121.0,3667.0,-5.08114008590229,-5.926638077926125,-4.23564209387845,186.32540695003698
17105,Livingston County,IL,Expanded 2014,2014.0,"Rural, near a metro",2013,27.0,-4.5,14.5,12.5,10.874626253449264,4.21,4.17,16.67,10.52926554272522,4.0,52800.0,37394.0,3608.0,-4.728211547507608,-5.182202068047713,-4.274221026967503,170.5938726340745
17107,Logan County,IL,Expanded 2014,2014.0,"Rural, near a metro",2013,25.1,-3.599999999999998,14.6,13.6,10.839404425545462,7.61,3.35,16.54,10.303135775322728,6.0,51000.0,29826.0,2936.0,-4.934908168026111,-5.527700869380754,-4.342115466671468,144.88890381324663
17109,McDonough County,IL,Expanded 2014,2014.0,Remote rural,2013,27.1,-6.5,16.8,21.1,10.63732071836749,5.03,2.6,15.13,10.381366341153338,5.0,41700.0,32253.0,5968.0,-5.299262462908788,-5.723538537757467,-4.874986388060119,316.25998378639645
17111,McHenry County,IL,Expanded 2014,2014.0,Metro,2013,41.4,-6.0,19.3,7.1,11.234705155196735,1.18,11.91,11.85,12.63657177135798,1.0,75700.0,307605.0,20046.0,-8.288243061912679,-9.764977715837395,-6.811508407987963,1661.4612041910154
17113,McLean County,IL,Expanded 2014,2014.0,Metro,2013,26.6,-3.599999999999998,14.5,13.8,11.03909050554345,7.43,4.59,10.92,12.07275265912921,3.0,62300.0,175037.0,20602.0,-4.761500568690854,-5.603872590512692,-3.919128546869017,980.9643471616898
17115,Macon County,IL,Expanded 2014,2014.0,Metro,2013,25.6,-4.199999999999999,15.0,18.1,10.740280428278185,16.86,2.04,17.45,11.604236750754126,3.0,46200.0,109561.0,13979.0,-5.554115904149034,-6.054460364126343,-5.05377144417172,776.4098622409936
17117,Macoupin County,IL,Expanded 2014,2014.0,Metro,2013,29.9,0.09999999999999787,16.4,13.9,10.821556702087694,0.87,0.98,18.01,10.751071086400492,1.0,50100.0,46680.0,5269.0,-4.472968325444181,-5.388123789208868,-3.557812861679497,235.68070106765387
17119,Madison County,IL,Expanded 2014,2014.0,Metro,2013,26.0,-3.8999999999999986,15.3,13.7,10.894217630225118,8.04,2.99,15.36,12.496007179285245,1.0,53900.0,267268.0,32076.0,-4.720307295440231,-5.417875227323413,-4.022739363557051,1514.0857680854085
17121,Marion County,IL,Expanded 2014,2014.0,"Rural, near a metro",2013,25.7,-3.1000000000000014,16.5,19.2,10.620570962139544,3.8,1.67,18.25,10.562793524427303,4.0,41000.0,38669.0,5648.0,-5.273139657053635,-5.592009422799668,-4.954269891307607,297.8269278303893
17123,Marshall County,IL,Expanded 2014,2014.0,Metro,2013,30.1,-7.199999999999996,14.9,10.2,10.837598555980199,0.56,3.14,21.03,9.403272107882152,2.0,50900.0,12128.0,1153.0,-4.560862039653904,-5.153122846597282,-3.968601232710527,52.58673931720951
17125,Mason County,IL,Expanded 2014,2014.0,"Rural, near a metro",2013,27.7,-4.699999999999999,16.1,14.0,10.7268512626277,0.42,0.9,20.44,9.557045784877424,6.0,45600.0,14144.0,1778.0,-4.452580495309207,-4.9980779677478715,-3.9070830228705398,79.16688120659771
17127,Massac County,IL,Expanded 2014,2014.0,Remote rural,2013,25.9,-3.900000000000002,14.3,17.5,10.630383773142448,5.53,2.4,19.2,9.605553103619997,7.0,41400.0,14847.0,2081.0,-5.229958166844354,-5.619151342169444,-4.840764991519269,108.83542945203101
17129,Menard County,IL,Expanded 2014,2014.0,Metro,2013,29.0,-4.299999999999997,15.3,10.8,11.004613346368536,0.9,1.3,17.29,9.439227397917458,3.0,60200.0,12572.0,1040.0,-4.594060813957906,-5.108848337158488,-4.079273290757321,47.778232465162226
17131,Mercer County,IL,Expanded 2014,2014.0,Metro,2013,29.6,-3.299999999999997,15.0,9.7,10.889789304075094,0.42,2.09,19.66,9.68502054910582,2.0,53600.0,16075.0,1434.0,-4.348144028862729,-4.763403134116716,-3.932884923608741,62.35238537389153
17133,Monroe County,IL,Expanded 2014,2014.0,Metro,2013,30.2,-6.699999999999999,13.9,4.9,11.178906217310082,0.3,1.46,15.08,10.4180163112265,1.0,71600.0,33457.0,1794.0,-4.149731483906004,-4.944325503835374,-3.3551374639766327,74.44618282127372
17135,Montgomery County,IL,Expanded 2014,2014.0,"Rural, near a metro",2013,28.1,-4.299999999999997,15.6,16.1,10.659938116765312,2.8,1.66,18.12,10.287456600299405,6.0,42600.0,29362.0,3408.0,-4.973902611257192,-5.360012309102146,-4.587792913412235,169.5106009916451
17137,Morgan County,IL,Expanded 2014,2014.0,"Rural, near a metro",2013,25.2,-4.100000000000001,14.9,16.0,10.78359136464851,6.33,2.25,17.63,10.46310334047155,4.0,48200.0,35000.0,4169.0,-5.232262145962278,-5.713319394465233,-4.751204897459324,218.1330088651674
17139,Moultrie County,IL,Expanded 2014,2014.0,"Rural, near a metro",2013,31.3,-4.699999999999999,18.0,12.4,10.771532971782289,0.36,1.06,17.64,9.602112152952344,6.0,47600.0,14796.0,1570.0,-5.346529637477683,-6.215148594151959,-4.477910680803406,83.94051530839964
17141,Ogle County,IL,Expanded 2014,2014.0,"Rural, near a metro",2013,33.1,-3.799999999999997,17.0,13.0,10.846108579656313,0.93,9.3,16.77,10.864101343046947,4.0,51300.0,52266.0,5125.0,-5.201404868581206,-6.040243009454945,-4.362566727707468,266.5719995147868
17143,Peoria County,IL,Expanded 2014,2014.0,Metro,2013,29.4,-3.3000000000000043,16.6,17.0,10.81631228476711,17.81,4.34,14.71,12.147611618952629,2.0,49800.0,188643.0,23550.0,-5.24639358419864,-5.895997895920243,-4.596789272477036,1235.5256890787798
17145,Perry County,IL,Expanded 2014,2014.0,"Rural, near a metro",2013,26.4,-4.400000000000002,15.0,17.6,10.643780689153017,8.34,2.98,16.85,9.985712492791798,6.0,41900.0,21714.0,2715.0,-5.392868162656774,-6.0165294921455,-4.769206833168049,146.41637061613142
17147,Piatt County,IL,Expanded 2014,2014.0,Metro,2013,30.2,-5.400000000000002,14.5,7.2,11.101628383919138,0.43,1.22,17.58,9.706803344906337,3.0,66300.0,16429.0,1142.0,-4.421670534735623,-5.049531946262338,-3.7938091232089133,50.495477506680814
17149,Pike County,IL,Expanded 2014,2014.0,Remote rural,2013,31.6,-1.5,19.6,17.3,10.582282226871673,1.76,1.29,19.63,9.68477168454907,7.0,39400.0,16071.0,2073.0,-5.783969276248766,-6.287373645314687,-5.280564907182842,119.90168309663692
17151,Pope County,IL,Expanded 2014,2014.0,"Rural, near a metro",2013,31.6,-2.0,16.9,19.9,10.562974531603437,6.51,1.57,22.82,8.402231172946555,8.0,38700.0,4457.0,589.0,-5.576207182132618,-6.548633327208117,-4.603781037057113,32.843860302761115
17153,Pulaski County,IL,Expanded 2014,2014.0,"Rural, near a metro",2013,27.4,-5.100000000000001,16.8,21.5,10.458176939948507,32.0,1.78,19.4,8.681520484837913,8.0,34800.0,5893.0,1063.0,-6.7800949473278855,-7.482704584950947,-6.07748530970482,72.07240929009542
17155,Putnam County,IL,Expanded 2014,2014.0,"Rural, near a metro",2013,34.7,-2.0,17.2,9.0,10.975721642144173,0.73,5.21,19.88,8.675051276031818,8.0,58400.0,5855.0,536.0,-5.718778279324618,-6.233640785629483,-5.203915773019753,30.652651577179956
17157,Randolph County,IL,Expanded 2014,2014.0,"Rural, near a metro",2013,26.2,-2.900000000000002,14.9,14.1,10.714217748749789,10.2,2.89,16.94,10.409551859200409,6.0,45000.0,33175.0,3289.0,-5.388279609247488,-5.966944325867396,-4.809614892627586,177.22051634814989
17159,Richland County,IL,Expanded 2014,2014.0,Remote rural,2013,26.1,-2.8999999999999986,15.3,16.4,10.645067690617664,0.49,1.39,19.55,9.68084387626357,7.0,42000.0,16008.0,2217.0,-4.1669751623178515,-4.423701868620599,-3.9102484560151054,92.38183934858677
17161,Rock Island County,IL,Expanded 2014,2014.0,Metro,2013,33.5,-2.299999999999997,19.2,15.8,10.782284079982702,9.44,12.13,17.09,11.90259988717207,2.0,48200.0,147650.0,17011.0,-5.598053215444525,-6.149598521882162,-5.046507909006888,952.2848324792681
17163,St. Clair County,IL,Expanded 2014,2014.0,Metro,2013,28.0,-1.8000000000000007,17.9,18.3,10.786076712737268,30.14,3.64,13.56,12.494370778177897,1.0,48300.0,266831.0,36101.0,-5.024406149796687,-6.020009084915722,-4.0288032146776525,1813.860864138102
17165,Saline County,IL,Expanded 2014,2014.0,"Rural, near a metro",2013,26.2,-0.3000000000000007,16.1,18.6,10.578496220392818,3.85,1.62,18.78,10.118719892579001,6.0,39300.0,24803.0,4064.0,-4.9209906694693855,-5.369311912159407,-4.472669426779371,199.98906080723583
17167,Sangamon County,IL,Expanded 2014,2014.0,Metro,2013,27.3,-2.8999999999999986,15.7,15.2,10.919714113022883,12.16,2.07,15.07,12.201768395522317,3.0,55300.0,199141.0,22947.0,-5.081496823434649,-5.915866624729548,-4.24712702213975,1166.051076073549
17169,Schuyler County,IL,Expanded 2014,2014.0,Remote rural,2013,37.3,-0.7000000000000028,18.1,13.2,10.81593089268139,3.35,2.02,19.03,8.90815361332152,7.0,49800.0,7392.0,897.0,-8.517914746914728,-9.647793142283657,-7.388036351545804,76.40569527982511
17171,Scott County,IL,Expanded 2014,2014.0,Remote rural,2013,30.9,-2.8000000000000043,16.2,13.3,10.736483628212472,0.15,1.11,18.44,8.558527054909215,9.0,46000.0,5211.0,615.0,-4.68958926642192,-5.27351433247548,-4.10566420036836,28.84097398849481
17173,Shelby County,IL,Expanded 2014,2014.0,"Rural, near a metro",2013,29.9,-1.1000000000000014,15.9,12.6,10.831094019308606,0.29,0.88,20.1,10.005005695726476,6.0,50600.0,22137.0,2371.0,-4.232843760435854,-4.823694469651504,-3.6419930512202034,100.3607255599341
17175,Stark County,IL,Expanded 2014,2014.0,Metro,2013,30.8,-2.1999999999999993,15.8,11.0,10.867196078739436,0.61,1.16,20.98,8.649098262296176,2.0,52400.0,5705.0,598.0,-4.683445221677443,-5.050541205267445,-4.316349238087444,28.00700242563111
17177,Stephenson County,IL,Expanded 2014,2014.0,"Rural, near a metro",2013,26.5,-3.6000000000000014,15.5,18.6,10.666557172400957,9.31,3.25,19.91,10.750878265755231,4.0,42900.0,46671.0,6118.0,-5.402806368114267,-5.741345972091226,-5.0642667641373045,330.54369360123087
17179,Tazewell County,IL,Expanded 2014,2014.0,Metro,2013,29.0,-0.6999999999999993,15.0,8.9,10.960305151547193,1.12,2.15,16.52,11.822364136823648,2.0,57500.0,136266.0,11396.0,-4.121921708771723,-4.813823548826935,-3.430019868716505,469.7341979316255
17181,Union County,IL,Expanded 2014,2014.0,"Rural, near a metro",2013,31.5,3.3999999999999986,18.9,16.7,10.664270016810953,1.0,4.87,19.2,9.772182251758139,6.0,42800.0,17539.0,2609.0,-5.352324508080425,-6.103992838622935,-4.6006561775379184,139.64214641581827
17183,Vermilion County,IL,Expanded 2014,2014.0,Metro,2013,26.4,-3.8000000000000007,16.8,19.6,10.693874867521128,13.11,4.61,17.12,11.297067806956818,3.0,44100.0,80585.0,11179.0,-5.442956813340763,-5.7885542974901565,-5.097359329191372,608.4681421633638
17185,Wabash County,IL,Expanded 2014,2014.0,Remote rural,2013,29.6,-2.099999999999998,16.6,14.6,10.765343217715396,0.68,1.55,18.59,9.364862411412354,7.0,47400.0,11671.0,1382.0,-4.630802161317437,-5.163885797386648,-4.097718525248226,63.99768586940698
17187,Warren County,IL,Expanded 2014,2014.0,"Rural, near a metro",2013,33.2,-2.299999999999997,18.2,15.1,10.731384133647687,2.15,8.53,17.64,9.779170718028748,6.0,45800.0,17662.0,2282.0,-5.724002858282484,-6.449819871695184,-4.998185844869783,130.62174522600628
17189,Washington County,IL,Expanded 2014,2014.0,"Rural, near a metro",2013,29.6,-4.100000000000001,14.5,9.9,10.896128027630796,0.73,1.49,18.11,9.575955235484386,6.0,54000.0,14414.0,1258.0,-4.301465540384074,-4.837379814381047,-3.7655512663870985,54.11243649803165
17191,Wayne County,IL,Expanded 2014,2014.0,Remote rural,2013,29.8,-1.8999999999999986,16.9,17.4,10.66653386047574,0.39,1.25,20.03,9.721005982940808,7.0,42900.0,16664.0,2129.0,-4.611194095591274,-4.90192338850292,-4.3204648026796315,98.17232229513822
17193,White County,IL,Expanded 2014,2014.0,"Rural, near a metro",2013,26.3,-5.599999999999998,15.7,15.5,10.660102368540187,0.44,1.25,21.25,9.577341813632218,6.0,42600.0,14434.0,1790.0,-4.328484362466621,-4.869981683589623,-3.786987041343618,77.47987008815251
17195,Whiteside County,IL,Expanded 2014,2014.0,"Rural, near a metro",2013,29.7,-7.099999999999998,16.8,12.1,10.829510769754663,1.31,11.51,18.46,10.95898355013061,4.0,50500.0,57468.0,6370.0,-4.906416693282006,-5.396310922232999,-4.416522464331017,312.5387433620638
17197,Will County,IL,Expanded 2014,2014.0,Metro,2013,41.4,-3.200000000000003,20.3,8.5,11.220820291680797,11.19,16.22,10.77,13.435324232078905,1.0,74700.0,683734.0,46662.0,-7.694649503038477,-8.936881896835247,-6.452417109241702,3590.4773511078142
17199,Williamson County,IL,Expanded 2014,2014.0,Metro,2013,28.0,-2.8000000000000007,17.0,16.2,10.69287629720916,4.2,2.35,17.32,11.119141861635901,3.0,44000.0,67450.0,9412.0,-5.332953569269221,-5.645362263298766,-5.02054487523968,501.93758993961904
17201,Winnebago County,IL,Expanded 2014,2014.0,Metro,2013,31.1,-6.0,18.9,16.3,10.762445737763038,12.24,11.6,15.27,12.580889524853804,2.0,47200.0,290945.0,39564.0,-4.695931288167592,-5.557001631328388,-3.8348609450067888,1857.898254850626
17203,Woodford County,IL,Expanded 2014,2014.0,Metro,2013,29.2,-5.400000000000002,13.3,7.0,11.112985067504765,0.55,1.62,15.74,10.57200899326967,2.0,67000.0,39027.0,2423.0,-3.348279732938565,-4.067410218779898,-2.6291492470972324,81.12881792910143
18001,Adams County,IN,Expanded 2015-2017,2015.0,"Rural, near a metro",2014,34.9,-7.899999999999999,18.9,15.5,10.778977123006351,0.34,4.37,14.34,10.452879829450936,6.0,48000.0,34644.0,4363.0,-6.64977820285416,-7.373325348818315,-5.926231056890004,290.129822990527
18003,Allen County,IN,Expanded 2015-2017,2015.0,Metro,2014,36.1,-9.299999999999997,18.7,17.0,10.72737786713795,11.72,6.89,12.78,12.803135596786761,2.0,45600.0,363355.0,45218.0,-6.317364481872665,-7.446575541585431,-5.188153422159901,2856.5858714131814
18005,Bartholomew County,IN,Expanded 2015-2017,2015.0,Metro,2014,39.6,-8.299999999999997,17.6,11.6,10.903034285460993,1.97,6.23,14.75,11.285460088006996,3.0,54300.0,79655.0,7918.0,-8.369482833867213,-10.183867703949954,-6.5550979637844735,662.695650785606
18007,Benton County,IN,Expanded 2015-2017,2015.0,Metro,2014,34.7,-5.799999999999997,18.0,11.9,10.80604440495564,0.7,5.03,16.19,9.076580381796658,3.0,49300.0,8748.0,1045.0,-5.988685007699882,-6.57491674673714,-5.402453268662625,62.581758330463764
18009,Blackford County,IN,Expanded 2015-2017,2015.0,"Rural, near a metro",2014,30.0,-10.5,15.5,15.4,10.580835581187099,0.55,1.4,19.42,9.430359045942868,6.0,39400.0,12461.0,1702.0,-4.802823406365602,-5.127101340298466,-4.478545472432735,81.74405437634253
18011,Boone County,IN,Expanded 2015-2017,2015.0,Metro,2014,36.0,-6.799999999999997,16.2,7.3,11.127953921876383,1.27,2.54,12.22,11.00784994429592,1.0,68000.0,60346.0,3841.0,-6.2618419473458955,-6.829719201472382,-5.693964693219413,240.51734919755586
18013,Brown County,IN,Expanded 2015-2017,2015.0,Metro,2014,37.8,-8.100000000000001,19.5,13.4,10.841030840443734,0.39,1.49,20.52,9.619465440915834,1.0,51100.0,15055.0,1685.0,-8.221645982519114,-9.27586576253707,-7.167426202501151,138.53473480544707
18015,Carroll County,IN,Expanded 2015-2017,2015.0,Metro,2014,39.0,-5.899999999999999,18.2,10.9,10.870224219890657,0.41,3.81,17.21,9.909121651153221,3.0,52600.0,20113.0,2020.0,-8.575989721613288,-9.542884402817931,-7.609095040408642,173.23499237658842
18017,Cass County,IN,Expanded 2015-2017,2015.0,"Rural, near a metro",2014,40.9,-8.700000000000003,19.9,13.8,10.636119834372657,1.44,13.56,16.01,10.560618878891704,4.0,41600.0,38585.0,5118.0,-10.117513614472946,-11.156382785509512,-9.078644443436376,517.8143467887254
18019,Clark County,IN,Expanded 2015-2017,2015.0,Metro,2014,34.3,-7.0,17.3,11.7,10.825680830062897,6.99,5.0,13.95,11.632378216985192,1.0,50300.0,112688.0,12844.0,-5.984817386225147,-6.525139504173343,-5.44449526827695,768.6899450867579
18021,Clay County,IN,Expanded 2015-2017,2015.0,Metro,2014,32.1,-8.5,16.7,15.0,10.758540974939093,0.53,1.23,16.08,10.190994609673622,3.0,47000.0,26662.0,3495.0,-5.195894288265164,-5.647983096495838,-4.7438054800344895,181.5965053748675
18023,Clinton County,IN,Expanded 2015-2017,2015.0,"Rural, near a metro",2014,37.1,-10.199999999999996,18.5,14.4,10.763821501264086,0.5,14.34,15.14,10.39714667138021,6.0,47300.0,32766.0,3673.0,-7.3992532210160435,-8.65034561057892,-6.1481608314531675,271.77457080791925
18025,Crawford County,IN,Expanded 2015-2017,2015.0,"Rural, near a metro",2014,32.6,-5.399999999999999,16.5,19.3,10.545709791910783,0.36,1.64,16.86,9.27049429479593,8.0,38000.0,10620.0,1579.0,-4.989914603747695,-5.273804503276037,-4.706024704219351,78.79075159317611
18027,Daviess County,IN,Expanded 2015-2017,2015.0,Remote rural,2014,39.5,-6.399999999999999,23.1,13.9,10.727180422942716,0.65,4.59,14.41,10.382265078333225,7.0,45600.0,32282.0,3987.0,-9.530516442809201,-10.205314526323948,-8.855718359294452,379.9816905748029
18029,Dearborn County,IN,Expanded 2015-2017,2015.0,Metro,2014,33.6,-8.399999999999999,15.8,10.8,10.916487485128314,0.6,1.15,14.7,10.81454461261167,1.0,55100.0,49739.0,4222.0,-5.2674669514854,-5.881010795785956,-4.653923107184843,222.39245469171357
18031,Decatur County,IN,Expanded 2015-2017,2015.0,"Rural, near a metro",2014,29.8,-11.999999999999996,15.6,12.9,10.771973634462144,0.45,1.86,15.05,10.174887792413626,6.0,47700.0,26236.0,3286.0,-5.2784103300796605,-5.837259351143297,-4.719561309016029,173.44856344641767
18033,De Kalb County,IN,Expanded 2015-2017,2015.0,"Rural, near a metro",2014,34.2,-9.899999999999999,16.8,12.9,10.825342773882696,0.38,2.69,14.37,10.654172241737173,4.0,50300.0,42369.0,4609.0,-5.753208736965381,-6.289469930949748,-5.216947542981009,265.1653906867344
18035,Delaware County,IN,Expanded 2015-2017,2015.0,Metro,2014,27.8,-4.9999999999999964,16.6,23.0,10.52180342247307,6.9,2.07,15.58,11.668483725119911,3.0,37100.0,116831.0,22141.0,-5.216227706217745,-5.647042351501139,-4.785413060934345,1154.9249764336707
18037,Dubois County,IN,Expanded 2015-2017,2015.0,Remote rural,2014,36.9,-11.300000000000004,15.5,8.9,10.926046388085478,0.36,6.34,15.35,10.651951173766781,5.0,55600.0,42275.0,3258.0,-5.9119404319971505,-6.84861201766868,-4.975268846325621,192.61101927446717
18039,Elkhart County,IN,Expanded 2015-2017,2015.0,Metro,2014,43.4,-4.899999999999999,23.4,15.5,10.739067019969132,5.66,14.79,13.06,12.207097120576362,3.0,46100.0,200205.0,25182.0,-8.066297183417838,-9.104022147791294,-7.028572219044371,2031.25495672828
18041,Fayette County,IN,Expanded 2015-2017,2015.0,"Rural, near a metro",2014,29.6,-5.5,16.8,17.3,10.60192073752531,1.46,0.99,17.6,10.078532700359306,6.0,40200.0,23826.0,4097.0,-4.872148914779093,-5.4427887091565,-4.301509120401685,199.61194103849942
18043,Floyd County,IN,Expanded 2015-2017,2015.0,Metro,2014,33.4,-6.899999999999999,16.2,13.1,10.930317368108538,5.2,2.91,13.87,11.238725433331068,1.0,55800.0,76018.0,7642.0,-5.755892150013123,-6.446880169576734,-5.0649041304495155,439.8652781040028
18045,Fountain County,IN,Expanded 2015-2017,2015.0,"Rural, near a metro",2014,32.1,-8.199999999999996,16.2,13.8,10.662703333065778,0.27,2.29,18.72,9.734003244543665,6.0,42700.0,16882.0,1953.0,-5.031659854429112,-5.468884753252196,-4.594434955606026,98.26831695700055
18047,Franklin County,IN,Expanded 2015-2017,2015.0,"Rural, near a metro",2014,35.2,-6.0,17.6,11.4,10.888146961128207,0.23,1.12,15.36,10.041944295683145,6.0,53500.0,22970.0,2403.0,-6.156433898201418,-6.9223080829575085,-5.390559713445329,147.93910657378007
18049,Fulton County,IN,Expanded 2015-2017,2015.0,Remote rural,2014,36.3,-4.300000000000004,19.3,16.3,10.699574821882683,0.69,4.78,17.42,9.925689260519814,7.0,44300.0,20449.0,2838.0,-7.569780299994719,-8.65652923523796,-6.483031364751481,214.83036491385013
18051,Gibson County,IN,Expanded 2015-2017,2015.0,"Rural, near a metro",2014,30.8,-7.9999999999999964,14.1,12.0,10.79094661774158,1.91,1.38,16.04,10.418822991779948,6.0,48600.0,33484.0,3384.0,-4.7342297668375375,-5.09339038351801,-4.375069150157065,160.20633530978228
18053,Grant County,IN,Expanded 2015-2017,2015.0,"Rural, near a metro",2014,29.1,-9.0,15.8,21.7,10.579615727926479,6.98,4.0,17.34,11.139612879878472,4.0,39300.0,68845.0,9776.0,-4.992144993085664,-5.529510694587145,-4.454779291584183,488.0320945240545
18055,Greene County,IN,Expanded 2015-2017,2015.0,"Rural, near a metro",2014,31.8,-9.3,16.8,13.7,10.68706941056728,0.22,1.17,17.55,10.396383394136135,6.0,43800.0,32741.0,4330.0,-5.120475530695855,-5.541089967241971,-4.699861094149734,221.71659047913053
18057,Hamilton County,IN,Expanded 2015-2017,2015.0,Metro,2014,37.8,-14.100000000000001,15.7,5.5,11.33883394829629,3.77,3.64,9.88,12.601009188973551,1.0,84000.0,296858.0,12198.0,-6.671067930647257,-7.499322760001572,-5.842813101292947,813.7368661803523
18059,Hancock County,IN,Expanded 2015-2017,2015.0,Metro,2014,32.3,-11.0,14.8,6.5,11.123402601282816,1.98,2.01,14.45,11.170153426200487,1.0,67700.0,70980.0,5398.0,-5.239251759184736,-5.942804169167148,-4.535699349202324,282.81480996079205
18061,Harrison County,IN,Expanded 2015-2017,2015.0,Metro,2014,33.6,-10.600000000000001,16.1,13.0,10.82617776399085,0.53,1.6,15.46,10.571316925111784,1.0,50300.0,39000.0,4298.0,-5.549012096177386,-6.006932158646091,-5.091092033708682,238.49653989370407
18063,Hendricks County,IN,Expanded 2015-2017,2015.0,Metro,2014,36.1,-9.199999999999996,15.1,6.4,11.135683315805805,5.59,3.41,11.79,11.941814088021982,1.0,68600.0,153555.0,9132.0,-6.037017277913924,-7.023525251347166,-5.050509304480682,551.3004178190996
18065,Henry County,IN,Expanded 2015-2017,2015.0,"Rural, near a metro",2014,29.5,-9.899999999999999,15.3,17.2,10.648586560603084,2.56,1.58,17.29,10.796366351399625,4.0,42100.0,48843.0,6068.0,-4.97554760276478,-5.557189065014815,-4.393906140514743,301.91622853576683
18067,Howard County,IN,Expanded 2015-2017,2015.0,Metro,2014,30.7,-4.599999999999998,16.1,15.8,10.719095699044251,6.96,2.93,17.59,11.323434267617863,3.0,45200.0,82738.0,11331.0,-5.317492332331323,-5.925212235816465,-4.709772428846179,602.5250561764622
18069,Huntington County,IN,Expanded 2015-2017,2015.0,"Rural, near a metro",2014,29.6,-10.899999999999999,14.6,13.0,10.710588223171918,0.49,1.97,15.56,10.512627928763104,6.0,44800.0,36777.0,4079.0,-4.696704044454616,-5.253305753612169,-4.1401023352970645,191.57855797330382
18071,Jackson County,IN,Expanded 2015-2017,2015.0,"Rural, near a metro",2014,40.0,-5.600000000000001,19.1,12.9,10.812028330950222,0.83,6.05,15.18,10.679066891449532,4.0,49600.0,43437.0,5312.0,-9.500059472534375,-10.594336097383065,-8.405782847685693,504.643159181026
18073,Jasper County,IN,Expanded 2015-2017,2015.0,Metro,2014,35.6,-7.699999999999996,17.7,10.7,10.892229170068525,0.75,5.78,15.39,10.416999564727426,1.0,53800.0,33423.0,2975.0,-6.024922114002113,-6.553068822297178,-5.496775405707048,179.24143289156285
18075,Jay County,IN,Expanded 2015-2017,2015.0,"Rural, near a metro",2014,32.2,-8.099999999999994,16.7,16.0,10.641775388760346,0.31,2.98,16.32,9.965052908194282,6.0,41800.0,21270.0,3023.0,-5.207954170307957,-5.517416711803116,-4.898491628812802,157.43645456840954
18077,Jefferson County,IN,Expanded 2015-2017,2015.0,"Rural, near a metro",2014,31.8,-9.900000000000002,16.4,15.3,10.704793829072338,1.83,2.42,15.66,10.385605012165374,6.0,44600.0,32390.0,4069.0,-5.4737966669167815,-5.8888636522752495,-5.058729681558313,222.72878637684386
18079,Jennings County,IN,Expanded 2015-2017,2015.0,"Rural, near a metro",2014,30.8,-9.099999999999998,16.2,16.9,10.704457215624819,0.76,2.22,14.09,10.248034245674875,6.0,44600.0,28227.0,4003.0,-5.446214927429385,-5.900552004181682,-4.991877850677083,218.0119835449983
18081,Johnson County,IN,Expanded 2015-2017,2015.0,Metro,2014,32.8,-9.700000000000003,15.7,11.8,10.98420738836265,1.53,3.33,13.27,11.887312617507531,1.0,58900.0,145410.0,12983.0,-5.191016410007312,-5.722766023911129,-4.659266796103502,673.9496605112492
18083,Knox County,IN,Expanded 2015-2017,2015.0,Remote rural,2014,29.1,-7.600000000000001,16.8,15.9,10.694010958974793,2.67,1.7,16.35,10.546787760701491,5.0,44100.0,38055.0,4685.0,-5.045935667805458,-5.535658494081315,-4.556212841529606,236.40208603668572
18085,Kosciusko County,IN,Expanded 2015-2017,2015.0,"Rural, near a metro",2014,39.1,-11.399999999999999,19.6,12.7,10.851335089314501,0.8,7.65,14.8,11.262731836929438,4.0,51600.0,77865.0,8219.0,-8.363413826891659,-10.053648992735498,-6.673178661047827,687.3889824322254
18087,Lagrange County,IN,Expanded 2015-2017,2015.0,"Rural, near a metro",2014,49.5,-0.7000000000000028,30.7,12.7,10.855338459808834,0.35,3.79,12.47,10.547680805518146,6.0,51800.0,38089.0,4492.0,-9.35809539295366,-11.586228902233639,-7.129961883673695,420.3656450514784
18089,Lake County,IN,Expanded 2015-2017,2015.0,Metro,2014,35.7,-9.399999999999999,19.6,17.8,10.786035340845325,24.51,17.67,14.33,13.105689131615934,1.0,48300.0,491732.0,63257.0,-5.503762123084841,-7.084029412783228,-3.9234948333864574,3481.514806199778
18091,La Porte County,IN,Expanded 2015-2017,2015.0,Metro,2014,32.6,-10.399999999999999,16.6,17.0,10.749570389366786,11.0,5.91,15.42,11.62108904836042,3.0,46600.0,111423.0,13340.0,-5.4989556116280385,-6.144290791659213,-4.85362043159687,733.5606785911804
18093,Lawrence County,IN,Expanded 2015-2017,2015.0,"Rural, near a metro",2014,31.7,-9.599999999999998,16.3,12.9,10.701782726172576,0.43,1.5,17.8,10.734133246281708,6.0,44400.0,45896.0,6038.0,-5.085549366625389,-5.474154576733941,-4.696944156516832,307.06547075684097
18095,Madison County,IN,Expanded 2015-2017,2015.0,Metro,2014,30.5,-7.799999999999997,16.5,19.6,10.624176940269097,8.32,3.58,16.56,11.777617786639144,1.0,41100.0,130303.0,17837.0,-4.930244475234529,-5.317205760399528,-4.543283190069529,879.4077070475829
18097,Marion County,IN,Expanded 2015-2017,2015.0,Metro,2014,34.5,-5.799999999999997,20.3,21.3,10.63291844517332,27.12,9.64,11.17,13.74285599064433,1.0,41500.0,929922.0,154924.0,-4.486820859524083,-5.3623943325576535,-3.6112473864905126,6951.162348409091
18099,Marshall County,IN,Expanded 2015-2017,2015.0,"Rural, near a metro",2014,42.1,-6.699999999999996,20.5,13.8,10.733239522993044,0.49,9.1,15.74,10.755986151322503,6.0,45900.0,46910.0,5434.0,-10.54495222752872,-12.189527265834984,-8.900377189222468,573.0127040439106
18101,Martin County,IN,Expanded 2015-2017,2015.0,Remote rural,2014,33.9,-7.600000000000001,16.6,14.9,10.75447146820963,0.26,0.92,16.86,9.233373071086755,7.0,46800.0,10233.0,1181.0,-5.41122076079912,-5.814251346954005,-5.0081901746442385,63.90651718503761
18103,Miami County,IN,Expanded 2015-2017,2015.0,"Rural, near a metro",2014,31.9,-7.5,18.5,17.7,10.684966071886038,4.48,2.59,15.4,10.495902379841931,6.0,43700.0,36167.0,4727.0,-5.789558526734162,-6.486961883749702,-5.092155169718621,273.6724315587238
18105,Monroe County,IN,Expanded 2015-2017,2015.0,Metro,2014,26.0,-6.600000000000001,15.2,24.0,10.654997976392988,3.28,3.14,11.08,11.864061095199636,3.0,42400.0,142068.0,30286.0,-4.865213206984266,-5.447915666210218,-4.282510747758312,1473.4784718672547
18107,Montgomery County,IN,Expanded 2015-2017,2015.0,"Rural, near a metro",2014,35.2,-7.899999999999999,17.7,12.5,10.837402069163833,0.87,4.47,16.44,10.548940218483393,6.0,50900.0,38137.0,4696.0,-5.983931057727066,-6.481044178973149,-5.486817936480983,281.00540247086303
18109,Morgan County,IN,Expanded 2015-2017,2015.0,Metro,2014,34.0,-7.100000000000001,17.8,12.7,10.94183661241081,0.38,1.37,14.52,11.146834904336085,1.0,56500.0,69344.0,7184.0,-5.956404968638972,-6.7681635323500045,-5.144646404927938,427.9081329470237
18111,Newton County,IN,Expanded 2015-2017,2015.0,Metro,2014,34.8,-10.200000000000003,16.9,11.4,10.891447571100644,0.58,5.83,17.2,9.548810611260068,1.0,53700.0,14028.0,1562.0,-5.627119753731078,-5.955081399587094,-5.299158107875062,87.89561055327944
18113,Noble County,IN,Expanded 2015-2017,2015.0,"Rural, near a metro",2014,40.5,-8.600000000000001,18.9,13.6,10.795260156596557,0.48,9.85,13.7,10.762996270311298,6.0,48800.0,47240.0,5423.0,-10.356812154866091,-11.062346973950225,-9.651277335781954,561.6499231583881
18115,Ohio County,IN,Expanded 2015-2017,2015.0,Metro,2014,32.6,-6.199999999999996,14.8,10.5,10.830084987398923,0.37,1.4,18.89,8.697178688412643,1.0,50500.0,5986.0,641.0,-4.647195825578472,-5.165829265701878,-4.128562385455067,29.788525241958006
18117,Orange County,IN,Expanded 2015-2017,2015.0,"Rural, near a metro",2014,30.2,-7.5000000000000036,16.4,16.8,10.581800244137618,1.1,1.17,17.29,9.89520333294843,6.0,39400.0,19835.0,3015.0,-4.902062723813753,-5.3243345784091405,-4.479790869218368,147.79719112298466
18119,Owen County,IN,Expanded 2015-2017,2015.0,Metro,2014,32.4,-9.800000000000004,17.1,15.0,10.668815850056081,0.4,1.11,16.58,9.95953701838715,3.0,43000.0,21153.0,2888.0,-5.255594845131917,-5.586968587825039,-4.924221102438796,151.78157912740977
18121,Parke County,IN,Expanded 2015-2017,2015.0,"Rural, near a metro",2014,37.0,-5.200000000000003,20.5,17.2,10.644567386851376,2.34,1.36,17.04,9.75481351515439,6.0,42000.0,17237.0,2037.0,-9.380690437795582,-10.341730902921109,-8.419649972670056,191.08466421789603
18123,Perry County,IN,Expanded 2015-2017,2015.0,"Rural, near a metro",2014,31.9,-8.300000000000004,15.5,14.2,10.730334861483916,2.91,1.13,16.2,9.873904249994453,6.0,45700.0,19417.0,2034.0,-5.156466700144233,-5.409597299433038,-4.9033361008554195,104.8825326809337
18125,Pike County,IN,Expanded 2015-2017,2015.0,"Rural, near a metro",2014,31.3,-9.400000000000002,14.4,12.3,10.729393952671707,0.37,1.01,18.27,9.433083843269053,8.0,45700.0,12495.0,1388.0,-4.532986626633905,-5.007673366480337,-4.058299886787474,62.9178543776786
18127,Porter County,IN,Expanded 2015-2017,2015.0,Metro,2014,33.8,-10.600000000000001,15.9,11.7,11.074885510929885,3.22,9.15,13.84,12.022618447540284,1.0,64500.0,166478.0,14405.0,-5.1988150894518785,-6.007080728149335,-4.3905494507544205,748.8893136355431
18129,Posey County,IN,Expanded 2015-2017,2015.0,Metro,2014,30.3,-10.599999999999998,12.2,9.6,10.976388793518188,0.86,1.02,15.98,10.148823031356836,2.0,58500.0,25561.0,1961.0,-2.956450634910772,-3.392151684537457,-2.5207495852840838,57.97599695060025
18131,Pulaski County,IN,Expanded 2015-2017,2015.0,"Rural, near a metro",2014,33.1,-7.899999999999999,17.0,14.3,10.710432058574115,0.78,2.73,17.36,9.468001285315953,6.0,44800.0,12939.0,1551.0,-5.436034325349253,-5.695517950937953,-5.176550699760552,84.31289238616691
18133,Putnam County,IN,Expanded 2015-2017,2015.0,Metro,2014,33.2,-5.599999999999994,17.0,13.2,10.840600000102581,3.96,1.73,14.9,10.531936199157137,1.0,51100.0,37494.0,3425.0,-5.647721986536294,-6.472741144089275,-4.822702828983314,193.4344780388681
18135,Randolph County,IN,Expanded 2015-2017,2015.0,"Rural, near a metro",2014,33.0,-7.200000000000003,18.0,18.1,10.622716624094574,0.53,3.22,18.21,10.151011472575716,6.0,41100.0,25617.0,3487.0,-5.75181905995907,-6.331395444474701,-5.172242675443444,200.56593062077278
18137,Ripley County,IN,Expanded 2015-2017,2015.0,"Rural, near a metro",2014,30.2,-8.2,15.0,10.2,10.768379721324283,0.29,1.67,15.98,10.250475730885316,6.0,47500.0,28296.0,2912.0,-4.543695249160781,-5.165076714482247,-3.9223137838393156,132.31240565556195
18139,Rush County,IN,Expanded 2015-2017,2015.0,"Rural, near a metro",2014,32.6,-6.699999999999996,17.2,12.8,10.755986151322503,0.85,1.37,16.99,9.740733301234702,6.0,46900.0,16996.0,2155.0,-5.282954186863796,-5.81593351078563,-4.749974862941961,113.84766272691479
18141,St. Joseph County,IN,Expanded 2015-2017,2015.0,Metro,2014,34.6,-9.0,17.8,20.1,10.620790616307145,12.63,7.87,14.08,12.495206164124191,2.0,41000.0,267054.0,35254.0,-5.380669057795708,-6.157772291088669,-4.603565824502741,1896.9010696352989
18143,Scott County,IN,Expanded 2015-2017,2015.0,Metro,2014,29.0,-6.399999999999999,16.1,17.0,10.683958561267747,0.32,1.76,15.07,10.075548313621022,1.0,43600.0,23755.0,3546.0,-4.848061184788318,-5.283360634359004,-4.412761735217633,171.91224961259377
18145,Shelby County,IN,Expanded 2015-2017,2015.0,Metro,2014,31.3,-11.900000000000002,15.5,12.6,10.812894646443958,1.01,3.8,14.98,10.699484599710523,1.0,49700.0,44333.0,5001.0,-5.264838521446803,-5.744101044891788,-4.785575998001819,263.29457445755463
18147,Spencer County,IN,Expanded 2015-2017,2015.0,"Rural, near a metro",2014,33.6,-5.100000000000001,15.6,10.5,10.830381867194474,0.57,2.82,17.08,9.94087967175319,8.0,50500.0,20762.0,1937.0,-5.096864034808634,-5.723129733902764,-4.470598335714507,98.72625635424325
18149,Starke County,IN,Expanded 2015-2017,2015.0,"Rural, near a metro",2014,31.5,-8.0,16.7,19.4,10.585371540817363,0.4,3.41,16.35,10.049274784602108,6.0,39600.0,23139.0,3351.0,-5.044692455925537,-5.532293206798884,-4.557091705052193,169.04764419806475
18151,Steuben County,IN,Expanded 2015-2017,2015.0,Remote rural,2014,33.1,-10.199999999999996,16.7,12.3,10.742357137441699,0.59,3.26,16.94,10.444968464561736,7.0,46300.0,34371.0,3824.0,-5.36964382054599,-5.920186166688733,-4.819101474403245,205.33517969767868
18153,Sullivan County,IN,Expanded 2015-2017,2015.0,Metro,2014,32.0,-6.100000000000001,16.1,18.3,10.644900950505562,4.51,1.76,15.85,9.958827647569292,3.0,42000.0,21138.0,2703.0,-5.168968195027701,-5.51004552815258,-4.827890861902824,139.71721031159876
18155,Switzerland County,IN,Expanded 2015-2017,2015.0,"Rural, near a metro",2014,31.5,-6.399999999999999,17.3,19.9,10.674590649549964,0.6,1.59,15.85,9.268420583052707,8.0,43200.0,10598.0,1576.0,-4.971504782504579,-5.32800857895046,-4.615000986058696,78.35091537227215
18157,Tippecanoe County,IN,Expanded 2015-2017,2015.0,Metro,2014,28.4,-5.600000000000001,16.5,19.6,10.774948268492489,4.46,7.87,10.13,12.111503690950546,3.0,47800.0,181953.0,34580.0,-4.080176519580577,-5.423711845401444,-2.736641193759711,1410.9250404709633
18159,Tipton County,IN,Expanded 2015-2017,2015.0,"Rural, near a metro",2014,32.6,-12.899999999999999,15.3,10.3,10.881531680685764,0.35,2.35,18.61,9.651429991057276,6.0,53200.0,15544.0,1364.0,-5.545838373666878,-6.325880699456386,-4.765796047877371,75.6452354168162
18161,Union County,IN,Expanded 2015-2017,2015.0,Metro,2014,30.3,-6.699999999999999,14.9,13.1,10.723509645430674,0.59,1.4,16.76,8.896588071791218,1.0,45400.0,7307.0,944.0,-4.524953316868846,-5.066532342141285,-3.9833742915964065,42.715559311241904
18163,Vanderburgh County,IN,Expanded 2015-2017,2015.0,Metro,2014,28.2,-9.000000000000004,15.6,18.7,10.645758175055626,9.16,2.4,14.95,12.109451606925749,2.0,42000.0,181580.0,25131.0,-4.8466338532734925,-5.753840304249767,-3.939427402297218,1218.0075536661614
18165,Vermillion County,IN,Expanded 2015-2017,2015.0,Metro,2014,30.8,-9.099999999999998,15.4,13.9,10.616755937092288,0.21,1.06,18.0,9.671050954310326,3.0,40800.0,15852.0,1943.0,-4.713339183558251,-5.180353327217766,-4.246325039898734,91.58018033653681
18167,Vigo County,IN,Expanded 2015-2017,2015.0,Metro,2014,30.6,-7.399999999999999,17.5,23.9,10.571675835054878,6.99,2.44,14.17,11.591736645394517,3.0,39000.0,108200.0,17024.0,-5.7688964406373975,-6.601225403249311,-4.936567478025481,982.0969300541105
18169,Wabash County,IN,Expanded 2015-2017,2015.0,"Rural, near a metro",2014,29.8,-7.400000000000002,15.9,14.2,10.732759634666934,0.59,2.28,18.85,10.38186229603161,6.0,45800.0,32269.0,3764.0,-4.714820315633729,-5.2399507675300185,-4.189689863737436,177.46583668045358
18171,Warren County,IN,Expanded 2015-2017,2015.0,"Rural, near a metro",2014,34.5,-8.799999999999997,15.0,9.9,10.889733359497507,0.2,1.24,18.2,9.032289682032873,8.0,53600.0,8369.0,734.0,-5.282630216501478,-6.1009656038143145,-4.464294829188643,38.77450578912085
18173,Warrick County,IN,Expanded 2015-2017,2015.0,Metro,2014,34.0,-10.5,14.3,7.9,11.031982215686106,1.29,1.65,15.05,11.01619996558302,2.0,61800.0,60852.0,4184.0,-5.118400621421241,-5.742602395563673,-4.494198847278809,214.15388200026473
18175,Washington County,IN,Expanded 2015-2017,2015.0,Metro,2014,32.5,-6.299999999999997,18.4,15.5,10.69151300145826,0.33,1.23,15.11,10.232035618540193,1.0,44000.0,27779.0,3976.0,-5.813537350007601,-6.44988617969376,-5.177188520321444,231.1462450363022
18177,Wayne County,IN,Expanded 2015-2017,2015.0,Remote rural,2014,30.9,-7.800000000000004,17.8,23.0,10.50843173731979,4.8,2.73,17.55,11.124096210513489,5.0,36600.0,67785.0,10516.0,-5.259156150304577,-6.101209148029163,-4.417103152579996,553.0528607660293
18179,Wells County,IN,Expanded 2015-2017,2015.0,Metro,2014,32.0,-9.299999999999997,15.2,11.8,10.808757781126818,0.43,2.43,16.64,10.229729061853906,2.0,49500.0,27715.0,2624.0,-4.89286313493783,-5.3432409098056075,-4.442485360070058,128.38872866076866
18181,White County,IN,Expanded 2015-2017,2015.0,"Rural, near a metro",2014,36.0,-11.799999999999997,17.7,12.4,10.79098778694702,0.39,7.47,18.43,10.102379394048045,6.0,48600.0,24401.0,2593.0,-6.236314132803428,-6.897466603662287,-5.575161661944564,161.70762546359288
18183,Whitley County,IN,Expanded 2015-2017,2015.0,Metro,2014,32.7,-11.0,14.6,8.9,10.87185826927572,0.43,1.7,15.6,10.412802035103168,2.0,52700.0,33283.0,3035.0,-4.893635275920155,-5.418668861502126,-4.368601690338186,148.52183062417672
19001,Adair County,IA,Expanded 2014,2014.0,"Rural, near a metro",2013,25.3,-5.300000000000001,11.8,10.1,10.776975162084973,0.26,1.52,21.58,8.907476977528738,8.0,47900.0,7387.0,727.0,-2.3374874578772036,-2.766719941186314,-1.9082549745680932,16.99353381876727
19003,Adams County,IA,Expanded 2014,2014.0,Remote rural,2013,28.1,-3.1999999999999993,15.0,13.2,10.692035817859326,0.26,0.98,21.59,8.266421472984554,9.0,44000.0,3891.0,463.0,-4.038801381304971,-4.3172143398993885,-3.760388422710553,18.699650395442017
19005,Allamakee County,IA,Expanded 2014,2014.0,"Rural, near a metro",2013,36.2,-9.199999999999996,17.8,13.9,10.707124571258316,1.31,5.67,20.69,9.551871220788255,6.0,44700.0,14071.0,1577.0,-6.533808689469373,-7.36836105398816,-5.699256324950585,103.038163032932
19007,Appanoose County,IA,Expanded 2014,2014.0,Remote rural,2013,24.3,-2.8999999999999986,14.2,17.2,10.536964343355363,0.46,1.69,21.22,9.44572864970683,7.0,37700.0,12654.0,1775.0,-3.968497748250519,-4.410646345767196,-3.5263491507338403,70.44083503144671
19009,Audubon County,IA,Expanded 2014,2014.0,"Rural, near a metro",2013,29.4,-8.5,14.4,11.2,10.762721041922928,0.32,0.92,23.84,8.676416696964216,8.0,47200.0,5863.0,572.0,-4.197409908421414,-4.5682823639601535,-3.826537452882669,24.00918467617049
19011,Benton County,IA,Expanded 2014,2014.0,Metro,2013,25.2,-7.099999999999998,11.7,8.8,10.988322028210893,0.39,1.26,16.48,10.154207359620441,2.0,59200.0,25699.0,1964.0,-2.2705355785474497,-2.7396185751774853,-1.801452581917414,44.59331876267191
19013,Black Hawk County,IA,Expanded 2014,2014.0,Metro,2013,23.4,-4.600000000000001,12.8,16.7,10.742486788680049,8.7,4.04,14.51,11.797600520876,3.0,46300.0,132933.0,18585.0,-2.922180812057098,-3.907512457814127,-1.9368491663000675,543.0873039208117
19015,Boone County,IA,Expanded 2014,2014.0,"Rural, near a metro",2013,25.1,-3.099999999999998,12.5,11.3,10.870053060283906,0.99,2.28,16.41,10.176715668017758,6.0,52600.0,26284.0,2504.0,-2.5055516366415134,-2.963300873062979,-2.0478024002200494,62.7390129815035
19017,Bremer County,IA,Expanded 2014,2014.0,Metro,2013,24.8,-7.0,9.9,6.5,11.02947178800009,1.0,1.18,18.13,10.109647698809924,3.0,61700.0,24579.0,1503.0,-2.1794641147185154,-2.8435499500335553,-1.515378279403475,32.757345644219285
19019,Buchanan County,IA,Expanded 2014,2014.0,"Rural, near a metro",2013,27.0,-6.700000000000003,13.1,9.2,10.903806884005734,0.35,1.43,16.16,9.953515046135776,6.0,54400.0,21026.0,1867.0,-3.1287886164814696,-3.414059885976369,-2.843517346986569,58.41448346970904
19021,Buena Vista County,IA,Expanded 2014,2014.0,Remote rural,2013,39.8,0.3999999999999986,21.2,12.5,10.768779683438467,2.19,24.75,14.66,9.935422171066474,7.0,47500.0,20649.0,2251.0,-9.812046163235713,-11.291085759958936,-8.333006566512491,220.8691591344359
19023,Butler County,IA,Expanded 2014,2014.0,"Rural, near a metro",2013,27.8,-6.4999999999999964,12.1,9.3,10.895256745586188,0.33,1.13,20.47,9.61413742298365,8.0,53900.0,14975.0,1165.0,-2.5461261486217173,-2.9317167291600033,-2.1605355680834313,29.662369631443006
19025,Calhoun County,IA,Expanded 2014,2014.0,Remote rural,2013,25.8,-7.699999999999999,12.2,14.0,10.765343217715396,1.83,1.74,22.3,9.200087995511831,9.0,47400.0,9898.0,923.0,-2.592350918490194,-3.193708286919635,-1.9909935500607525,23.927398977664488
19027,Carroll County,IA,Expanded 2014,2014.0,Remote rural,2013,23.4,-5.700000000000003,10.9,9.5,10.845991691226187,0.55,2.38,18.78,9.930178167789173,7.0,51300.0,20541.0,1717.0,-1.902747736312237,-2.3758957258179008,-1.429599746806574,32.67017863248111
19029,Cass County,IA,Expanded 2014,2014.0,"Rural, near a metro",2013,23.5,-7.399999999999999,12.8,14.8,10.718653230950043,0.31,2.45,21.29,9.51576412590412,6.0,45200.0,13572.0,1541.0,-2.8092871752192514,-3.285795670012279,-2.332778680426225,43.291115370128665
19031,Cedar County,IA,Expanded 2014,2014.0,"Rural, near a metro",2013,25.4,-5.900000000000002,11.3,7.4,10.977294722285267,0.45,1.81,17.66,9.810604425056072,6.0,58500.0,18226.0,1330.0,-2.1884487206835437,-2.7701244762596255,-1.6067729651074623,29.10636798509113
19033,Cerro Gordo County,IA,Expanded 2014,2014.0,Remote rural,2013,25.1,-4.5,12.2,11.9,10.737765303689605,1.16,4.23,19.23,10.681159688165762,5.0,46100.0,43528.0,4822.0,-2.3854039830389646,-2.863168292843767,-1.9076396732341614,115.02418006213888
19035,Cherokee County,IA,Expanded 2014,2014.0,"Rural, near a metro",2013,25.5,-8.899999999999999,12.2,11.1,10.852342275283545,0.74,3.08,21.96,9.38210641483062,6.0,51700.0,11874.0,1104.0,-2.523104273188889,-2.881956434052125,-2.1642521123256513,27.855071176005332
19037,Chickasaw County,IA,Expanded 2014,2014.0,"Rural, near a metro",2013,28.7,-5.099999999999998,13.8,10.6,10.826594997737205,0.39,2.31,18.96,9.415238482949043,6.0,50300.0,12274.0,1177.0,-3.7163900917283206,-4.236563474027631,-3.196216709429011,43.74191137964233
19039,Clarke County,IA,Expanded 2014,2014.0,"Rural, near a metro",2013,29.2,-7.099999999999998,13.9,13.3,10.663732476628567,0.66,11.24,16.99,9.131838143821225,6.0,42800.0,9245.0,1141.0,-4.088435118730586,-4.511309031412644,-3.6655612060485283,46.64904470471598
19041,Clay County,IA,Expanded 2014,2014.0,Remote rural,2013,25.0,-6.899999999999999,12.5,10.7,10.847373996001082,0.57,2.88,19.27,9.707351006708445,7.0,51400.0,16438.0,1594.0,-2.577652286739332,-2.903015725634725,-2.2522888478439387,41.087777450624955
19043,Clayton County,IA,Expanded 2014,2014.0,"Rural, near a metro",2013,28.7,-4.400000000000002,14.4,12.0,10.791913646261978,0.7,1.91,20.46,9.786560400506836,8.0,48600.0,17793.0,1841.0,-4.1148665533628295,-4.616603656889648,-3.613129449836011,75.75469324740969
19045,Clinton County,IA,Expanded 2014,2014.0,"Rural, near a metro",2013,20.3,-6.599999999999998,10.3,13.9,10.813800452723747,2.9,2.9,17.81,10.784793387507323,4.0,49700.0,48281.0,5204.0,-1.4448767236741498,-2.2366561246250267,-0.6530973227232739,75.19138470000276
19047,Crawford County,IA,Expanded 2014,2014.0,Remote rural,2013,40.4,-4.200000000000003,20.8,13.0,10.790452455028454,1.76,27.2,16.59,9.761923988214342,7.0,48600.0,17360.0,1998.0,-10.357977865680834,-11.350975092336771,-9.364980639024896,206.95239775630307
19049,Dallas County,IA,Expanded 2014,2014.0,Metro,2013,31.2,-6.5000000000000036,12.6,6.0,11.2811068942474,1.6,6.19,10.61,11.224563161213583,2.0,79300.0,74949.0,4053.0,-3.1658671990577036,-4.167533683762047,-2.1642007143533633,128.31259757780873
19051,Davis County,IA,Expanded 2014,2014.0,Remote rural,2013,33.9,-5.0,22.0,16.5,10.702727480606711,0.16,1.24,17.33,9.078978053779355,9.0,44500.0,8769.0,1192.0,-7.275867973496723,-8.163332520409671,-6.388403426583775,86.72834624408094
19053,Decatur County,IA,Expanded 2014,2014.0,Remote rural,2013,26.1,-5.599999999999998,14.9,21.6,10.533002467851217,1.79,2.64,18.35,9.013838751608395,9.0,37500.0,8216.0,1284.0,-4.7975355634905394,-5.175886869438198,-4.419184257542877,61.60035663521853
19055,Delaware County,IA,Expanded 2014,2014.0,"Rural, near a metro",2013,29.5,-4.299999999999997,14.2,10.1,10.90755103814573,0.4,1.18,17.42,9.768412111339039,6.0,54600.0,17473.0,1579.0,-4.077775012529258,-4.618379609432134,-3.5371704156263815,64.38806744783697
19057,Des Moines County,IA,Expanded 2014,2014.0,Remote rural,2013,23.1,-4.199999999999999,12.3,12.3,10.666207436448033,5.51,2.69,18.42,10.606461293913808,5.0,42900.0,40395.0,4964.0,-2.4863672751679684,-3.083176769100667,-1.8895577812352697,123.42327153933795
19059,Dickinson County,IA,Expanded 2014,2014.0,Remote rural,2013,26.5,-9.299999999999997,12.7,8.7,10.978660609470476,0.32,1.78,23.08,9.733766277717912,7.0,58600.0,16878.0,1285.0,-3.181781871676582,-3.673309318068989,-2.690254425284172,40.885897051044076
19061,Dubuque County,IA,Expanded 2014,2014.0,Metro,2013,23.2,-2.5,11.0,12.8,10.857208934818349,2.67,2.12,15.8,11.471530389603842,3.0,51900.0,95945.0,8956.0,-1.4730290087230344,-2.227836020469704,-0.718221996976363,131.92447802123496
19063,Emmet County,IA,Expanded 2014,2014.0,Remote rural,2013,36.3,0.5999999999999943,17.7,14.7,10.755602364191718,0.75,9.38,18.64,9.198267790741914,7.0,46900.0,9880.0,990.0,-6.8165371917169955,-7.5686101062550035,-6.064464277178987,67.48371819799826
19065,Fayette County,IA,Expanded 2014,2014.0,"Rural, near a metro",2013,25.0,-5.800000000000001,13.2,13.9,10.708600883430892,1.19,2.18,19.84,9.929106565153747,6.0,44700.0,20519.0,2184.0,-3.3897856030002442,-3.9422047314945172,-2.837366474505971,74.03291756952534
19067,Floyd County,IA,Expanded 2014,2014.0,Remote rural,2013,23.9,-6.400000000000002,12.5,12.1,10.798840613195402,1.64,2.18,20.57,9.68178046900788,7.0,49000.0,16023.0,1713.0,-2.664643171958644,-3.202957952514907,-2.126328391402381,45.64533753565157
19069,Franklin County,IA,Expanded 2014,2014.0,Remote rural,2013,33.6,-8.199999999999996,17.8,13.6,10.776432273906602,0.42,11.46,19.6,9.259796980688776,7.0,47900.0,10507.0,1122.0,-5.71588222670414,-6.184791939392148,-5.246972514016133,64.13219858362045
19071,Fremont County,IA,Expanded 2014,2014.0,"Rural, near a metro",2013,26.0,-5.5,12.3,13.1,10.838285955966024,0.55,2.52,20.99,8.863474306170954,8.0,50900.0,7069.0,680.0,-2.4460369873926093,-2.9149056623361735,-1.9771683124490453,16.633051514269745
19073,Greene County,IA,Expanded 2014,2014.0,"Rural, near a metro",2013,25.5,-7.0,13.2,12.8,10.77762206687689,0.4,2.3,21.17,9.122492281402987,6.0,47900.0,9159.0,920.0,-3.1558098468626445,-3.728016083078931,-2.583603610646358,29.033450591136326
19075,Grundy County,IA,Expanded 2014,2014.0,Metro,2013,29.6,-3.5,11.7,6.9,11.02485561999279,0.33,1.14,19.74,9.420682331453184,3.0,61400.0,12341.0,769.0,-2.4259780676091762,-2.8983221753169945,-1.953633959901358,18.655771339914565
19077,Guthrie County,IA,Expanded 2014,2014.0,Metro,2013,28.0,-6.200000000000003,13.3,10.3,10.8913172451926,0.3,2.04,21.12,9.275285060616564,2.0,53700.0,10671.0,925.0,-3.3666614640384647,-3.8919919261303706,-2.8413310019465587,31.141618542355797
19079,Hamilton County,IA,Expanded 2014,2014.0,"Rural, near a metro",2013,31.2,0.0,14.9,10.1,10.83696966222286,0.61,5.51,19.1,9.638414622945206,6.0,50900.0,15343.0,1542.0,-3.977862544674215,-4.472864661115764,-3.4828604282326663,61.33864043887639
19081,Hancock County,IA,Expanded 2014,2014.0,Remote rural,2013,27.9,-8.0,12.8,10.1,10.912083955194309,0.55,3.6,19.96,9.317489287493226,7.0,54800.0,11131.0,926.0,-3.2016115067990567,-3.837074904452373,-2.566148109145741,29.646922552959268
19083,Hardin County,IA,Expanded 2014,2014.0,"Rural, near a metro",2013,25.4,-6.700000000000003,12.8,11.0,10.857208934818349,1.39,3.92,20.65,9.763535592108683,6.0,51900.0,17388.0,1620.0,-2.9807636966377755,-3.516311453547391,-2.445215939728158,48.28837188553196
19085,Harrison County,IA,Expanded 2014,2014.0,Metro,2013,26.4,-6.600000000000001,12.9,10.6,10.892359377191038,0.29,1.58,18.37,9.571992907127694,2.0,53800.0,14357.0,1313.0,-3.037112965252316,-3.6050585018185055,-2.4691674286861267,39.877293233762906
19087,Henry County,IA,Expanded 2014,2014.0,"Rural, near a metro",2013,26.1,-4.099999999999998,11.4,14.2,10.821456874788838,2.46,4.41,17.02,9.904537001671699,6.0,50100.0,20021.0,2304.0,-2.010903462088752,-2.8803044979095365,-1.1415024262679687,46.33121576652485
19089,Howard County,IA,Expanded 2014,2014.0,"Rural, near a metro",2013,28.5,-6.799999999999997,14.4,11.9,10.735853049472523,0.43,1.47,19.24,9.152605321324945,6.0,46000.0,9439.0,960.0,-4.0327765821255666,-4.357402014295611,-3.708151149955522,38.71465518840544
19091,Humboldt County,IA,Expanded 2014,2014.0,Remote rural,2013,27.1,-7.699999999999996,12.8,11.2,10.864483927794135,0.6,3.53,20.38,9.177507214880942,7.0,52300.0,9677.0,861.0,-3.0432162139602443,-3.5281286268127086,-2.55830380110778,26.202091602197704
19093,Ida County,IA,Expanded 2014,2014.0,"Rural, near a metro",2013,26.0,-4.0,12.3,11.5,10.85799849722998,0.37,1.81,20.58,8.864181369765426,8.0,51900.0,7074.0,661.0,-2.422768542231902,-2.666392309941168,-2.1791447745226353,16.014500064152873
19095,Iowa County,IA,Expanded 2014,2014.0,"Rural, near a metro",2013,24.7,-4.800000000000001,10.2,10.1,10.968680931658794,0.48,2.19,17.55,9.697754062731514,6.0,58000.0,16281.0,1298.0,-2.097470489088882,-2.543386539650046,-1.6515544385277143,27.225166948373687
19097,Jackson County,IA,Expanded 2014,2014.0,"Rural, near a metro",2013,26.7,-4.100000000000001,14.6,11.8,10.740302082908487,0.51,1.38,19.33,9.879041159631202,6.0,46200.0,19517.0,2086.0,-3.9346742467576012,-4.202557807740847,-3.6667906857743553,82.07730478736356
19099,Jasper County,IA,Expanded 2014,2014.0,"Rural, near a metro",2013,23.5,-7.300000000000001,11.3,9.8,10.923994145200616,1.75,1.71,17.76,10.511294685929059,6.0,55500.0,36728.0,3432.0,-1.84602265713648,-2.4006958122060813,-1.2913495020668786,63.35549759292399
19101,Jefferson County,IA,Expanded 2014,2014.0,Remote rural,2013,26.4,-5.800000000000004,14.8,16.1,10.644042990491064,1.68,2.82,17.22,9.777300552285743,7.0,41900.0,17629.0,2250.0,-4.789668832307026,-5.335931905438965,-4.2434057591750864,107.76754872690807
19103,Johnson County,IA,Expanded 2014,2014.0,Metro,2013,22.4,-1.7000000000000028,13.1,16.0,10.881888860473186,5.52,5.21,9.53,11.850475691779751,3.0,53200.0,140151.0,22358.0,-2.96001611546598,-3.892094921704197,-2.027937309227763,661.8004030958838
19105,Jones County,IA,Expanded 2014,2014.0,Metro,2013,26.4,-4.700000000000003,12.2,10.2,10.91051438267176,2.18,1.55,18.24,9.929106565153747,2.0,54700.0,20519.0,1723.0,-2.517946225212179,-2.941990027414524,-2.0939024230098338,43.38421346040584
19107,Keokuk County,IA,Expanded 2014,2014.0,"Rural, near a metro",2013,25.7,-5.900000000000002,13.5,13.3,10.771134109583889,0.48,1.39,20.16,9.243484970568485,8.0,47600.0,10337.0,1137.0,-3.463080375733316,-4.070892397629523,-2.8552683538371055,39.37522387208781
19109,Kossuth County,IA,Expanded 2014,2014.0,Remote rural,2013,26.7,-6.599999999999998,12.2,9.8,10.932606844675604,0.53,1.98,22.08,9.637697426500445,7.0,56000.0,15332.0,1201.0,-2.6085528249757934,-3.0351303663227034,-2.1819752836288817,31.328719427959278
19111,Lee County,IA,Expanded 2014,2014.0,Remote rural,2013,23.9,-4.800000000000001,12.7,16.2,10.72121682491962,2.9,3.5,17.98,10.469823566229687,5.0,45300.0,35236.0,4275.0,-3.2041023037197287,-3.7930097680646773,-2.615194839374781,136.9753734840184
19113,Linn County,IA,Expanded 2014,2014.0,Metro,2013,23.2,-6.699999999999999,11.6,9.7,10.94204901307005,4.21,2.9,14.05,12.285290397636803,2.0,56500.0,216488.0,19698.0,-1.627576907995022,-2.3478606022221866,-0.9072932137678574,320.6000993368594
19115,Louisa County,IA,Expanded 2014,2014.0,"Rural, near a metro",2013,32.5,-8.600000000000001,15.3,11.3,10.847140501166095,0.82,15.89,15.98,9.336796795928741,8.0,51400.0,11348.0,1195.0,-5.053727962831171,-5.442839251849944,-4.664616673812399,60.39204915583249
19117,Lucas County,IA,Expanded 2014,2014.0,"Rural, near a metro",2013,31.9,0.1999999999999993,14.2,15.1,10.621595602385327,0.23,1.25,20.51,9.070733417589766,6.0,41000.0,8697.0,1061.0,-3.9174934896921476,-4.288331046513751,-3.546655932870543,41.564605925633686
19119,Lyon County,IA,Expanded 2014,2014.0,"Rural, near a metro",2013,28.2,-7.300000000000001,12.7,7.6,11.011191717882456,0.18,2.36,16.84,9.36691667901828,8.0,60500.0,11695.0,897.0,-3.2039037993217625,-3.8357907547948438,-2.5720168438486812,28.73901707991621
19121,Madison County,IA,Expanded 2014,2014.0,Metro,2013,27.2,-6.400000000000002,12.7,8.4,10.986546174277471,0.38,1.47,15.74,9.647497926816836,2.0,59100.0,15483.0,1190.0,-3.0427777560519123,-3.693108769548818,-2.3924467425550064,36.209055297017755
19123,Mahaska County,IA,Expanded 2014,2014.0,Remote rural,2013,23.0,-4.699999999999999,12.1,14.0,10.799126496679412,1.18,1.82,16.6,10.017753298664472,7.0,49000.0,22421.0,2784.0,-2.1476523374513024,-2.7770283173778743,-1.5182763575247304,59.790641074644256
19125,Marion County,IA,Expanded 2014,2014.0,"Rural, near a metro",2013,23.1,-5.099999999999998,10.4,9.3,10.948751805702313,0.74,1.73,16.19,10.404686992907486,6.0,56900.0,33014.0,2699.0,-1.8145870965023525,-2.242909799415785,-1.3862643935889205,48.97570573459849
19127,Marshall County,IA,Expanded 2014,2014.0,"Rural, near a metro",2013,32.2,-6.599999999999994,16.2,13.4,10.847043195558296,1.68,19.31,16.81,10.621205387030278,4.0,51400.0,40995.0,4447.0,-5.253691337139519,-5.768794642444359,-4.738588031834679,233.6316537625944
19129,Mills County,IA,Expanded 2014,2014.0,Metro,2013,25.3,-6.099999999999998,12.3,10.0,10.942066711088758,0.5,2.62,15.44,9.609452006112171,2.0,56500.0,14905.0,1186.0,-2.4585050096725936,-2.7691148526481717,-2.1478951666970136,29.157869414716963
19131,Mitchell County,IA,Expanded 2014,2014.0,Remote rural,2013,29.7,-5.900000000000002,14.0,10.2,10.878971293723087,0.36,1.25,21.17,9.275097619191461,7.0,53000.0,10669.0,839.0,-4.031608956918451,-4.4804799497885535,-3.5827379640483477,33.8251991485458
19133,Monona County,IA,Expanded 2014,2014.0,"Rural, near a metro",2013,26.4,-7.5,14.4,12.5,10.632508505332279,0.39,1.72,23.76,9.108529105829499,6.0,41500.0,9032.0,920.0,-4.01604500508669,-4.350042976967332,-3.6820470332060484,36.94761404679755
19135,Monroe County,IA,Expanded 2014,2014.0,Remote rural,2013,33.5,0.5,17.1,12.6,10.799820445069336,0.45,2.66,18.95,8.984568369308281,7.0,49000.0,7979.0,910.0,-5.146913294496297,-5.975368300989123,-4.318458288003472,46.836910979916304
19137,Montgomery County,IA,Expanded 2014,2014.0,"Rural, near a metro",2013,24.4,-4.5,13.8,15.0,10.70703502770651,0.35,3.17,20.32,9.249945626568541,6.0,44700.0,10404.0,1268.0,-3.616284897432461,-4.186275606066759,-3.0462941887981634,45.85449249944361
19139,Muscatine County,IA,Expanded 2014,2014.0,"Rural, near a metro",2013,27.1,-10.100000000000001,13.9,12.7,10.897202181375087,1.75,16.82,14.69,10.669187925777782,4.0,54000.0,43010.0,4642.0,-4.236102399293317,-4.828297911715059,-3.643906886871579,196.63987337519578
19141,O'Brien County,IA,Expanded 2014,2014.0,Remote rural,2013,27.1,-7.600000000000001,13.2,9.4,10.955829000871807,0.58,3.97,20.72,9.550021739538344,7.0,57300.0,14045.0,1264.0,-3.386854976514708,-3.824164707575819,-2.949545245453601,42.8098469031459
19143,Osceola County,IA,Expanded 2014,2014.0,Remote rural,2013,33.6,-5.0,15.2,9.1,10.839914189496584,0.27,6.54,20.56,8.738094230177667,7.0,51000.0,6236.0,544.0,-4.814457546349826,-5.442362852335626,-4.186552240364025,26.19064905214305
19145,Page County,IA,Expanded 2014,2014.0,"Rural, near a metro",2013,25.5,-5.5,12.8,17.3,10.767178874266891,2.25,3.11,20.1,9.649627028559857,6.0,47400.0,15516.0,1658.0,-3.3550488163624856,-4.117934464271694,-2.5921631684532764,55.626709375290005
19147,Palo Alto County,IA,Expanded 2014,2014.0,Remote rural,2013,23.7,-8.7,11.7,10.8,10.8104549569494,0.73,1.9,21.06,9.123038043573386,7.0,49500.0,9164.0,913.0,-2.177408249351055,-2.606114886093759,-1.748701612608353,19.879737316575135
19149,Plymouth County,IA,Expanded 2014,2014.0,Metro,2013,28.0,-3.8000000000000007,12.2,8.3,10.970144669962686,0.54,3.69,17.3,10.123867288027606,3.0,58100.0,24931.0,1739.0,-2.508898053198722,-2.827656998491941,-2.1901391079055026,43.62973714512578
19151,Pocahontas County,IA,Expanded 2014,2014.0,Remote rural,2013,27.1,-6.699999999999996,12.0,11.5,10.827766295132466,0.9,3.04,21.99,8.86953877719374,9.0,50400.0,7112.0,643.0,-2.462913101853656,-3.1681871055259565,-1.757639098181356,15.836531244919009
19153,Polk County,IA,Expanded 2014,2014.0,Metro,2013,27.2,-5.900000000000002,14.3,12.4,10.991847464739886,6.31,7.87,11.52,13.022889943270924,2.0,59400.0,452657.0,44863.0,-4.035321125552315,-4.821296820829728,-3.249345430274902,1810.3661165565352
19155,Pottawattamie County,IA,Expanded 2014,2014.0,Metro,2013,27.7,-5.0000000000000036,14.9,13.6,10.831113794074028,1.37,7.09,15.44,11.438794415627154,2.0,50600.0,92855.0,10244.0,-4.212934520069678,-4.8070371212599765,-3.6188319188793794,431.57301223593777
19157,Poweshiek County,IA,Expanded 2014,2014.0,Remote rural,2013,22.9,-8.3,11.2,12.0,10.83563194833345,1.34,2.83,18.95,9.831239388328504,7.0,50800.0,18606.0,1727.0,-1.7847465418207928,-2.2709718249760376,-1.2985212586655495,30.822572777245096
19159,Ringgold County,IA,Expanded 2014,2014.0,Remote rural,2013,29.1,-5.799999999999997,16.5,16.4,10.764667185155584,0.44,2.11,23.84,8.511376306094673,9.0,47300.0,4971.0,563.0,-4.710462962581679,-5.084401314589327,-4.336524610574031,26.519906479334853
19161,Sac County,IA,Expanded 2014,2014.0,Remote rural,2013,28.0,-5.799999999999997,13.9,10.6,10.847373996001082,0.29,2.45,22.3,9.21333588095598,9.0,51400.0,10030.0,889.0,-3.7392390735807672,-4.316157960024057,-3.162320187137479,33.24183536413302
19163,Scott County,IA,Expanded 2014,2014.0,Metro,2013,26.7,-4.800000000000001,13.6,14.2,10.904927929451965,7.09,6.17,14.04,12.044735370544808,2.0,54400.0,170201.0,17799.0,-3.6285997725031987,-4.441539149543754,-2.815660395462643,645.8544735078443
19165,Shelby County,IA,Expanded 2014,2014.0,"Rural, near a metro",2013,26.1,-5.599999999999998,11.7,9.4,10.91034998259467,0.46,2.29,21.98,9.384209641955154,6.0,54700.0,11899.0,986.0,-2.331378935664061,-2.8886867319870335,-1.7740711393410895,22.98739630564764
19167,Sioux County,IA,Expanded 2014,2014.0,Remote rural,2013,37.5,-3.299999999999997,16.9,8.2,11.031933686524116,0.44,9.57,14.27,10.44880155576069,7.0,61800.0,34503.0,2239.0,-7.054239674578918,-7.844301030348574,-6.2641783188092655,157.94442631382196
19169,Story County,IA,Expanded 2014,2014.0,Metro,2013,18.4,-4.300000000000001,11.2,21.1,10.892694117677307,2.54,3.07,10.38,11.449740693766254,3.0,53800.0,93877.0,16732.0,-1.770184887874885,-2.9522278357502687,-0.5881419399995025,296.18733543922576
19171,Tama County,IA,Expanded 2014,2014.0,"Rural, near a metro",2013,32.2,-6.5,17.8,11.5,10.893846255763984,0.44,7.81,18.7,9.765948138514066,6.0,53800.0,17430.0,1613.0,-5.396474326684664,-5.916012742738995,-4.8769359106303325,87.04513088942363
19173,Taylor County,IA,Expanded 2014,2014.0,Remote rural,2013,34.1,1.0,15.7,14.1,10.714617748755122,0.21,7.25,20.86,8.73761303680885,9.0,45000.0,6233.0,735.0,-4.964546844317511,-5.957918306107662,-3.971175382527361,36.489419305733705
19175,Union County,IA,Expanded 2014,2014.0,"Rural, near a metro",2013,24.7,-4.100000000000001,12.8,13.5,10.677223445528032,0.91,2.45,18.79,9.442721128642875,6.0,43400.0,12616.0,1594.0,-3.069070453278153,-3.4880126116235903,-2.650128294932717,48.92098302525376
19177,Van Buren County,IA,Expanded 2014,2014.0,Remote rural,2013,30.1,-5.5,14.8,16.2,10.669397157549227,0.22,1.16,20.43,8.913819350857198,9.0,43000.0,7434.0,945.0,-4.243576675263908,-4.706338864375743,-3.780814486152069,40.101799581243924
19179,Wapello County,IA,Expanded 2014,2014.0,Remote rural,2013,27.2,-2.5,14.9,19.9,10.612237376323481,2.14,10.1,16.99,10.477485139124067,5.0,40600.0,35507.0,5208.0,-4.381492358974281,-5.029541329419662,-3.7334433885288965,228.18812205538055
19181,Warren County,IA,Expanded 2014,2014.0,Metro,2013,26.5,-5.0,10.9,7.0,11.102367409796054,0.63,2.42,14.34,10.765491038936457,2.0,66300.0,47358.0,3038.0,-2.1748957517849212,-2.804357674762722,-1.545433828807122,66.0733329392259
19183,Washington County,IA,Expanded 2014,2014.0,Metro,2013,28.5,-6.299999999999997,14.7,9.3,10.905588940823394,0.85,5.44,17.94,9.99624903261744,3.0,54500.0,21944.0,2031.0,-4.469247759559692,-5.225368554844529,-3.7131269642748563,90.77042199665735
19185,Wayne County,IA,Expanded 2014,2014.0,Remote rural,2013,30.0,-6.299999999999997,16.1,14.2,10.57082962691412,0.39,1.27,21.88,8.76170676846664,9.0,39000.0,6385.0,841.0,-4.671603856224246,-5.00722261952506,-4.335985092923425,39.28818843084591
19187,Webster County,IA,Expanded 2014,2014.0,Remote rural,2013,23.8,-7.199999999999999,12.8,15.9,10.71889661262903,4.04,4.34,16.97,10.527472204361002,5.0,45200.0,37327.0,4277.0,-3.264372684226194,-3.8354662760097344,-2.693279092442658,139.6172197043543
19189,Winnebago County,IA,Expanded 2014,2014.0,Remote rural,2013,26.7,-3.900000000000002,11.5,11.1,10.827409095573183,0.95,3.73,19.89,9.252441547994819,7.0,50400.0,10430.0,967.0,-2.2263376828892385,-3.0906180237550327,-1.3620573420234452,21.52868539353894
19191,Winneshiek County,IA,Expanded 2014,2014.0,Remote rural,2013,26.8,-3.5,11.9,10.9,10.881700887014485,0.77,2.1,17.56,9.944629495867304,7.0,53200.0,20840.0,1704.0,-2.342805934095756,-2.890934790924183,-1.794677077267329,39.92141311699169
19193,Woodbury County,IA,Expanded 2014,2014.0,Metro,2013,31.0,-7.700000000000003,18.3,16.5,10.729372060534267,2.57,14.87,13.48,11.535508536970486,3.0,45700.0,102284.0,12623.0,-5.543962859574918,-6.7953078467212755,-4.292617872428561,699.814431764142
19195,Worth County,IA,Expanded 2014,2014.0,Remote rural,2013,25.7,-9.000000000000004,11.7,10.9,10.811846914084002,0.59,2.67,19.08,8.921190556249368,9.0,49600.0,7489.0,740.0,-2.344169742449643,-3.0537061541122776,-1.6346333307870096,17.34685609412736
19197,Wright County,IA,Expanded 2014,2014.0,Remote rural,2013,32.3,-1.7000000000000028,15.5,10.6,10.807077975832051,0.43,10.22,21.31,9.471319061593414,7.0,49400.0,12982.0,1239.0,-4.515858318438988,-5.072408397759828,-3.959308239118146,55.95148456545906
20001,Allen County,KS,Not expanded by 2023,,Remote rural,2023,18.1,-2.8999999999999986,13.1,17.5,10.598458069806934,2.0,3.21,18.52,9.477998292597036,7.0,40100.0,13069.0,1511.0,-3.588246524295551,-4.182246253184576,-2.9942467954065264,54.21840498210577
20003,Anderson County,KS,Not expanded by 2023,,"Rural, near a metro",2023,20.2,-3.8000000000000007,14.5,15.4,10.654573398016518,0.51,1.71,20.75,8.968778235137956,6.0,42400.0,7854.0,816.0,-3.916466974173188,-4.197373392989417,-3.635560555356962,31.958370509253218
20005,Atchison County,KS,Not expanded by 2023,,"Rural, near a metro",2023,16.8,-3.099999999999998,10.5,17.9,10.696027476974109,4.97,2.72,16.06,9.722445177240553,6.0,44200.0,16688.0,1634.0,-1.9723411822471937,-2.7318683767023697,-1.2128139877920179,32.228054917919145
20007,Barber County,KS,Not expanded by 2023,,Remote rural,2023,20.7,-2.6000000000000014,13.9,12.7,10.821716405040542,0.61,3.34,20.27,8.498825534058053,9.0,50100.0,4909.0,421.0,-3.454496323741803,-4.173668690586403,-2.7353239568972025,14.543429522952989
20009,Barton County,KS,Not expanded by 2023,,Remote rural,2023,24.3,-5.899999999999999,17.0,15.0,10.656411937131933,1.27,13.92,17.28,10.219866405309856,7.0,42500.0,27443.0,2529.0,-4.844953878174773,-5.348144460859184,-4.34176329549036,122.52888357904001
20011,Bourbon County,KS,Not expanded by 2023,,"Rural, near a metro",2023,17.4,-1.8000000000000007,12.2,19.4,10.490996401073076,2.93,2.3,18.28,9.604744532724922,6.0,36000.0,14835.0,1848.0,-2.786267908481126,-3.502156497943756,-2.0703793190184956,51.49023094873121
20013,Brown County,KS,Not expanded by 2023,,"Rural, near a metro",2023,16.9,-9.0,14.1,14.7,10.631663982015468,1.31,3.85,18.76,9.201501423308978,6.0,41400.0,9912.0,976.0,-4.327240865934282,-4.752247300881345,-3.902234430987219,42.233870851518596
20015,Butler County,KS,Not expanded by 2023,,Metro,2023,21.0,-2.3000000000000007,11.3,11.3,10.941216852680666,1.74,4.24,13.54,11.092412706722497,2.0,56500.0,65671.0,4622.0,-1.4610666535981254,-2.0321155711122434,-0.8900177360840056,67.53050072930536
20017,Chase County,KS,Not expanded by 2023,,Remote rural,2023,20.3,-0.5999999999999979,11.0,11.6,10.698739956033227,1.26,3.98,22.23,7.897296472595885,9.0,44300.0,2690.0,231.0,-1.798620988962926,-2.328425394216011,-1.2688165837098397,4.154814484504359
20019,Chautauqua County,KS,Not expanded by 2023,,"Rural, near a metro",2023,20.9,-5.0,15.6,15.8,10.570624377663842,0.77,2.81,25.59,8.16876982367527,8.0,39000.0,3529.0,446.0,-4.538304167756068,-4.875002110116683,-4.2016062253954525,20.240836588192064
20021,Cherokee County,KS,Not expanded by 2023,,"Rural, near a metro",2023,18.4,-1.3000000000000007,13.6,18.9,10.604354856111211,0.64,2.16,17.34,9.947456589918252,6.0,40300.0,20899.0,2434.0,-3.5662957955201744,-4.173191083712748,-2.9594005073276026,86.80363966296105
20023,Cheyenne County,KS,Not expanded by 2023,,Remote rural,2023,28.2,3.8999999999999986,16.6,12.5,10.579412274300488,0.34,6.03,25.95,7.890208213109961,9.0,39300.0,2671.0,277.0,-4.493429490183919,-4.867376261186343,-4.119482719181499,12.446799687809456
20025,Clark County,KS,Not expanded by 2023,,Remote rural,2023,19.1,-5.399999999999999,10.5,12.3,10.665834249897078,0.14,8.86,21.26,7.686162303492906,9.0,42900.0,2178.0,173.0,-1.8301889012796921,-2.060182662893394,-1.6001951396659904,3.1662267992138675
20027,Clay County,KS,Not expanded by 2023,,"Rural, near a metro",2023,20.3,-6.399999999999999,10.7,11.9,10.782657764306842,0.57,2.34,21.32,9.03455739202181,6.0,48200.0,8388.0,686.0,-1.8034492461176455,-2.0947432082620554,-1.5121552839732355,12.371661828367047
20029,Cloud County,KS,Not expanded by 2023,,Remote rural,2023,21.6,0.8000000000000007,11.5,14.3,10.613073867047845,0.71,3.24,20.75,9.14366623870819,7.0,40700.0,9355.0,892.0,-1.8857529807072153,-2.3639478895798356,-1.4075580718345941,16.82091658790836
20031,Coffey County,KS,Not expanded by 2023,,"Rural, near a metro",2023,19.6,-2.799999999999997,12.2,10.8,10.88719391270288,0.73,2.44,18.41,9.033245134153809,6.0,53500.0,8377.0,699.0,-2.0167239420110032,-2.47467224857282,-1.5587756354491864,14.096900354656913
20033,Comanche County,KS,Not expanded by 2023,,Remote rural,2023,18.3,-4.5,8.3,11.3,10.693670695607668,0.36,5.19,23.62,7.563200592358071,9.0,44100.0,1926.0,164.0,-1.8621155746129583,-2.1249962036606664,-1.5992349455652506,3.0538695423652515
20035,Cowley County,KS,Not expanded by 2023,,"Rural, near a metro",2023,18.6,-5.599999999999998,13.4,18.3,10.65351116273777,2.6,10.11,16.62,10.495985324946144,4.0,42300.0,36170.0,3809.0,-3.543281422597387,-4.292720044054356,-2.7938428011404186,134.96358938673447
20037,Crawford County,KS,Not expanded by 2023,,"Rural, near a metro",2023,19.2,-7.400000000000002,12.3,22.2,10.51753741173737,2.01,4.93,14.3,10.577706723210554,4.0,37000.0,39250.0,6154.0,-2.804852439012811,-3.7350479766953746,-1.8746569013302463,172.61061909684838
20039,Decatur County,KS,Not expanded by 2023,,Remote rural,2023,20.1,-3.5,12.9,13.8,10.539773333966417,0.76,1.99,27.13,7.97522083865341,9.0,37800.0,2908.0,273.0,-3.1433906415956625,-3.672752320751851,-2.6140289624394746,8.581456451556159
20041,Dickinson County,KS,Not expanded by 2023,,Remote rural,2023,20.4,-4.300000000000001,13.0,10.9,10.800248819801778,0.89,4.33,18.09,9.874727930864703,7.0,49000.0,19433.0,1714.0,-2.8142939961975237,-3.3357977772956646,-2.292790215099382,48.236999094825556
20043,Doniphan County,KS,Not expanded by 2023,,Metro,2023,19.9,-5.0,11.6,14.3,10.74371763779732,3.35,2.56,17.31,8.971575439759016,3.0,46300.0,7876.0,654.0,-1.9504506261679886,-2.414554092813413,-1.4863471595225655,12.755947095138646
20045,Douglas County,KS,Not expanded by 2023,,Metro,2023,18.7,-1.9000000000000021,12.3,16.6,10.843904883186518,4.08,5.6,9.96,11.650188635840664,3.0,51200.0,114713.0,16445.0,-2.0914797042114377,-3.005678508512366,-1.1772808999105107,343.94383735757094
20047,Edwards County,KS,Not expanded by 2023,,Remote rural,2023,29.3,-7.199999999999999,17.2,11.8,10.729569072519801,0.3,19.85,19.35,7.995306620290822,9.0,45700.0,2967.0,249.0,-5.289471442420585,-5.991810577435545,-4.5871323074056285,13.170783891627257
20049,Elk County,KS,Not expanded by 2023,,"Rural, near a metro",2023,20.8,-1.6999999999999993,14.2,18.2,10.533082392189554,0.0,3.65,26.78,7.87587915949631,8.0,37500.0,2633.0,327.0,-3.9813145499596168,-4.486357708843361,-3.476271391075867,13.018898578367946
20051,Ellis County,KS,Not expanded by 2023,,Remote rural,2023,21.5,0.8000000000000007,13.9,14.4,10.767516099747473,0.87,5.4,13.44,10.276085057018676,5.0,47500.0,29030.0,3503.0,-3.454122478929401,-4.174316974219529,-2.733927983639276,120.9979104368969
20053,Ellsworth County,KS,Not expanded by 2023,,Remote rural,2023,19.5,-5.800000000000001,11.9,11.4,10.77958109465887,5.01,5.89,19.4,8.758569510991506,7.0,48000.0,6365.0,473.0,-2.126282094327989,-2.5435143649218155,-1.709049823734163,10.05731430617139
20055,Finney County,KS,Not expanded by 2023,,Remote rural,2023,31.5,-7.799999999999997,23.8,16.8,10.757562397202355,2.31,47.72,9.16,10.520644220844389,5.0,47000.0,37073.0,3557.0,-7.988057466576662,-9.59830952774317,-6.377805405410149,284.13520408613186
20057,Ford County,KS,Not expanded by 2023,,Remote rural,2023,35.0,-11.399999999999999,24.5,14.0,10.746002564746897,2.5,52.48,10.04,10.45964020788716,5.0,46400.0,34879.0,3259.0,-8.521745003738907,-9.647536028567755,-7.39595397891007,277.723669671851
20059,Franklin County,KS,Not expanded by 2023,,"Rural, near a metro",2023,21.3,-1.6999999999999993,13.3,14.1,10.785124725910403,1.17,3.95,15.1,10.155568353744936,6.0,48300.0,25734.0,2507.0,-3.0243530276405473,-3.8152569661370777,-2.233449089144016,75.82053040294852
20061,Geary County,KS,Not expanded by 2023,,"Rural, near a metro",2023,17.4,-2.400000000000002,10.9,15.8,10.622497392621801,17.19,14.47,7.42,10.513171599094814,4.0,41000.0,36797.0,4607.0,-2.4827400474385124,-3.777397209180398,-1.1880828856966228,114.37983398549227
20063,Gove County,KS,Not expanded by 2023,,Remote rural,2023,20.4,1.1999999999999993,12.6,10.5,10.779830907300688,0.39,2.29,23.51,7.935229539816907,9.0,48000.0,2794.0,240.0,-2.034901399390392,-2.739050401734059,-1.3307523970467257,4.883763358536941
20065,Graham County,KS,Not expanded by 2023,,Remote rural,2023,20.4,-2.3000000000000007,12.7,13.3,10.701490121198454,3.75,2.98,25.77,7.858640655620791,9.0,44400.0,2588.0,260.0,-3.0995811401629436,-3.7469537944782108,-2.452208485847679,8.058910964423653
20067,Grant County,KS,Not expanded by 2023,,Remote rural,2023,34.2,-8.799999999999997,22.3,11.7,10.914215355893717,0.33,46.28,11.02,8.967759126769497,7.0,55000.0,7846.0,588.0,-8.432758905188173,-10.504466027128721,-6.361051783247625,49.58462236250646
20069,Gray County,KS,Not expanded by 2023,,Remote rural,2023,36.7,-12.099999999999994,24.9,9.4,10.94402924674814,0.5,14.41,13.95,8.696175846944678,9.0,56600.0,5980.0,441.0,-8.10059105420223,-9.701881805257306,-6.499300303147146,35.723606549031835
20071,Greeley County,KS,Not expanded by 2023,,Remote rural,2023,25.5,-10.299999999999997,14.6,10.0,10.832437813357037,0.23,15.74,20.73,7.1569563646156364,9.0,50600.0,1283.0,102.0,-4.479230371670565,-5.289758169406223,-3.668702573934907,4.568814979103975
20073,Greenwood County,KS,Not expanded by 2023,,"Rural, near a metro",2023,19.8,-2.0,13.6,15.7,10.485786967760543,0.42,3.7,22.85,8.757469141470748,6.0,35800.0,6358.0,702.0,-3.614082721099464,-4.263470363578454,-2.9646950786204753,25.370860702118236
20075,Hamilton County,KS,Not expanded by 2023,,Remote rural,2023,33.1,-14.699999999999996,19.5,13.8,10.651667277765442,0.5,31.68,13.4,7.8709295967551425,9.0,42300.0,2620.0,251.0,-7.536193986909008,-8.398104230505352,-6.674283743312664,18.91584690714161
20077,Harper County,KS,Not expanded by 2023,,"Rural, near a metro",2023,22.7,-3.3000000000000007,16.9,14.9,10.670489101666554,0.43,6.28,21.64,8.672828482947686,8.0,43100.0,5842.0,671.0,-4.47793177201114,-5.024132402659517,-3.931731141362765,30.04692219019475
20079,Harvey County,KS,Not expanded by 2023,,Metro,2023,19.3,-8.0,13.4,11.3,10.899236205744998,1.56,11.21,17.64,10.454927149187373,2.0,54100.0,34715.0,2819.0,-3.160775402638355,-3.785208852396539,-2.5363419528801714,89.10225860037522
20081,Haskell County,KS,Not expanded by 2023,,Remote rural,2023,35.9,-11.700000000000003,23.4,11.5,10.879480127656327,0.27,28.11,12.29,8.325063693631197,9.0,53100.0,4126.0,326.0,-7.775344733948139,-9.314324187050703,-6.236365280845584,25.347623832670934
20083,Hodgeman County,KS,Not expanded by 2023,,Remote rural,2023,25.4,-10.399999999999999,13.1,9.7,10.802001204307603,1.14,6.81,20.74,7.562161631225652,9.0,49100.0,1924.0,134.0,-3.354450888732661,-3.934993830789892,-2.7739079466754295,4.494964190901766
20085,Jackson County,KS,Not expanded by 2023,,Metro,2023,19.8,-8.599999999999998,14.7,10.4,10.832911662800246,0.65,4.19,17.06,9.496270911389157,3.0,50700.0,13310.0,1084.0,-4.019605096439002,-4.667876111605026,-3.3713340812729813,43.57251924539879
20087,Jefferson County,KS,Not expanded by 2023,,Metro,2023,20.4,-6.800000000000001,11.3,10.1,10.913086461543935,0.54,2.3,16.7,9.840174946324362,3.0,54900.0,18773.0,1215.0,-1.6140182151377025,-2.2281587436161514,-0.9998776866592543,19.610321313923084
20089,Jewell County,KS,Not expanded by 2023,,Remote rural,2023,23.0,-0.5,15.0,13.7,10.643613734290067,0.2,2.35,27.91,8.026170194946426,9.0,41900.0,3060.0,270.0,-3.6627665374021006,-4.066733234549518,-3.2587998402546865,9.88946965098567
20091,Johnson County,KS,Not expanded by 2023,,Metro,2023,22.8,-3.1999999999999993,12.3,6.1,11.213643034452126,4.64,7.25,12.2,13.246969306319894,1.0,74100.0,566351.0,28248.0,-2.1106631514584087,-2.8408548033770873,-1.38047149953973,596.2201270239713
20093,Kearny County,KS,Not expanded by 2023,,Remote rural,2023,30.5,-15.200000000000003,21.7,12.2,10.904101050322135,0.56,29.86,14.06,8.271804031154709,9.0,54400.0,3912.0,334.0,-7.399235441153314,-8.960466799439123,-5.838004082867509,24.71344637345207
20095,Kingman County,KS,Not expanded by 2023,,Metro,2023,17.7,-3.3000000000000007,11.8,12.2,10.845075592184445,0.28,2.76,20.64,8.962007209588313,2.0,51300.0,7801.0,813.0,-1.7696283272749702,-2.0820302667929256,-1.4572263877570149,14.387078300745507
20097,Kiowa County,KS,Not expanded by 2023,,Remote rural,2023,22.2,-9.5,14.8,11.5,10.72364176327999,0.63,5.56,19.42,7.837554360881084,9.0,45400.0,2534.0,207.0,-4.181773882213859,-4.566827212189972,-3.7967205522377476,8.656271936182689
20099,Labette County,KS,Not expanded by 2023,,Remote rural,2023,18.5,-0.5,14.9,16.4,10.559503834757866,4.35,4.27,17.76,9.94611591459175,7.0,38500.0,20871.0,2747.0,-4.659166455486386,-5.097621887858755,-4.220711023114018,127.98730253221103
20101,Lane County,KS,Not expanded by 2023,,Remote rural,2023,25.9,-3.1000000000000014,16.9,9.6,10.876442131527824,0.65,6.24,22.2,7.437206366871292,9.0,52900.0,1698.0,135.0,-4.659445629600349,-5.406090486061988,-3.9128007731387116,6.29025159996047
20103,Leavenworth County,KS,Not expanded by 2023,,Metro,2023,20.5,-3.1000000000000014,12.0,11.2,11.088644442604423,9.21,6.57,12.29,11.26551483551302,1.0,65400.0,78082.0,5876.0,-1.9836622278820364,-2.568657055497557,-1.3986674002665151,116.55999251034847
20105,Lincoln County,KS,Not expanded by 2023,,Remote rural,2023,21.0,-1.3000000000000007,11.3,13.2,10.657753350523642,0.32,2.78,21.07,8.058643712215618,9.0,42500.0,3161.0,291.0,-1.9103899853000008,-2.4813903214114057,-1.3393896491885964,5.559234857223002
20107,Linn County,KS,Not expanded by 2023,,Metro,2023,20.9,-4.100000000000001,12.7,15.1,10.692762760190293,0.51,2.38,20.58,9.163563180417254,1.0,44000.0,9543.0,1038.0,-2.8037651517424638,-3.2488444144219994,-2.358685889062928,29.103082275086773
20109,Logan County,KS,Not expanded by 2023,,Remote rural,2023,21.1,-7.799999999999997,13.5,10.1,10.744515799909736,0.58,4.68,19.89,7.928406026180535,9.0,46400.0,2775.0,280.0,-3.497685191840356,-3.929776373737196,-3.0655940099435166,9.793518537152998
20111,Lyon County,KS,Not expanded by 2023,,"Rural, near a metro",2023,22.8,-5.899999999999999,14.5,21.2,10.583625478502434,2.21,20.38,13.32,10.41867365557908,4.0,39500.0,33479.0,4223.0,-4.681292124596944,-5.263423724439617,-4.099160524754273,197.69096642172897
20113,McPherson County,KS,Not expanded by 2023,,Remote rural,2023,20.7,-5.199999999999999,12.6,9.4,10.8730156877927,1.0,3.83,18.31,10.289260027298557,7.0,52700.0,29415.0,2214.0,-2.3491050968053266,-2.951242465319377,-1.7469677282912772,52.00918684326993
20115,Marion County,KS,Not expanded by 2023,,"Rural, near a metro",2023,23.0,-2.8999999999999986,15.1,12.8,10.721481649585172,0.8,2.82,22.09,9.40960098282706,6.0,45300.0,12205.0,984.0,-4.150038568710224,-4.517481201065775,-3.7825959363546753,40.83637951610861
20117,Marshall County,KS,Not expanded by 2023,,"Rural, near a metro",2023,19.7,-2.1000000000000014,12.0,10.5,10.821516772364003,0.35,2.14,20.73,9.207636720401869,6.0,50100.0,9973.0,806.0,-1.9086031631298082,-2.3280699823332607,-1.489136343926354,15.383341494826254
20119,Meade County,KS,Not expanded by 2023,,Remote rural,2023,30.4,-16.4,19.9,10.3,10.895664674241416,0.72,15.82,17.24,8.363109176033522,9.0,53900.0,4286.0,335.0,-6.765321955381056,-7.824122124680414,-5.706521786081702,22.66382855052654
20121,Miami County,KS,Not expanded by 2023,,Metro,2023,19.6,-2.299999999999997,10.3,9.4,10.997187796843217,1.24,2.82,14.8,10.399219842854464,1.0,59700.0,32834.0,2133.0,-1.558651021946957,-2.0718411610754432,-1.0454608828184728,33.24602629812859
20123,Mitchell County,KS,Not expanded by 2023,,Remote rural,2023,20.9,1.0,13.1,12.2,10.740323737069875,0.24,1.73,21.52,8.74973246437081,7.0,46200.0,6309.0,549.0,-2.3540575050742003,-2.958659327174486,-1.7494556829739145,12.923775702857359
20125,Montgomery County,KS,Not expanded by 2023,,Remote rural,2023,17.2,-5.400000000000002,13.9,16.6,10.572470106096775,5.37,5.99,18.02,10.447090095816057,5.0,39000.0,34444.0,3959.0,-4.6452239334435665,-5.267461489086747,-4.022986377800386,183.9044155250308
20127,Morris County,KS,Not expanded by 2023,,"Rural, near a metro",2023,22.9,-3.700000000000003,14.1,13.0,10.745140941395297,0.45,4.02,23.33,8.651549243915316,8.0,46400.0,5719.0,458.0,-3.7351787320869474,-4.247524071091139,-3.222833393082756,17.10711859295822
20129,Morton County,KS,Not expanded by 2023,,Remote rural,2023,27.3,-10.099999999999998,15.5,11.9,10.842654614411254,0.9,21.25,17.68,8.044305406990638,9.0,51200.0,3116.0,275.0,-4.956973029696393,-5.4549523615936435,-4.458993697799143,13.631675831665081
20131,Nemaha County,KS,Not expanded by 2023,,"Rural, near a metro",2023,20.4,-2.1000000000000014,11.8,9.8,10.819898277210859,0.53,1.44,19.64,9.219498309760949,6.0,50000.0,10092.0,661.0,-1.8898900847903153,-2.253631200398886,-1.5261489691817447,12.492173460463984
20133,Neosho County,KS,Not expanded by 2023,,Remote rural,2023,19.1,-4.699999999999999,12.9,18.7,10.642492029180868,1.17,4.74,17.93,9.703999490820264,7.0,41900.0,16383.0,1763.0,-3.2626431724182354,-3.8255621667197532,-2.6997241781167167,57.5203991297335
20135,Ness County,KS,Not expanded by 2023,,Remote rural,2023,28.8,-3.900000000000002,16.5,10.8,10.808353266740815,0.62,9.78,23.49,8.034955024502159,9.0,49400.0,3087.0,184.0,-4.7822917332938095,-5.333121431381966,-4.231462035205653,8.79941678926061
20137,Norton County,KS,Not expanded by 2023,,Remote rural,2023,19.4,-2.200000000000003,11.5,14.2,10.654644173598973,2.92,4.97,19.42,8.633018756921828,7.0,42400.0,5614.0,468.0,-1.991239803950903,-2.636008623490473,-1.3464709844113325,9.319002282490226
20139,Osage County,KS,Not expanded by 2023,,Metro,2023,19.3,-3.8999999999999986,11.6,12.7,10.79939188675334,0.42,2.53,18.15,9.685331542732957,3.0,49000.0,16080.0,1422.0,-1.7524590966239957,-1.9617759367336716,-1.5431422565143198,24.919968353993216
20141,Osborne County,KS,Not expanded by 2023,,Remote rural,2023,17.2,-5.900000000000002,9.3,15.2,10.558231685563127,0.24,1.97,24.21,8.242756345714477,9.0,38500.0,3800.0,332.0,-2.1933729652613883,-2.757376348442802,-1.629369582079971,7.281998244667808
20143,Ottawa County,KS,Not expanded by 2023,,Remote rural,2023,20.1,-3.099999999999998,9.3,9.3,10.859787148429518,0.96,2.65,17.7,8.70682132339263,9.0,52000.0,6044.0,497.0,-1.6642743425298419,-2.1199356292620455,-1.2086130557976391,8.271443482373314
20145,Pawnee County,KS,Not expanded by 2023,,Remote rural,2023,20.1,0.7000000000000028,12.5,14.5,10.721746404137187,4.75,7.23,18.3,8.833899942908635,7.0,45300.0,6863.0,547.0,-2.2944728257376292,-2.909084992467392,-1.679860659007864,12.550766356784832
20147,Phillips County,KS,Not expanded by 2023,,Remote rural,2023,21.2,-0.6999999999999993,13.7,12.3,10.693761443826796,0.43,2.81,21.15,8.623353387244627,7.0,44100.0,5560.0,482.0,-3.1513003015706658,-3.5988744977866474,-2.7037261053546873,15.189267453570608
20149,Pottawatomie County,KS,Not expanded by 2023,,Metro,2023,21.4,-4.600000000000001,11.1,9.4,10.999696956587927,1.11,5.24,12.9,10.024554080515571,3.0,59900.0,22574.0,1638.0,-1.5947813022575408,-1.9682620726956614,-1.2213005318194199,26.12251773097852
20151,Pratt County,KS,Not expanded by 2023,,Remote rural,2023,21.8,-7.599999999999998,14.6,12.4,10.838992503334087,1.16,6.75,18.14,9.187890243138591,7.0,51000.0,9778.0,775.0,-3.9909194654782008,-4.93865081259566,-3.0431881183607414,30.929625857456056
20153,Rawlins County,KS,Not expanded by 2023,,Remote rural,2023,21.5,-1.5,10.7,12.2,10.734242182303689,0.35,4.99,25.67,7.848933726364071,9.0,45900.0,2563.0,214.0,-1.8304684343204844,-2.089675036933383,-1.571261831707586,3.9172024494458366
20155,Reno County,KS,Not expanded by 2023,,"Rural, near a metro",2023,21.4,-3.200000000000003,14.2,14.9,10.694192385440877,2.92,8.63,17.76,11.067871976127341,4.0,44100.0,64079.0,6310.0,-4.315681927162645,-4.868357187925309,-3.763006666399985,272.3195296039629
20157,Republic County,KS,Not expanded by 2023,,Remote rural,2023,18.2,-2.1000000000000014,9.0,12.8,10.592099464294312,0.46,1.47,26.98,8.469472455204826,9.0,39800.0,4767.0,450.0,-2.113133901946858,-2.716115082898159,-1.5101527209955554,9.50910255876086
20159,Rice County,KS,Not expanded by 2023,,Remote rural,2023,22.2,-7.400000000000002,13.7,13.5,10.723025063923394,1.33,10.88,17.78,9.208137948420983,7.0,45400.0,9978.0,802.0,-3.6984841981024803,-4.253318448127012,-3.1436499480779485,29.66184326878189
20161,Riley County,KS,Not expanded by 2023,,Metro,2023,17.7,-3.6000000000000014,10.7,21.8,10.74218424297173,6.36,7.73,7.47,11.250560200502237,3.0,46300.0,76923.0,11862.0,-2.2309154324186276,-3.29684844066389,-1.1649824241733655,264.6311885934976
20163,Rooks County,KS,Not expanded by 2023,,Remote rural,2023,21.7,-7.199999999999999,14.1,13.8,10.618151576558324,0.48,2.16,20.48,8.555451903533328,9.0,40900.0,5195.0,451.0,-3.910708369411505,-4.224033644141172,-3.5973830946818377,17.63729474604589
20165,Rush County,KS,Not expanded by 2023,,Remote rural,2023,21.2,-1.8000000000000007,12.3,12.5,10.66585757813708,0.31,3.24,24.37,8.063377822367027,9.0,42900.0,3176.0,288.0,-2.2623885817765097,-2.736278193990587,-1.7884989695624331,6.515679115516348
20167,Russell County,KS,Not expanded by 2023,,Remote rural,2023,18.1,-5.799999999999997,11.4,17.1,10.584562151861805,0.9,2.31,23.13,8.850374303939237,7.0,39500.0,6977.0,757.0,-2.240090748931793,-3.030073191002278,-1.4501083068613092,16.957486969413672
20169,Saline County,KS,Not expanded by 2023,,Remote rural,2023,19.8,-7.399999999999999,12.6,14.4,10.789422164395384,3.18,10.49,15.52,10.928632689322365,5.0,48500.0,55750.0,5175.0,-2.4555267919183845,-2.924748210665448,-1.986305373171324,127.0735114817764
20171,Scott County,KS,Not expanded by 2023,,Remote rural,2023,30.4,-3.8000000000000043,20.6,8.6,10.839835781185261,0.43,16.67,17.22,8.498214224818435,7.0,51000.0,4906.0,391.0,-5.915831225221491,-7.057596996709652,-4.77406545373333,23.13090009061603
20173,Sedgwick County,KS,Not expanded by 2023,,Metro,2023,25.0,-5.199999999999999,16.8,16.0,10.792838649154332,8.93,13.64,12.46,13.135165084761532,2.0,48700.0,506442.0,55992.0,-4.099398300866299,-5.30713591787415,-2.891660683858455,2295.3350966210583
20175,Seward County,KS,Not expanded by 2023,,Remote rural,2023,34.6,-11.199999999999996,24.2,18.2,10.722143404583514,3.75,58.05,8.88,10.056680631152522,5.0,45300.0,23311.0,2226.0,-8.447321906979834,-10.400769425107104,-6.493874388852571,188.0373856493711
20177,Shawnee County,KS,Not expanded by 2023,,Metro,2023,21.8,-0.5,13.7,16.8,10.820617931807726,7.98,11.51,15.57,12.093183863451555,3.0,50000.0,178650.0,18153.0,-3.2708445625619404,-4.117396803662044,-2.42429232146184,593.7564134418691
20179,Sheridan County,KS,Not expanded by 2023,,Remote rural,2023,25.7,9.899999999999999,12.0,11.2,10.838815913287421,0.36,3.68,21.92,7.824046010856292,9.0,51000.0,2500.0,206.0,-1.7362851831393908,-2.333427763553339,-1.1391426027254417,3.576747477267145
20181,Sherman County,KS,Not expanded by 2023,,Remote rural,2023,22.2,-4.100000000000001,15.0,15.4,10.545999117127494,0.74,11.58,18.82,8.714403360703942,7.0,38000.0,6090.0,554.0,-4.3062162899567,-4.806202104382847,-3.806230475530554,23.856438246360117
20183,Smith County,KS,Not expanded by 2023,,Remote rural,2023,19.9,0.5999999999999979,10.6,12.7,10.589005705931582,0.41,1.6,26.71,8.215817791832453,9.0,39700.0,3699.0,326.0,-1.907874276765525,-2.321905827314681,-1.4938427262163696,6.2196701422556115
20185,Stafford County,KS,Not expanded by 2023,,Remote rural,2023,28.0,-3.8999999999999986,16.0,14.5,10.65561093819637,0.32,13.21,20.28,8.37539918579835,9.0,42400.0,4339.0,379.0,-4.763738232523228,-5.490190872615542,-4.037285592430915,18.054567901263034
20187,Stanton County,KS,Not expanded by 2023,,Remote rural,2023,32.0,-12.100000000000001,20.3,12.5,10.819318178577827,0.69,36.82,16.02,7.686162303492906,9.0,50000.0,2178.0,172.0,-7.200081438059695,-9.339738483490372,-5.060424392629022,12.384140073462676
20189,Stevens County,KS,Not expanded by 2023,,Remote rural,2023,33.7,-12.399999999999999,22.8,10.9,10.95924453089781,0.43,32.9,13.31,8.666991556504632,7.0,57500.0,5808.0,472.0,-7.479822123133679,-9.453777022370215,-5.505867223897147,35.30476042119096
20191,Sumner County,KS,Not expanded by 2023,,Metro,2023,18.1,-6.5,11.9,13.4,10.836517400414559,1.01,5.15,16.4,10.066328930041957,2.0,50800.0,23537.0,2219.0,-1.6769133524832716,-2.3029288645480652,-1.0508978404184774,37.21070729160379
20193,Thomas County,KS,Not expanded by 2023,,Remote rural,2023,24.2,-4.300000000000001,13.1,11.1,10.771721850994593,0.72,4.93,15.25,8.978786553302003,7.0,47700.0,7933.0,648.0,-2.9941435268142778,-3.6730607722765534,-2.3152262813520013,19.40205005375652
20195,Trego County,KS,Not expanded by 2023,,Remote rural,2023,21.7,-1.9000000000000021,13.1,10.3,10.68437084740016,0.58,1.94,23.6,7.987864096085687,9.0,43700.0,2945.0,235.0,-2.8586781464005067,-3.2400677185793256,-2.4772885742216877,6.71789364404119
20197,Wabaunsee County,KS,Not expanded by 2023,,Metro,2023,21.3,-6.099999999999998,9.9,9.4,10.904376752675622,0.67,3.27,16.71,8.857230494201946,3.0,54400.0,7025.0,497.0,-1.6548789875662577,-2.176398349224502,-1.1333596259080125,8.224748568204301
20199,Wallace County,KS,Not expanded by 2023,,Remote rural,2023,23.0,0.3000000000000007,12.7,12.4,10.738177697205677,0.26,7.56,20.06,7.352441100243583,9.0,46100.0,1560.0,148.0,-2.5088692522979894,-2.8811867742053625,-2.1365517303906176,3.7131264934010244
20201,Washington County,KS,Not expanded by 2023,,Remote rural,2023,24.2,-3.400000000000002,12.8,10.5,10.689601259598334,0.5,2.88,23.76,8.635153989049803,9.0,43900.0,5626.0,451.0,-2.906782379687892,-3.4053898123736612,-2.408174947002121,13.109588532392394
20203,Wichita County,KS,Not expanded by 2023,,Remote rural,2023,30.4,-10.100000000000001,18.3,11.2,10.845173089430226,0.78,27.24,18.34,7.692569648067906,9.0,51300.0,2192.0,158.0,-6.006568801911609,-6.934788800157194,-5.078348803666024,9.490378707020342
20205,Wilson County,KS,Not expanded by 2023,,Remote rural,2023,19.3,-1.3000000000000007,13.3,18.4,10.623106250301866,0.57,2.57,19.79,9.115040192121858,7.0,41100.0,9091.0,1033.0,-3.2825885779229327,-3.878234321034588,-2.6869428348112736,33.9091400099439
20207,Woodson County,KS,Not expanded by 2023,,Remote rural,2023,18.4,-3.5,10.0,17.4,10.620619778346533,0.37,2.64,22.55,8.07558263667172,9.0,41000.0,3215.0,364.0,-2.1305896922914007,-2.672664675048976,-1.5885147095338275,7.755346479940698
20209,Wyandotte County,KS,Not expanded by 2023,,Metro,2023,30.9,-2.8000000000000043,21.1,25.6,10.56431813161953,23.95,27.11,11.18,11.988743408284224,1.0,38700.0,160933.0,21335.0,-4.386190151037791,-5.157255519251699,-3.615124782823882,935.7936687239128
21001,Adair County,KY,Expanded 2014,2014.0,Remote rural,2013,40.7,-3.799999999999997,22.3,25.0,10.364387367532393,2.99,1.83,16.07,9.858699369745993,7.0,31700.0,19124.0,3561.0,-12.067080173156926,-13.1594840810399,-10.97467626527395,429.70872496611815
21003,Allen County,KY,Expanded 2014,2014.0,Metro,2013,45.1,3.200000000000003,22.0,20.6,10.591571938753612,1.09,1.86,15.97,9.919164031921136,3.0,39800.0,20316.0,3491.0,-13.14664852556552,-14.271428330515954,-12.021868720615087,458.9495000274924
21005,Anderson County,KY,Expanded 2014,2014.0,"Rural, near a metro",2013,42.5,-4.600000000000001,18.0,11.4,10.875250833534107,2.02,1.51,13.67,9.987231095968987,6.0,52900.0,21747.0,2525.0,-11.44878489405396,-12.363750001249077,-10.533819786858846,289.0818185748625
21007,Ballard County,KY,Expanded 2014,2014.0,Remote rural,2013,44.3,0.6999999999999957,19.4,17.1,10.662235190180022,3.16,1.15,18.55,9.018210874191142,9.0,42700.0,8252.0,1117.0,-13.266695394851485,-14.698402658405922,-11.834988131297042,148.18898756049109
21009,Barren County,KY,Expanded 2014,2014.0,"Rural, near a metro",2013,38.0,-3.5,19.6,20.7,10.555031183240999,3.83,2.96,16.4,10.667489204064298,6.0,38400.0,42937.0,7292.0,-11.761048364588088,-13.487056200558342,-10.035040528617834,857.6156467457633
21011,Bath County,KY,Expanded 2014,2014.0,"Rural, near a metro",2013,38.9,2.299999999999997,20.0,26.5,10.426794953804174,1.36,1.41,15.54,9.390576422279116,8.0,33800.0,11975.0,2612.0,-11.800154270180759,-13.665687214255385,-9.934621326106129,308.22002953712143
21013,Bell County,KY,Expanded 2014,2014.0,Remote rural,2013,32.8,-3.200000000000003,19.1,35.7,10.156616999340594,2.29,0.91,17.05,10.24106631958382,7.0,25800.0,28031.0,7248.0,-6.242719650333648,-7.0950885957901155,-5.39035070487718,452.4723202561828
21015,Boone County,KY,Expanded 2014,2014.0,Metro,2013,46.7,-2.5,17.5,8.7,11.086349073649137,2.77,3.93,11.04,11.736245000798256,1.0,65300.0,125022.0,9818.0,-9.93173663255983,-11.294136221277615,-8.569337043842047,975.097902584724
21017,Bourbon County,KY,Expanded 2014,2014.0,Metro,2013,47.2,1.1000000000000014,25.5,16.5,10.597759100757782,6.0,6.95,16.67,9.904786708267748,2.0,40000.0,20026.0,3110.0,-10.718233603404041,-13.235506209081745,-8.200960997726341,333.33706506586566
21019,Boyd County,KY,Expanded 2014,2014.0,Metro,2013,39.0,-3.5,18.2,20.3,10.632074268135453,2.79,1.61,17.65,10.797123593845477,2.0,41400.0,48880.0,7423.0,-11.880802032826258,-13.013612919276179,-10.74799114637634,881.9119348966932
21021,Boyle County,KY,Expanded 2014,2014.0,Remote rural,2013,41.3,-3.1000000000000014,20.0,17.2,10.682468333445676,7.65,3.1,17.07,10.296610137445906,7.0,43600.0,29632.0,3942.0,-12.533512824763976,-13.746422940220048,-11.320602709307904,494.0710755521959
21023,Bracken County,KY,Expanded 2014,2014.0,Metro,2013,43.0,0.8999999999999986,20.0,16.2,10.674104903862972,0.42,1.64,14.63,9.038721338315364,1.0,43200.0,8423.0,1380.0,-13.251633305806648,-14.682291536825346,-11.820975074787949,182.87253962013173
21025,Breathitt County,KY,Expanded 2014,2014.0,Remote rural,2013,33.9,0.7999999999999972,17.2,33.9,10.19872848469072,0.41,0.9,14.52,9.512442967089195,7.0,26900.0,13527.0,3459.0,-5.935713157349788,-7.130208716702693,-4.741217597996895,205.31631811272916
21027,Breckinridge County,KY,Expanded 2014,2014.0,"Rural, near a metro",2013,43.6,-2.0,21.8,19.2,10.599306161651231,2.11,1.22,16.84,9.905585350618274,8.0,40100.0,20042.0,3303.0,-13.100810005647237,-14.567793522686,-11.633826488608475,432.71975448652825
21029,Bullitt County,KY,Expanded 2014,2014.0,Metro,2013,41.6,-2.1999999999999957,17.6,10.2,10.958879138749674,0.87,1.65,13.06,11.249975028737632,1.0,57500.0,76878.0,7721.0,-11.577218453199901,-13.109174488194897,-10.045262418204912,893.8770367715643
21031,Butler County,KY,Expanded 2014,2014.0,Metro,2013,43.4,0.6999999999999957,21.3,22.1,10.50971426106537,0.43,3.14,16.96,9.449672183486918,3.0,36700.0,12704.0,2313.0,-12.861140362815817,-14.439396357446185,-11.282884368185446,297.47817659192987
21033,Caldwell County,KY,Expanded 2014,2014.0,Remote rural,2013,40.8,-2.3000000000000043,19.6,19.0,10.527204265878074,5.35,1.45,19.23,9.46397433028839,7.0,37300.0,12887.0,2059.0,-12.750870733956619,-14.392835193514603,-11.108906274398638,262.54042841216676
21035,Calloway County,KY,Expanded 2014,2014.0,Remote rural,2013,41.3,0.5,20.0,22.8,10.544735992304938,3.78,2.49,15.64,10.556463568406796,7.0,38000.0,38425.0,6552.0,-13.407833445952539,-15.196024847467415,-11.619642044437656,878.4812473788103
21037,Campbell County,KY,Expanded 2014,2014.0,Metro,2013,39.9,-1.8999999999999986,18.7,14.8,10.88408552880545,2.78,1.79,13.58,11.423252366923776,1.0,53300.0,91423.0,9602.0,-11.53211251731461,-13.501282086521197,-9.562942948108027,1107.3134439125488
21039,Carlisle County,KY,Expanded 2014,2014.0,Remote rural,2013,47.2,-0.09999999999999432,21.8,17.5,10.552761212402086,0.83,2.22,19.74,8.508959386489133,9.0,38300.0,4959.0,712.0,-12.267833913320235,-14.383043667659688,-10.152624158980787,87.34697746284007
21041,Carroll County,KY,Expanded 2014,2014.0,"Rural, near a metro",2013,42.7,-0.7999999999999972,20.6,21.0,10.640460212636103,1.74,6.94,13.88,9.29081375612606,6.0,41800.0,10838.0,1950.0,-12.645121450437083,-14.376173833861849,-10.914069067012317,246.57986828352313
21043,Carter County,KY,Expanded 2014,2014.0,"Rural, near a metro",2013,40.9,0.10000000000000142,19.8,22.5,10.4564239400025,0.66,1.2,16.38,10.225571051705241,6.0,34800.0,27600.0,4789.0,-12.905343813590894,-14.742131737031007,-11.06855589015078,618.036915232868
21045,Casey County,KY,Expanded 2014,2014.0,Remote rural,2013,43.1,-1.6000000000000014,23.2,29.7,10.285445178842252,0.57,2.69,17.77,9.681031265002055,9.0,29300.0,16011.0,3482.0,-12.503102012456626,-13.707202976358653,-11.299001048554592,435.35801207373976
21047,Christian County,KY,Expanded 2014,2014.0,Metro,2013,35.7,1.4000000000000057,20.8,18.1,10.629416491370417,20.83,7.12,10.86,11.206563334905086,2.0,41300.0,73612.0,13122.0,-7.272424619619715,-9.599353433467385,-4.9454958057720475,954.287558586499
21049,Clark County,KY,Expanded 2014,2014.0,Metro,2013,36.9,-6.800000000000004,18.7,17.1,10.7258191914769,4.74,2.61,15.92,10.478695435231387,2.0,45500.0,35550.0,5216.0,-8.961227263175797,-10.948650916448543,-6.973803609903056,467.4176140472496
21051,Clay County,KY,Expanded 2014,2014.0,Remote rural,2013,31.0,0.6000000000000014,18.9,42.8,10.0929915868061,4.08,1.96,13.11,9.961095865156441,7.0,24200.0,21186.0,5315.0,-6.021996890383365,-7.486926251077936,-4.557067529688804,320.0691347238759
21053,Clinton County,KY,Expanded 2014,2014.0,Remote rural,2013,38.0,-1.3999999999999986,20.5,27.6,10.219866405309856,0.45,2.62,17.9,9.227689010310796,9.0,27400.0,10175.0,2267.0,-11.080313326722546,-11.800049805442208,-10.360576848002884,251.19070311680014
21055,Crittenden County,KY,Expanded 2014,2014.0,Remote rural,2013,44.7,-2.5,21.0,22.2,10.528677039912846,0.95,0.88,18.89,9.124564594954778,7.0,37400.0,9178.0,1408.0,-12.34272907646946,-13.78188793268669,-10.903570220252234,173.78562539669002
21057,Cumberland County,KY,Expanded 2014,2014.0,Remote rural,2013,41.0,-3.1000000000000014,20.8,26.2,10.310384967735917,2.77,0.97,20.32,8.823206220552741,9.0,30000.0,6790.0,1370.0,-11.8757052390791,-13.368654891235071,-10.382755586923132,162.69716177538368
21059,Daviess County,KY,Expanded 2014,2014.0,Metro,2013,36.7,-1.5999999999999943,17.4,15.3,10.755943515580956,4.74,2.63,15.65,11.495718266632508,3.0,46900.0,98294.0,12584.0,-8.73027194955092,-10.880777026900345,-6.579766872201495,1098.6174221314877
21061,Edmonson County,KY,Expanded 2014,2014.0,Metro,2013,45.0,-0.6000000000000014,22.4,21.2,10.50023395880972,1.72,1.07,18.39,9.397483619049352,3.0,36300.0,12058.0,2142.0,-12.642737477633213,-14.02008120581022,-11.2653937494562,270.80743677090345
21063,Elliott County,KY,Expanded 2014,2014.0,Remote rural,2013,40.3,1.5999999999999943,18.1,33.1,10.293635956532398,3.51,1.01,16.57,8.929435283803425,9.0,29500.0,7551.0,1460.0,-13.145070609778736,-14.769313960004892,-11.520827259552583,191.91803090276954
21065,Estill County,KY,Expanded 2014,2014.0,"Rural, near a metro",2013,38.8,2.5,20.8,28.1,10.321803072623112,0.23,0.84,16.85,9.580661777948766,6.0,30400.0,14482.0,3105.0,-11.109369792303545,-12.513297182256112,-9.705442402350977,344.94593205102507
21067,Fayette County,KY,Expanded 2014,2014.0,Metro,2013,39.9,-3.0,21.9,19.0,10.778101758215147,14.57,7.03,11.4,12.643891997739722,2.0,48000.0,309865.0,51117.0,-8.52526095861806,-10.563872691669097,-6.486649225567011,4357.857644216794
21069,Fleming County,KY,Expanded 2014,2014.0,Remote rural,2013,45.5,-0.29999999999999716,22.5,23.2,10.47599136057373,1.38,1.07,15.86,9.584383610076006,7.0,35500.0,14536.0,2762.0,-12.829519827635863,-14.40129426747309,-11.257745387798632,354.3513376393025
21071,Floyd County,KY,Expanded 2014,2014.0,Remote rural,2013,34.7,-2.0,19.3,30.6,10.349102429271342,0.9,0.68,15.03,10.557737967466126,7.0,31200.0,38474.0,8732.0,-7.665853409471148,-8.982760221203698,-6.348946597738598,669.3823197150206
21073,Franklin County,KY,Expanded 2014,2014.0,"Rural, near a metro",2013,43.5,-2.299999999999997,20.6,16.9,10.74309160563336,10.49,2.96,15.4,10.80928340531763,4.0,46300.0,49478.0,6961.0,-12.777072445802792,-14.783240114992935,-10.77090477661265,889.4120129523324
21075,Fulton County,KY,Expanded 2014,2014.0,Remote rural,2013,33.1,-1.8999999999999986,17.4,29.2,10.259412215084156,23.92,1.78,19.03,8.762333040602343,9.0,28500.0,6389.0,1323.0,-6.8989803037631505,-8.193026100273222,-5.604934507253085,91.27350941878649
21077,Gallatin County,KY,Expanded 2014,2014.0,Metro,2013,41.3,-2.3000000000000043,21.6,16.3,10.69516698916032,1.22,5.08,12.86,9.056956065076825,1.0,44100.0,8578.0,1393.0,-11.964737013218206,-13.740697741338384,-10.188776285098037,166.6687865941296
21079,Garrard County,KY,Expanded 2014,2014.0,"Rural, near a metro",2013,45.0,-3.5,22.2,19.3,10.665530933243835,2.11,2.15,16.43,9.740497924041666,6.0,42900.0,16992.0,2663.0,-12.154530371886002,-13.339842103120896,-10.969218640651109,323.67514380332426
21081,Grant County,KY,Expanded 2014,2014.0,Metro,2013,38.3,-4.5,19.6,20.1,10.68878082152957,0.74,2.46,12.24,10.109077944602749,1.0,43900.0,24565.0,3770.0,-10.474924496564405,-12.380187972368862,-8.569661020759938,394.90465352047806
21083,Graves County,KY,Expanded 2014,2014.0,Remote rural,2013,45.7,-2.5999999999999943,22.9,19.3,10.59563423276249,4.4,6.02,17.02,10.529586398342945,7.0,40000.0,37406.0,5904.0,-11.799747719670675,-13.507759666655359,-10.09173577268599,696.6571053693567
21085,Grayson County,KY,Expanded 2014,2014.0,"Rural, near a metro",2013,43.1,-0.5,22.7,25.1,10.398580057313119,1.1,1.18,15.74,10.163849814332947,6.0,32800.0,25948.0,4708.0,-13.08283513263735,-14.584228742713544,-11.58144152256115,615.9398780445664
21087,Green County,KY,Expanded 2014,2014.0,"Rural, near a metro",2013,42.7,2.200000000000003,23.1,23.1,10.38310110816935,2.19,1.65,18.43,9.3195534569495,8.0,32300.0,11154.0,2137.0,-12.792863795585259,-14.487341595938767,-11.098385995231736,273.383499311657
21089,Greenup County,KY,Expanded 2014,2014.0,Metro,2013,44.3,3.5,19.6,19.0,10.705063038271945,0.79,1.01,18.64,10.50460167764911,2.0,44600.0,36483.0,5080.0,-12.856134912907875,-13.987434520932972,-11.724835304882777,653.09165357572
21091,Hancock County,KY,Expanded 2014,2014.0,Metro,2013,41.8,-1.8000000000000043,15.6,15.4,10.835828783228976,1.11,1.4,15.53,9.062536177207788,3.0,50800.0,8626.0,1007.0,-12.024225641135564,-14.046766498561226,-10.001684783709901,121.08395220623513
21093,Hardin County,KY,Expanded 2014,2014.0,Metro,2013,38.4,-1.3999999999999986,19.1,14.4,10.785745689666076,12.13,5.67,11.76,11.598818717091163,3.0,48300.0,108969.0,14071.0,-9.939937045104015,-11.768547459804623,-8.111326630403415,1398.648541616586
21095,Harlan County,KY,Expanded 2014,2014.0,Remote rural,2013,37.1,-1.6000000000000014,20.1,30.5,10.144863872111397,2.1,0.81,15.48,10.257273326840833,7.0,25500.0,28489.0,6961.0,-10.858977921268071,-12.17714780382958,-9.540808038706562,755.8934530994704
21097,Harrison County,KY,Expanded 2014,2014.0,"Rural, near a metro",2013,40.9,0.10000000000000142,20.1,17.4,10.650838787109585,2.0,2.21,16.08,9.829356503193052,6.0,42200.0,18571.0,2863.0,-13.27109950015399,-15.067068754688417,-11.475130245619555,379.95157868940873
21099,Hart County,KY,Expanded 2014,2014.0,"Rural, near a metro",2013,42.6,2.3000000000000043,20.8,27.9,10.421924139303453,4.59,1.63,15.83,9.823578169307826,8.0,33600.0,18464.0,3916.0,-13.582123469794404,-14.938008569272041,-12.22623837031677,531.8759550771489
21101,Henderson County,KY,Expanded 2014,2014.0,Metro,2013,37.1,-3.0,18.8,19.5,10.657071101899904,7.61,2.26,15.37,10.74371763779732,2.0,42500.0,46338.0,6819.0,-10.798124363870977,-11.825860558116444,-9.77038816962551,736.324100372362
21103,Henry County,KY,Expanded 2014,2014.0,Metro,2013,43.1,-1.6999999999999957,20.2,15.4,10.784047474454484,2.68,3.29,15.49,9.644198554585564,1.0,48200.0,15432.0,2164.0,-12.699096777420388,-13.713272107740277,-11.684921447100493,274.8084542633772
21105,Hickman County,KY,Expanded 2014,2014.0,Remote rural,2013,43.1,-3.1000000000000014,19.8,19.8,10.564447228842829,9.13,1.27,23.0,8.457018468380168,9.0,38700.0,4708.0,666.0,-11.975758199432743,-13.856825609884462,-10.094690788981021,79.75854960822207
21107,Hopkins County,KY,Expanded 2014,2014.0,Remote rural,2013,40.0,-6.100000000000001,19.2,17.5,10.615996086574693,6.58,1.88,16.43,10.745571845870444,5.0,40800.0,46424.0,6693.0,-12.18687885013157,-13.84900771272745,-10.52474998753568,815.667801439306
21109,Jackson County,KY,Expanded 2014,2014.0,Remote rural,2013,39.0,1.3999999999999986,19.8,30.3,10.26670604071587,0.25,0.89,14.91,9.502338118495565,9.0,28800.0,13391.0,3336.0,-11.39389806174132,-13.426089189244362,-9.361706934238278,380.1004393396904
21111,Jefferson County,KY,Expanded 2014,2014.0,Metro,2013,41.8,-1.0,21.3,16.1,10.768379721324283,21.05,4.79,14.14,13.539998134035582,1.0,47500.0,759183.0,104879.0,-9.736833627060511,-13.069158417210843,-6.404508836910187,10211.893739724794
21113,Jessamine County,KY,Expanded 2014,2014.0,Metro,2013,43.3,-2.3000000000000043,21.8,15.4,10.859210513653997,3.37,2.9,12.71,10.822175409010004,2.0,52000.0,50120.0,7111.0,-12.032226884679611,-13.508384897296281,-10.55606887206294,855.6116537695672
21115,Johnson County,KY,Expanded 2014,2014.0,Remote rural,2013,35.9,0.0,19.6,25.7,10.451406628439226,0.32,0.61,15.41,10.06296686708145,7.0,34600.0,23458.0,4639.0,-9.067751398815926,-10.337852298314814,-7.797650499317044,420.6529873910708
21117,Kenton County,KY,Expanded 2014,2014.0,Metro,2013,41.1,-3.799999999999997,19.0,13.4,10.895794434833306,4.69,2.85,12.14,12.002308837991864,1.0,53900.0,163131.0,18794.0,-9.635067525304482,-10.907912691173758,-8.362222359435206,1810.8145907057244
21119,Knott County,KY,Expanded 2014,2014.0,Remote rural,2013,35.9,0.10000000000000142,18.9,28.3,10.382636733441567,0.8,0.89,14.88,9.686077533069678,9.0,32300.0,16092.0,3267.0,-8.998784359055472,-10.734244475718024,-7.263324242392922,293.9902850103423
21121,Knox County,KY,Expanded 2014,2014.0,Remote rural,2013,36.0,1.0,20.7,35.2,10.174277757317691,1.15,0.99,15.9,10.362114208758525,7.0,26200.0,31638.0,8174.0,-9.321195396960356,-11.006603907561175,-7.635786886359534,761.9145117475394
21123,Larue County,KY,Expanded 2014,2014.0,Metro,2013,42.8,-1.9000000000000057,22.3,18.3,10.634339875274723,2.98,3.1,16.43,9.548168831368535,3.0,41500.0,14019.0,2212.0,-12.79008430597983,-14.266585945197587,-11.313582666762077,282.9166648482738
21125,Laurel County,KY,Expanded 2014,2014.0,Remote rural,2013,39.1,-3.1000000000000014,20.7,22.2,10.473675825695626,0.68,1.56,14.18,10.997104049659168,5.0,35400.0,59701.0,11359.0,-11.35989633895115,-12.822402199505802,-9.897390478396497,1290.3706251414612
21127,Lawrence County,KY,Expanded 2014,2014.0,"Rural, near a metro",2013,38.2,0.7000000000000028,19.7,25.2,10.41837491625679,0.31,0.75,15.34,9.674137279312397,6.0,33500.0,15901.0,3009.0,-11.277664834468707,-12.815929069689417,-9.739400599247997,339.3449348691634
21129,Lee County,KY,Expanded 2014,2014.0,Remote rural,2013,34.7,1.1000000000000014,17.7,35.1,10.156849882434335,0.89,0.67,16.48,8.83579236650274,9.0,25800.0,6876.0,1606.0,-7.428849582272046,-8.940176750649684,-5.917522413894409,119.30732429128905
21131,Leslie County,KY,Expanded 2014,2014.0,Remote rural,2013,36.9,0.10000000000000142,19.2,29.2,10.275326932994632,0.3,0.54,15.25,9.30428598481871,9.0,29000.0,10985.0,2238.0,-9.779890287136366,-11.376553851418794,-8.183226722853938,218.8739446261119
21133,Letcher County,KY,Expanded 2014,2014.0,Remote rural,2013,35.7,-1.6999999999999957,18.4,27.1,10.367190121732936,0.45,0.69,15.83,10.066456380814268,9.0,31800.0,23540.0,4720.0,-8.649494227873124,-10.321886168256402,-6.977102287489846,408.25612755561144
21135,Lewis County,KY,Expanded 2014,2014.0,"Rural, near a metro",2013,41.1,0.20000000000000284,20.6,27.0,10.323611361652953,0.37,0.6,16.14,9.528866827722945,8.0,30400.0,13751.0,2963.0,-12.888661087960683,-14.577521135433216,-11.199801040488158,381.8910280362751
21137,Lincoln County,KY,Expanded 2014,2014.0,Remote rural,2013,43.3,1.2999999999999972,22.1,23.1,10.465728463248274,2.26,1.59,16.18,10.103894576876467,7.0,35100.0,24438.0,4561.0,-13.329258966467618,-15.258943174494922,-11.399574758440318,607.9475014605881
21139,Livingston County,KY,Expanded 2014,2014.0,Remote rural,2013,46.5,-2.5,20.2,15.9,10.62563512702953,0.48,1.43,19.52,9.14120463314132,9.0,41200.0,9332.0,1304.0,-12.310957443387712,-13.794201195711334,-10.827713691064087,160.53488506177578
21141,Logan County,KY,Expanded 2014,2014.0,"Rural, near a metro",2013,43.4,-6.800000000000004,21.5,19.7,10.584385010667155,6.51,2.58,16.8,10.202702860801582,6.0,39500.0,26976.0,4419.0,-12.187996634503307,-13.508516481998914,-10.8674767870077,538.5875712787011
21143,Lyon County,KY,Expanded 2014,2014.0,Remote rural,2013,44.7,-1.5999999999999943,19.6,17.4,10.676161923297924,5.45,1.38,23.08,9.042158378735948,9.0,43300.0,8452.0,903.0,-12.54735038855467,-14.276793711707814,-10.817907065401524,113.30257400864868
21145,McCracken County,KY,Expanded 2014,2014.0,Remote rural,2013,38.5,-2.700000000000003,19.7,19.8,10.64706640639476,10.87,2.25,17.88,11.087313770418719,5.0,42100.0,65337.0,9171.0,-12.175027153347404,-13.48680258587778,-10.863251720817033,1116.5717402334903
21147,McCreary County,KY,Expanded 2014,2014.0,Remote rural,2013,36.4,-0.7000000000000028,20.2,40.7,10.102584282691785,5.38,2.37,13.7,9.793951665467821,9.0,24400.0,17925.0,4479.0,-9.72613249658646,-11.243251497779191,-8.20901349539373,435.6334745221076
21149,McLean County,KY,Expanded 2014,2014.0,Metro,2013,42.8,0.09999999999999432,20.4,18.1,10.548704199338523,0.7,1.25,17.9,9.154087430425385,3.0,38100.0,9453.0,1298.0,-13.271501475945302,-14.288013093339968,-12.254989858550635,172.26408915777003
21151,Madison County,KY,Expanded 2014,2014.0,"Rural, near a metro",2013,35.8,-6.200000000000003,18.9,19.8,10.710967378552104,4.38,2.18,12.32,11.361334838740923,4.0,44800.0,85934.0,15070.0,-8.360380682735395,-10.166267696589612,-6.5544936688811735,1259.909368888224
21153,Magoffin County,KY,Expanded 2014,2014.0,Remote rural,2013,38.8,6.9999999999999964,20.8,29.0,10.302833979636116,0.22,0.89,14.43,9.46815584482167,9.0,29800.0,12941.0,2913.0,-10.909803964373308,-12.898914754935877,-8.920693173810752,317.8025894821945
21155,Marion County,KY,Expanded 2014,2014.0,Remote rural,2013,39.1,-5.799999999999997,17.6,18.5,10.588224465736102,7.99,2.63,14.19,9.899881056942016,7.0,39700.0,19928.0,3045.0,-11.42894078915583,-13.185568163444081,-9.672313414867588,348.011247029795
21157,Marshall County,KY,Expanded 2014,2014.0,Remote rural,2013,42.6,-1.6999999999999957,19.2,12.7,10.695506743860696,0.28,1.27,20.44,10.348654027495844,7.0,44200.0,31215.0,3535.0,-12.361181798878674,-13.82576116013323,-10.896602437624125,436.9677765903611
21159,Martin County,KY,Expanded 2014,2014.0,Remote rural,2013,33.2,3.1000000000000014,17.8,40.5,10.201033318424798,6.96,3.37,12.54,9.44549154241467,9.0,26900.0,12651.0,2549.0,-6.538838595645208,-7.398143161350607,-5.679534029939807,166.67499580299634
21161,Mason County,KY,Expanded 2014,2014.0,"Rural, near a metro",2013,38.7,-2.5999999999999943,19.3,20.7,10.653227709328526,6.24,1.51,16.19,9.759790377278941,6.0,42300.0,17323.0,2810.0,-12.38950061849681,-13.672630604226955,-11.10637063276666,348.1449673797604
21163,Meade County,KY,Expanded 2014,2014.0,Metro,2013,42.5,1.5,20.1,15.4,10.736048788878751,3.37,3.85,11.67,10.283292913863715,3.0,46000.0,29240.0,4387.0,-12.47005177552021,-13.904333948552502,-11.035769602487917,547.0611713920716
21165,Menifee County,KY,Expanded 2014,2014.0,Remote rural,2013,41.2,2.3000000000000043,23.1,28.3,10.310518101368999,2.41,0.87,17.98,8.754791763700032,9.0,30000.0,6341.0,1455.0,-12.711705285446616,-14.111273702689797,-11.312136868203435,184.9553119032483
21167,Mercer County,KY,Expanded 2014,2014.0,"Rural, near a metro",2013,40.0,-3.5,18.8,16.4,10.689737933858227,3.6,2.67,17.26,9.966039727193092,6.0,43900.0,21291.0,3137.0,-12.092854110344447,-13.188697134108784,-10.997011086580109,379.3528334415053
21169,Metcalfe County,KY,Expanded 2014,2014.0,Remote rural,2013,42.3,-1.1000000000000014,21.1,27.7,10.338479099902614,1.68,1.44,17.25,9.206332350578643,9.0,30900.0,9960.0,1996.0,-13.167861158166335,-14.823564542438975,-11.512157773893703,262.83050871700004
21171,Monroe County,KY,Expanded 2014,2014.0,"Rural, near a metro",2013,41.5,-2.299999999999997,22.1,23.8,10.305613759378778,2.07,2.95,18.13,9.279399907907678,8.0,29900.0,10715.0,2277.0,-12.3068069404841,-13.436492627753818,-11.17712125321438,280.225994034823
21173,Montgomery County,KY,Expanded 2014,2014.0,"Rural, near a metro",2013,41.2,1.5,20.8,20.0,10.62924712082355,2.64,2.62,14.08,10.212037860792206,6.0,41300.0,27229.0,5037.0,-13.278985662762857,-15.13028145314664,-11.427689872379075,668.8625078333652
21175,Morgan County,KY,Expanded 2014,2014.0,Remote rural,2013,38.1,-0.5,19.3,29.4,10.360247621697122,4.11,0.92,14.09,9.500170136485423,9.0,31600.0,13362.0,2467.0,-11.819104496010882,-13.389789612154319,-10.248419379867444,291.57730791658844
21177,Muhlenberg County,KY,Expanded 2014,2014.0,"Rural, near a metro",2013,42.1,-2.1999999999999957,20.1,25.1,10.519969648160588,4.74,1.46,17.57,10.352107930958221,6.0,37000.0,31323.0,4681.0,-13.19419590726533,-14.864183596057558,-11.524208218473106,617.6203104190901
21179,Nelson County,KY,Expanded 2014,2014.0,"Rural, near a metro",2013,43.0,-0.29999999999999716,19.7,14.7,10.808595995007714,5.0,2.02,13.15,10.704142940811359,6.0,49400.0,44540.0,6149.0,-12.952126753127068,-14.825386785629975,-11.078866720624161,796.4262740497835
21181,Nicholas County,KY,Expanded 2014,2014.0,"Rural, near a metro",2013,43.8,0.5999999999999943,22.2,20.6,10.518835340641662,0.77,1.98,16.55,8.854807632616227,8.0,37000.0,7008.0,1307.0,-13.142211522352747,-15.039973208495395,-11.2444498362101,171.76870459715042
21183,Ohio County,KY,Expanded 2014,2014.0,"Rural, near a metro",2013,40.8,-0.30000000000000426,19.1,19.1,10.61206507075143,0.86,3.28,16.43,10.084766899751639,6.0,40600.0,23975.0,3717.0,-12.81468833246488,-14.243598725440801,-11.385777939488968,476.32196531771956
21185,Oldham County,KY,Expanded 2014,2014.0,Metro,2013,51.4,-2.5,18.3,6.1,11.368824120995972,4.46,3.68,11.2,11.051873648422314,1.0,86600.0,63062.0,2906.0,-8.881781570699602,-10.37615530491906,-7.387407836480155,258.1045724445304
21187,Owen County,KY,Expanded 2014,2014.0,"Rural, near a metro",2013,42.4,-1.0,20.0,19.1,10.648610294686415,1.03,2.54,16.11,9.27284557732758,8.0,42100.0,10645.0,1582.0,-13.386321543032166,-15.026100514218768,-11.746542571845563,211.77160681076884
21189,Owsley County,KY,Expanded 2014,2014.0,Remote rural,2013,34.9,3.099999999999998,19.1,42.0,10.030780778193504,0.48,1.04,16.89,8.433594167539924,9.0,22700.0,4599.0,1300.0,-7.8485559407644425,-9.11642025361388,-6.580691627915006,102.03122722993776
21191,Pendleton County,KY,Expanded 2014,2014.0,Metro,2013,40.8,-0.4000000000000057,18.6,16.1,10.727004884257928,0.46,1.13,13.83,9.586376669393536,1.0,45600.0,14565.0,2141.0,-12.691577696152901,-14.560026397363739,-10.823128994942065,271.7266784746336
21193,Perry County,KY,Expanded 2014,2014.0,Remote rural,2013,35.6,-1.7999999999999972,18.7,26.9,10.382822509210747,1.56,0.89,14.37,10.23931672529323,7.0,32300.0,27982.0,5799.0,-8.718239301796814,-10.022670459579608,-7.41380814401401,505.5706971111972
21195,Pike County,KY,Expanded 2014,2014.0,Remote rural,2013,35.9,-2.1000000000000014,19.3,23.0,10.465129857127469,0.69,0.81,15.28,11.064338845478296,7.0,35100.0,63853.0,12071.0,-8.977260396982182,-10.474729532830112,-7.479791261134248,1083.645102519719
21197,Powell County,KY,Expanded 2014,2014.0,"Rural, near a metro",2013,37.4,-0.5,19.8,29.6,10.371082032109841,0.75,1.46,13.95,9.431081038674082,6.0,31900.0,12470.0,2863.0,-10.694144201699228,-12.02102330807875,-9.367265095319713,306.1733484946489
21199,Pulaski County,KY,Expanded 2014,2014.0,Remote rural,2013,37.3,-3.200000000000003,20.4,25.2,10.444502847465177,1.14,2.3,17.31,11.063398745445097,5.0,34400.0,63793.0,12338.0,-11.066553382334323,-12.469362876491155,-9.663743888177493,1365.3913563124088
21201,Robertson County,KY,Expanded 2014,2014.0,"Rural, near a metro",2013,42.5,-0.29999999999999716,19.6,23.4,10.547995807489514,0.18,0.86,21.09,7.7025561132685825,8.0,38100.0,2214.0,395.0,-12.64413043685123,-14.152045901476948,-11.136214972225504,49.94431522556236
21203,Rockcastle County,KY,Expanded 2014,2014.0,Remote rural,2013,38.1,-3.0,19.3,25.6,10.408224678961561,0.23,0.75,16.43,9.725675811220002,7.0,33100.0,16742.0,3341.0,-11.207339357833678,-12.260366465303981,-10.154312250363379,374.43720794522324
21205,Rowan County,KY,Expanded 2014,2014.0,Remote rural,2013,37.4,-2.8000000000000043,19.0,24.7,10.537150086261182,1.81,1.57,12.77,10.094521049932105,7.0,37700.0,24210.0,4696.0,-10.890312429241089,-12.01084805478619,-9.769776803695986,511.40907167716153
21207,Russell County,KY,Expanded 2014,2014.0,Remote rural,2013,42.1,0.30000000000000426,21.8,25.5,10.341258495396207,0.56,3.68,18.52,9.784084455288346,9.0,31000.0,17749.0,3659.0,-12.544793628626248,-13.822257805626254,-11.267329451626251,459.01399887143447
21209,Scott County,KY,Expanded 2014,2014.0,Metro,2013,45.2,3.9000000000000057,18.9,10.5,11.033372384508345,5.42,4.31,10.33,10.819778284410283,2.0,61900.0,50000.0,5256.0,-9.80795965648545,-11.881000866026502,-7.7349184469443895,515.5063595448752
21211,Shelby County,KY,Expanded 2014,2014.0,Metro,2013,52.0,-3.700000000000003,24.5,12.6,10.94743243986193,7.23,9.15,13.66,10.702345187518187,1.0,56800.0,44460.0,4912.0,-8.5870450565481,-9.931262916075724,-7.242827197020472,421.79565317764263
21213,Simpson County,KY,Expanded 2014,2014.0,"Rural, near a metro",2013,38.2,-3.8999999999999986,17.6,18.5,10.574312434091581,9.21,2.07,15.22,9.780245895678089,6.0,39100.0,17681.0,2747.0,-11.750455192076688,-13.68302602079097,-9.817884363362397,322.7850041263466
21215,Spencer County,KY,Expanded 2014,2014.0,Metro,2013,47.6,-2.6000000000000014,19.7,9.3,11.108125135847542,1.63,1.9,11.92,9.780076207620894,1.0,66700.0,17678.0,1530.0,-10.286452010269972,-12.14914657517804,-8.423757445361904,157.38271575713057
21217,Taylor County,KY,Expanded 2014,2014.0,Remote rural,2013,40.2,-1.0999999999999943,20.8,20.7,10.507776196611822,4.94,2.09,16.73,10.132970964396517,7.0,36600.0,25159.0,4255.0,-13.16388710158059,-14.82029828693106,-11.507475916230117,560.1233961722542
21219,Todd County,KY,Expanded 2014,2014.0,"Rural, near a metro",2013,50.0,2.3999999999999986,26.4,20.5,10.559270295995857,7.72,4.0,14.9,9.431481920619719,8.0,38500.0,12475.0,2168.0,-10.855330717467487,-12.907077315679189,-8.803584119255786,235.3435699546951
21221,Trigg County,KY,Expanded 2014,2014.0,Metro,2013,47.3,-1.1000000000000014,23.9,18.3,10.678583315743241,7.62,1.75,20.4,9.568014816247999,2.0,43400.0,14300.0,2039.0,-11.712178088316232,-13.395445458295182,-10.028910718337272,238.81131122076798
21223,Trimble County,KY,Expanded 2014,2014.0,Metro,2013,43.9,-1.5,19.2,16.1,10.723135216705415,0.41,2.79,15.46,9.083075020930307,1.0,45400.0,8805.0,1239.0,-12.753488251275629,-13.771929907790893,-11.735046594760364,158.01571943330507
21225,Union County,KY,Expanded 2014,2014.0,"Rural, near a metro",2013,40.2,-7.399999999999999,18.4,18.7,10.705377024100308,12.93,1.91,14.55,9.619863900211849,6.0,44600.0,15061.0,2532.0,-12.00828398265265,-13.367835844094405,-10.648732121210898,304.0497504407651
21227,Warren County,KY,Expanded 2014,2014.0,Metro,2013,42.2,0.20000000000000284,21.7,18.4,10.78180639115673,9.06,4.98,11.71,11.691699068548498,3.0,48100.0,119575.0,20135.0,-12.218382123227833,-13.72477622343588,-10.71198802301979,2460.171240511924
21229,Washington County,KY,Expanded 2014,2014.0,Remote rural,2013,43.8,-2.1000000000000014,19.5,16.8,10.657259354912508,6.03,3.93,16.14,9.37999875481674,9.0,42500.0,11849.0,1707.0,-12.793791921294963,-14.645205615738757,-10.942378226851169,218.39002809650498
21231,Wayne County,KY,Expanded 2014,2014.0,Remote rural,2013,37.8,-3.1000000000000014,19.9,27.5,10.304877702602262,1.55,2.98,17.98,9.941842506412591,7.0,29900.0,20782.0,4759.0,-11.106751006169617,-12.411147752119701,-9.802354260219543,528.570280383612
21233,Webster County,KY,Expanded 2014,2014.0,"Rural, near a metro",2013,42.2,-6.299999999999997,20.9,17.0,10.618420686417931,4.13,4.74,15.72,9.499795870977106,8.0,40900.0,13357.0,1939.0,-11.548370401725132,-12.480885175934617,-10.615855627515643,223.9229020894503
21235,Whitley County,KY,Expanded 2014,2014.0,Remote rural,2013,33.3,-0.9000000000000057,18.8,26.3,10.337799235201873,0.73,1.04,15.15,10.487656570526328,7.0,30900.0,35870.0,7885.0,-6.629001848183018,-7.607005631144114,-5.650998065221915,522.696795729231
21237,Wolfe County,KY,Expanded 2014,2014.0,Remote rural,2013,31.3,0.1999999999999993,18.1,36.4,10.152571717850691,0.21,0.78,17.05,8.892748769118258,9.0,25700.0,7279.0,1912.0,-5.514234383578228,-6.491384717111105,-4.537084050045349,105.43216141401572
21239,Woodford County,KY,Expanded 2014,2014.0,Metro,2013,49.0,-5.299999999999997,21.7,11.0,10.989234097996784,4.98,6.75,15.0,10.14033675090645,2.0,59200.0,25345.0,2630.0,-9.454937316915057,-10.522060970769507,-8.387813663060603,248.66485143486602
22001,Acadia Parish,LA,Expanded 2015-2017,2017.0,Metro,2016,28.0,-13.200000000000003,17.7,19.0,10.565866199424438,17.96,2.07,13.39,11.039700653282354,2.0,38800.0,62299.0,10080.0,-8.44432336720019,-9.542786863989189,-7.345859870411182,851.1877954137791
22003,Allen Parish,LA,Expanded 2015-2017,2017.0,"Rural, near a metro",2016,27.1,-14.399999999999999,16.6,19.8,10.548546822289019,22.67,1.69,13.49,10.152844510666242,6.0,38100.0,25664.0,3109.0,-8.828710756608274,-9.624010274081993,-8.033411239134558,274.48461742295126
22005,Ascension Parish,LA,Expanded 2015-2017,2017.0,Metro,2016,29.9,-20.0,14.5,11.1,11.160569751141438,22.34,5.05,9.95,11.649517170058008,2.0,70300.0,114636.0,9884.0,-7.395074578745296,-8.326349330974702,-6.463799826515885,730.9291713631851
22007,Assumption Parish,LA,Expanded 2015-2017,2017.0,"Rural, near a metro",2016,28.3,-18.7,15.2,18.2,10.708824377084602,29.53,2.44,14.83,10.051864453277146,6.0,44700.0,23199.0,2882.0,-8.336111287816742,-9.546380907871448,-7.125841667762039,240.24672731487848
22009,Avoyelles Parish,LA,Expanded 2015-2017,2017.0,"Rural, near a metro",2016,24.0,-17.299999999999997,16.1,23.8,10.411509248969384,29.26,1.69,15.29,10.628012268788328,6.0,33200.0,41275.0,6576.0,-8.761659444013782,-9.626689465303802,-7.896629422723773,576.1667250383463
22011,Beauregard Parish,LA,Expanded 2015-2017,2017.0,"Rural, near a metro",2016,31.5,-15.0,17.7,16.6,10.741276056255325,12.8,3.54,14.22,10.498470484308841,6.0,46200.0,36260.0,4873.0,-8.03715422170251,-8.835286714963276,-7.23902172844174,391.6505252235633
22013,Bienville Parish,LA,Expanded 2015-2017,2017.0,"Rural, near a metro",2016,24.2,-17.599999999999998,13.4,23.9,10.427920179708336,42.08,1.72,19.1,9.544023006988647,6.0,33800.0,13961.0,2500.0,-8.424493649320489,-9.33941824823272,-7.509569050408258,210.61234123301222
22015,Bossier Parish,LA,Expanded 2015-2017,2017.0,Metro,2016,24.6,-20.0,13.6,14.6,10.857054801145617,20.79,6.27,12.53,11.728206185086972,2.0,51900.0,124021.0,14995.0,-6.651920239432464,-8.66496172451107,-4.638878754353858,997.455439902898
22017,Caddo Parish,LA,Expanded 2015-2017,2017.0,Metro,2016,26.0,-15.299999999999997,16.6,22.0,10.591018994310438,47.98,2.65,14.38,12.449516739375882,2.0,39800.0,255127.0,41164.0,-8.205608043567166,-9.548150327056026,-6.863065760078316,3377.756495053988
22019,Calcasieu Parish,LA,Expanded 2015-2017,2017.0,Metro,2016,27.7,-16.900000000000002,16.1,16.6,10.686909529335855,24.88,2.93,13.51,12.18327473685417,3.0,43800.0,195492.0,27036.0,-8.127044866784214,-9.463962198588941,-6.790127534979491,2197.22785018378
22021,Caldwell Parish,LA,Expanded 2015-2017,2017.0,"Rural, near a metro",2016,30.5,-14.299999999999997,17.0,23.4,10.490913041110819,16.6,2.92,16.35,9.208739090609209,8.0,36000.0,9984.0,1454.0,-8.615637911059833,-9.10085248718893,-8.130423334930729,125.27137522680997
22023,Cameron Parish,LA,Expanded 2015-2017,2017.0,Metro,2016,33.5,-20.5,17.0,13.3,10.853387126584051,3.28,3.47,14.72,8.811801223938751,3.0,51700.0,6713.0,617.0,-7.131268771572591,-8.018658929544456,-6.2438786136007245,43.99992832060288
22025,Catahoula Parish,LA,Expanded 2015-2017,2017.0,Remote rural,2016,28.6,-18.299999999999997,17.1,24.3,10.421000764451936,31.16,1.3,15.15,9.235130540783402,9.0,33600.0,10251.0,1479.0,-9.024867734497652,-9.95378225771762,-8.09595321127767,133.47779379322026
22027,Claiborne Parish,LA,Expanded 2015-2017,2017.0,"Rural, near a metro",2016,26.0,-15.700000000000003,15.6,30.7,10.445521103426312,50.66,1.39,17.3,9.720885956534854,6.0,34400.0,16662.0,2383.0,-8.898916684492674,-9.725685312257161,-8.07214805672819,212.0611845914604
22029,Concordia Parish,LA,Expanded 2015-2017,2017.0,Remote rural,2016,24.8,-19.599999999999998,15.1,30.6,10.323249965345116,40.43,1.16,15.45,9.9281801651265,7.0,30400.0,20500.0,3621.0,-8.757852515926254,-9.604962852036673,-7.91074217981583,317.12183960168966
22031,De Soto Parish,LA,Expanded 2015-2017,2017.0,Metro,2016,27.7,-17.400000000000002,15.9,23.5,10.58159723451934,37.34,2.64,15.85,10.2068830204074,2.0,39400.0,27089.0,4260.0,-8.77796174423928,-9.85573429350994,-7.70018919496862,373.9411703045933
22033,East Baton Rouge Parish,LA,Expanded 2015-2017,2017.0,Metro,2016,25.3,-14.499999999999996,15.4,20.8,10.774153106384007,45.86,3.8,12.02,13.003987416002213,2.0,47800.0,444181.0,68389.0,-7.108464198153952,-8.49886599945838,-5.718062396849522,4861.407580475507
22035,East Carroll Parish,LA,Expanded 2015-2017,2017.0,Remote rural,2016,20.6,-15.399999999999999,13.3,44.8,10.195447959847472,67.67,2.19,12.91,8.922658299524402,7.0,26800.0,7500.0,1545.0,-8.004032906819493,-8.95769657111782,-7.050369242521166,123.66230841036116
22037,East Feliciana Parish,LA,Expanded 2015-2017,2017.0,Metro,2016,24.5,-19.5,12.5,20.6,10.63532646020706,44.25,1.29,14.84,9.883335864325275,2.0,41600.0,19601.0,2436.0,-7.164352762797013,-8.477701717953726,-5.851003807640298,174.52363330173523
22039,Evangeline Parish,LA,Expanded 2015-2017,2017.0,"Rural, near a metro",2016,24.0,-12.5,16.4,27.6,10.377545452109905,27.92,2.93,13.88,10.42901457915501,6.0,32100.0,33827.0,6231.0,-8.131097796711055,-8.775873071904877,-7.48632252151723,506.64870371306586
22041,Franklin Parish,LA,Expanded 2015-2017,2017.0,Remote rural,2016,29.5,-15.200000000000003,19.2,29.1,10.3495506300728,31.71,1.28,16.82,9.928570332903591,7.0,31200.0,20508.0,3914.0,-9.002660439078435,-9.915507404788212,-8.08981347336865,352.36412958552995
22043,Grant Parish,LA,Expanded 2015-2017,2017.0,Metro,2016,27.4,-16.0,15.5,21.2,10.626387691245421,15.34,4.73,13.23,10.012386799492118,3.0,41200.0,22301.0,2896.0,-8.06590452366236,-9.038237853477446,-7.093571193847273,233.58859500526194
22045,Iberia Parish,LA,Expanded 2015-2017,2017.0,Metro,2016,28.7,-16.000000000000004,17.6,20.2,10.62582939137535,31.85,3.88,12.92,11.209642326289796,2.0,41200.0,73839.0,10869.0,-8.405507403449056,-8.993265440182126,-7.817749366715995,913.5945996808779
22047,Iberville Parish,LA,Expanded 2015-2017,2017.0,Metro,2016,24.5,-14.399999999999999,14.7,25.7,10.607797200302183,48.45,2.39,13.51,10.41586197629197,2.0,40400.0,33385.0,4249.0,-8.428983213879876,-9.465948647310912,-7.392017780448842,358.1474967577559
22049,Jackson Parish,LA,Expanded 2015-2017,2017.0,"Rural, near a metro",2016,28.6,-12.5,16.1,21.2,10.483745951017456,29.09,1.51,18.19,9.688436171119255,6.0,35700.0,16130.0,2452.0,-8.473943404749471,-9.397485690882734,-7.550401118616209,207.78109228445706
22051,Jefferson Parish,LA,Expanded 2015-2017,2017.0,Metro,2016,34.4,-13.200000000000003,19.7,18.9,10.748217833797062,26.03,13.47,14.81,12.98140792307705,1.0,46500.0,434264.0,55125.0,-5.757228153715546,-7.421684501746628,-4.092771805684464,3173.6720197356944
22053,Jefferson Davis Parish,LA,Expanded 2015-2017,2017.0,"Rural, near a metro",2016,28.8,-15.999999999999996,17.8,18.0,10.615456487336662,16.53,1.94,15.22,10.351213619358802,6.0,40800.0,31295.0,4697.0,-8.59369870152379,-9.385203504319335,-7.8021938987282455,403.6460280105724
22055,Lafayette Parish,LA,Expanded 2015-2017,2017.0,Metro,2016,30.3,-15.3,17.8,15.6,10.914688384193267,25.7,4.27,11.06,12.352209874683085,2.0,55000.0,231471.0,31647.0,-7.623486127966456,-8.717241166347456,-6.529731089585456,2412.6046549175444
22057,Lafourche Parish,LA,Expanded 2015-2017,2017.0,Metro,2016,38.8,-7.600000000000001,22.9,16.5,10.861208094173422,13.17,4.16,13.57,11.485307577933556,3.0,52100.0,97276.0,11838.0,-9.744971520106583,-11.892237446262762,-7.597705593950403,1153.6097285502174
22059,La Salle Parish,LA,Expanded 2015-2017,2017.0,"Rural, near a metro",2016,28.1,-18.699999999999996,16.4,20.9,10.647898027033614,11.81,2.7,15.46,9.603800372956915,6.0,42100.0,14821.0,1887.0,-8.250347880860675,-9.277921185678201,-7.222774576043146,155.68406451184092
22061,Lincoln Parish,LA,Expanded 2015-2017,2017.0,"Rural, near a metro",2016,27.3,-16.599999999999998,16.2,32.2,10.453543504793787,40.99,2.76,12.08,10.76284807982274,4.0,34700.0,47233.0,10116.0,-8.66866828174905,-9.659300622250028,-7.6780359412480745,876.9224833817339
22063,Livingston Parish,LA,Expanded 2015-2017,2017.0,Metro,2016,29.5,-17.4,16.0,14.3,10.880271132839104,5.68,3.28,11.25,11.80311439263319,2.0,53100.0,133668.0,14998.0,-7.240215518121288,-8.466022652388721,-6.0144083838538585,1085.887523407831
22065,Madison Parish,LA,Expanded 2015-2017,2017.0,Remote rural,2016,20.1,-21.299999999999997,13.2,40.8,10.19410281896535,62.31,1.83,12.66,9.384965722135666,7.0,26700.0,11908.0,2522.0,-7.995271436727146,-8.974285603291209,-7.016257270163079,201.64074563425862
22067,Morehouse Parish,LA,Expanded 2015-2017,2017.0,"Rural, near a metro",2016,21.7,-16.900000000000002,14.4,27.6,10.273360024718905,47.37,1.22,16.39,10.20129320815876,6.0,29000.0,26938.0,5214.0,-8.619985426946272,-9.299390912891543,-7.940579941000998,449.4460401609786
22069,Natchitoches Parish,LA,Expanded 2015-2017,2017.0,"Rural, near a metro",2016,28.4,-11.0,17.8,27.7,10.467806548742118,41.21,2.07,14.56,10.574337998097462,6.0,35200.0,39118.0,7500.0,-8.474616314882246,-9.397464455820648,-7.551768173943843,635.5962236161685
22071,Orleans Parish,LA,Expanded 2015-2017,2017.0,Metro,2016,22.3,-14.2,15.5,26.6,10.497918760156915,59.82,5.41,11.85,12.844333241455566,1.0,36200.0,378637.0,76558.0,-7.087682553117977,-7.901269314698125,-6.27409579153784,5426.188009016061
22073,Ouachita Parish,LA,Expanded 2015-2017,2017.0,Metro,2016,23.4,-17.0,15.7,23.8,10.59603455302404,36.98,2.06,12.98,11.958008643172382,3.0,40000.0,156062.0,26900.0,-8.331445547401481,-9.26804640804049,-7.394844686762468,2241.1588522509983
22075,Plaquemines Parish,LA,Expanded 2015-2017,2017.0,Metro,2016,34.5,-12.0,20.2,15.4,10.84556298338401,19.61,5.93,11.57,10.065138605538023,1.0,51300.0,23509.0,2618.0,-6.718752742553444,-8.092133595137808,-5.345371889969083,175.89694680004916
22077,Pointe Coupee Parish,LA,Expanded 2015-2017,2017.0,Metro,2016,27.0,-18.4,15.6,20.2,10.64849161863629,35.39,2.24,17.68,10.018110043372825,2.0,42100.0,22429.0,2871.0,-8.523165237424,-9.51229594612554,-7.534034528722459,244.70007396644303
22079,Rapides Parish,LA,Expanded 2015-2017,2017.0,Metro,2016,27.0,-12.0,17.0,19.7,10.581800244137618,31.74,2.79,14.44,11.792993625016324,3.0,39400.0,132322.0,20466.0,-7.900857371468753,-8.509516297647263,-7.292198445290246,1616.989469644795
22081,Red River Parish,LA,Expanded 2015-2017,2017.0,"Rural, near a metro",2016,24.5,-22.0,14.5,23.5,10.48464115613515,39.52,1.47,16.75,9.100190628475195,8.0,35800.0,8957.0,1439.0,-8.737066288759669,-9.517610775760419,-7.956521801758919,125.72638389525164
22083,Richland Parish,LA,Expanded 2015-2017,2017.0,"Rural, near a metro",2016,25.9,-16.4,15.8,27.5,10.388287425477728,35.85,1.92,14.87,9.94812625415451,6.0,32500.0,20913.0,3498.0,-8.876717869036225,-9.773328477016301,-7.980107261056139,310.50759105888716
22085,Sabine Parish,LA,Expanded 2015-2017,2017.0,"Rural, near a metro",2016,30.7,-17.099999999999998,20.3,21.8,10.541756071586084,16.48,3.62,18.28,10.096625401763932,6.0,37900.0,24261.0,3273.0,-8.557187711956585,-9.20581291739338,-7.908562506519793,280.076753812339
22087,St. Bernard Parish,LA,Expanded 2015-2017,2017.0,Metro,2016,24.1,-17.1,14.6,21.9,10.614106214008078,20.69,9.59,9.32,10.678905725528868,1.0,40700.0,43430.0,8105.0,-7.099006505072205,-7.86738736106149,-6.330625649082914,575.3744772361022
22089,St. Charles Parish,LA,Expanded 2015-2017,2017.0,Metro,2016,27.9,-21.5,13.3,13.8,10.936013456076378,26.1,5.39,11.01,10.87073752300741,1.0,56200.0,52614.0,5046.0,-6.688979695386483,-8.348912946115359,-5.029046444657609,337.525915429202
22091,St. Helena Parish,LA,Expanded 2015-2017,2017.0,Metro,2016,28.8,-20.499999999999996,15.1,25.8,10.440828516957847,53.11,1.38,16.16,9.28461261635077,2.0,34200.0,10771.0,1966.0,-8.860504299147697,-9.759788554561704,-7.961220043733688,174.19751452124373
22093,St. James Parish,LA,Expanded 2015-2017,2017.0,Metro,2016,27.6,-19.699999999999996,13.4,16.2,10.786386947380556,49.14,1.49,14.48,9.98077261524567,1.0,48400.0,21607.0,2516.0,-7.816842759400362,-8.920994199271101,-6.712691319529627,196.67176382651311
22095,St. John the Baptist Parish,LA,Expanded 2015-2017,2017.0,Metro,2016,27.7,-18.3,15.0,18.5,10.766145413240787,54.48,5.22,11.9,10.682124119111489,1.0,47400.0,43570.0,5709.0,-7.806757831659115,-8.761735543943844,-6.8517801193743875,445.6878046094189
22097,St. Landry Parish,LA,Expanded 2015-2017,2017.0,"Rural, near a metro",2016,25.3,-12.400000000000002,16.0,27.1,10.427653793239193,41.22,1.82,14.43,11.331583428289774,4.0,33800.0,83415.0,15297.0,-8.323457242610417,-9.341148186780961,-7.305766298439873,1273.2392544021154
22099,St. Martin Parish,LA,Expanded 2015-2017,2017.0,Metro,2016,29.6,-16.5,17.0,19.4,10.648040521155973,30.27,2.52,12.77,10.876177521259402,2.0,42100.0,52901.0,7237.0,-8.575141734989886,-9.515721799234173,-7.63456167074561,620.583007361218
22101,St. Mary Parish,LA,Expanded 2015-2017,2017.0,"Rural, near a metro",2016,29.6,-18.1,17.9,22.3,10.586786397041259,32.08,6.32,14.03,10.888949806604913,4.0,39600.0,53581.0,8393.0,-8.321813265093157,-9.168595253160614,-7.475031277025699,698.4497873392687
22103,St. Tammany Parish,LA,Expanded 2015-2017,2017.0,Metro,2016,31.1,-21.1,16.4,11.0,11.029309608304631,11.62,5.08,14.35,12.396498771400639,1.0,61700.0,241953.0,23070.0,-7.053191667111661,-8.377208310982551,-5.729175023240776,1627.17131760266
22105,Tangipahoa Parish,LA,Expanded 2015-2017,2017.0,Metro,2016,26.2,-17.7,15.5,22.2,10.602318549564371,30.0,3.89,12.5,11.740220387406914,3.0,40200.0,125520.0,21008.0,-8.207062776129002,-9.322287751750721,-7.0918378005072755,1724.1397480091805
22107,Tensas Parish,LA,Expanded 2015-2017,2017.0,Remote rural,2016,25.8,-14.499999999999996,16.5,33.3,10.240709508047887,54.65,1.76,20.17,8.503702601233739,9.0,28000.0,4933.0,1015.0,-8.9191798347064,-9.73424868883843,-8.104110980574365,90.52967532226995
22109,Terrebonne Parish,LA,Expanded 2015-2017,2017.0,Metro,2016,34.4,-10.399999999999999,23.0,15.2,10.853522490374443,18.7,4.6,12.23,11.632546809900251,3.0,51700.0,112707.0,16079.0,-7.277363709135107,-9.266826710911435,-5.2879007073587845,1170.127310791834
22111,Union Parish,LA,Expanded 2015-2017,2017.0,Metro,2016,28.7,-17.599999999999998,15.6,24.6,10.486401252696373,25.9,4.53,18.42,10.019224051018725,3.0,35800.0,22454.0,3614.0,-8.529492197898701,-9.26067703489258,-7.798307360904815,308.2558480320591
22113,Vermilion Parish,LA,Expanded 2015-2017,2017.0,Metro,2016,30.6,-17.6,17.7,18.6,10.678997823521197,14.5,3.03,13.66,10.990094734076806,2.0,43400.0,59284.0,8498.0,-8.333248595259716,-9.402781136401062,-7.26371605411836,708.1594656251707
22115,Vernon Parish,LA,Expanded 2015-2017,2017.0,Remote rural,2016,23.1,-11.899999999999999,15.6,17.3,10.663638961876547,13.74,9.15,10.26,10.874550520257262,5.0,42800.0,52815.0,7060.0,-5.476549210531238,-6.134955790166261,-4.818142630896217,386.6443742635054
22117,Washington Parish,LA,Expanded 2015-2017,2017.0,"Rural, near a metro",2016,26.2,-16.000000000000004,16.0,25.4,10.361861316299695,30.23,2.0,16.15,10.745205588904774,6.0,31600.0,46407.0,9038.0,-8.791368098296283,-9.753758135380734,-7.828978061211845,794.563848724018
22119,Webster Parish,LA,Expanded 2015-2017,2017.0,Metro,2016,24.4,-20.6,14.8,23.7,10.48464115613515,33.71,1.75,17.84,10.613000087182337,2.0,35800.0,40660.0,6782.0,-8.578531550396708,-9.405935646836596,-7.7511274539568085,581.7960097479047
22121,West Baton Rouge Parish,LA,Expanded 2015-2017,2017.0,Metro,2016,25.3,-16.499999999999996,13.0,16.4,10.79646871497466,37.68,2.77,11.99,10.112694438111465,2.0,48800.0,24654.0,3082.0,-7.0166235004855055,-8.632632070485862,-5.400614930485151,216.25233628496326
22123,West Carroll Parish,LA,Expanded 2015-2017,2017.0,Remote rural,2016,28.1,-18.0,17.2,23.4,10.451926829595399,15.34,2.76,17.53,9.346006983397716,9.0,34600.0,11453.0,1791.0,-8.640056626361488,-9.573033491741096,-7.70707976098188,154.74341417813426
22125,West Feliciana Parish,LA,Expanded 2015-2017,2017.0,Metro,2016,25.2,-17.400000000000002,13.1,24.4,10.870965573179436,45.56,1.53,12.29,9.64614067988042,2.0,52600.0,15462.0,1065.0,-7.195476672174626,-8.329204841705057,-6.061748502644193,76.63182655865977
22127,Winn Parish,LA,Expanded 2015-2017,2017.0,"Rural, near a metro",2016,26.8,-15.599999999999998,15.5,27.3,10.482177411118249,30.44,1.72,16.16,9.605687801896062,6.0,35700.0,14849.0,2174.0,-8.803802751792563,-9.710094015853878,-7.897511487731243,191.39467182397033
23001,Androscoggin County,ME,Expanded 2019-2022,2019.0,Metro,2018,19.1,0.10000000000000142,14.0,16.5,10.694147031910097,3.69,1.69,15.42,11.582666056844605,3.0,44100.0,107223.0,12093.0,-3.918471810388718,-4.702013276252695,-3.134930344524744,473.8607960303077
23003,Aroostook County,ME,Expanded 2019-2022,2019.0,Remote rural,2018,23.7,0.8000000000000007,17.0,16.4,10.521156591920116,0.74,1.04,20.68,11.15716438904118,7.0,37100.0,70064.0,8945.0,-4.413685867689845,-4.704343093856795,-4.123028641522897,394.8042008648567
23005,Cumberland County,ME,Expanded 2019-2022,2019.0,Metro,2018,21.8,-2.1999999999999993,14.2,12.1,10.915452034478566,2.72,1.87,15.81,12.562126896879109,2.0,55000.0,285537.0,22883.0,-4.033098157827264,-4.48992298140549,-3.576273334249038,922.8938514556128
23007,Franklin County,ME,Expanded 2019-2022,2019.0,"Rural, near a metro",2018,21.1,-0.5,14.2,15.5,10.625076406727377,0.42,1.3,18.65,10.324727579759655,6.0,41200.0,30477.0,3541.0,-3.5466702475839926,-3.875406424568134,-3.2179340705998514,125.58759346694917
23009,Hancock County,ME,Expanded 2019-2022,2019.0,"Rural, near a metro",2018,24.3,-0.6999999999999993,16.4,14.3,10.702412661625024,0.56,1.22,20.76,10.9071662571455,6.0,44500.0,54566.0,5157.0,-4.153896182878624,-4.649551556545009,-3.6582408092122374,214.21642615105065
23011,Kennebec County,ME,Expanded 2019-2022,2019.0,"Rural, near a metro",2018,18.4,-0.40000000000000213,12.8,14.8,10.7177677069941,0.57,1.37,17.16,11.704693925589194,4.0,45200.0,121139.0,13176.0,-2.261529925639705,-2.9317980529963035,-1.591261798283106,297.9791830022875
23013,Knox County,ME,Expanded 2019-2022,2019.0,Remote rural,2018,22.7,-2.3000000000000007,15.7,14.1,10.786262865072466,0.6,1.2,21.67,10.588879740723007,7.0,48400.0,39691.0,3454.0,-4.1114601226568315,-4.603422775792589,-3.619497469521072,142.00983263656695
23015,Lincoln County,ME,Expanded 2019-2022,2019.0,"Rural, near a metro",2018,26.5,-0.3000000000000007,17.7,13.3,10.79769626126408,0.43,0.96,24.39,10.436671358912786,8.0,48900.0,34087.0,3129.0,-4.553878357052927,-5.152838302998142,-3.954918411107715,142.49085379218607
23017,Oxford County,ME,Expanded 2019-2022,2019.0,"Rural, near a metro",2018,21.1,-0.6999999999999993,15.2,15.0,10.569571813546384,0.38,1.14,18.89,10.957747316133442,6.0,38900.0,57397.0,7516.0,-3.8767317814623774,-4.262319110798552,-3.491144452126202,291.3751606947123
23019,Penobscot County,ME,Expanded 2019-2022,2019.0,Metro,2018,21.1,-1.5999999999999979,15.8,15.9,10.683156406867319,0.81,1.21,15.8,11.939643129111845,3.0,43600.0,153222.0,18664.0,-4.273492933834175,-4.553825252873558,-3.9931606147947925,797.6047211708105
23021,Piscataquis County,ME,Expanded 2019-2022,2019.0,"Rural, near a metro",2018,21.4,-0.20000000000000284,14.7,17.6,10.506518541152964,0.45,1.12,22.95,9.751093661983862,8.0,36600.0,17173.0,2365.0,-3.7524843903310283,-4.122556095219295,-3.3824126854427607,88.74625583132882
23023,Sagadahoc County,ME,Expanded 2019-2022,2019.0,Metro,2018,20.9,1.0,12.9,12.1,10.864350039781693,0.72,1.42,18.75,10.463703160543519,2.0,52300.0,35021.0,2829.0,-2.1363375626112218,-2.609259737544012,-1.6634153876784326,60.43698964627146
23025,Somerset County,ME,Expanded 2019-2022,2019.0,"Rural, near a metro",2018,21.2,-0.40000000000000213,14.6,17.8,10.552656721923686,0.39,0.93,18.25,10.853174375028711,6.0,38300.0,51698.0,6846.0,-3.811761178234833,-4.247029231841887,-3.376493124627778,260.95317026195664
23027,Waldo County,ME,Expanded 2019-2022,2019.0,"Rural, near a metro",2018,22.4,-2.3000000000000007,14.7,16.8,10.673665216265492,0.41,1.1,18.63,10.571957745383633,6.0,43200.0,39025.0,4583.0,-3.858576900177461,-4.211807361077395,-3.5053464392775266,176.83857933513303
23029,Washington County,ME,Expanded 2019-2022,2019.0,Remote rural,2018,26.1,-0.5999999999999979,19.9,18.8,10.484417429975034,0.52,1.87,21.36,10.3815833516792,7.0,35800.0,32260.0,4353.0,-5.371969043224651,-5.958235302870641,-4.7857027835786585,233.8418124515691
23031,York County,ME,Expanded 2019-2022,2019.0,Metro,2018,20.3,-2.8999999999999986,13.8,10.0,10.918047717665434,0.65,1.51,17.39,12.203213562243967,2.0,55200.0,199429.0,14963.0,-3.2902219723144506,-3.8871783963756243,-2.6932655482532764,492.31591371741126
24001,Allegany County,MD,Expanded 2014,2014.0,Metro,2013,20.4,-2.8000000000000007,14.8,18.6,10.596484721844948,7.87,1.67,18.94,11.206074164582533,3.0,40000.0,73576.0,9916.0,-5.311145954378836,-5.901840688916439,-4.720451219841222,526.6532328362053
24003,Anne Arundel County,MD,Expanded 2014,2014.0,Metro,2013,28.0,-6.799999999999997,17.3,7.3,11.35843306009495,15.64,6.77,13.11,13.227474461956803,1.0,85700.0,555417.0,31173.0,-4.770369889031227,-5.456016733564637,-4.084723044497812,1487.0674055077045
24005,Baltimore County,MD,Expanded 2014,2014.0,Metro,2013,29.1,-3.299999999999997,19.7,9.5,11.076341137803194,26.78,4.7,15.44,13.619828951828437,1.0,64600.0,822274.0,66310.0,-4.844721727039595,-5.574524667135573,-4.114918786943618,3212.534977199955
24009,Calvert County,MD,Expanded 2014,2014.0,Metro,2013,28.8,-4.699999999999999,15.4,6.9,11.429467766179897,12.88,3.27,12.55,11.41248615363147,1.0,92000.0,90444.0,4705.0,-5.606340384986051,-6.606793846684137,-4.605886923287964,263.7783151135937
24011,Caroline County,MD,Expanded 2014,2014.0,"Rural, near a metro",2013,27.8,-6.300000000000001,19.8,16.7,10.736722709272957,13.86,6.01,14.93,10.393355081710641,6.0,46000.0,32642.0,4176.0,-5.701408451298609,-6.952042789843913,-4.4507741127533045,238.0908169262299
24013,Carroll County,MD,Expanded 2014,2014.0,Metro,2013,28.4,-5.200000000000003,16.1,6.8,11.315364374116752,3.28,2.87,14.76,12.02704764910537,1.0,82100.0,167217.0,8276.0,-5.195491809401169,-5.9266710333334,-4.464312585468938,429.97890214604075
24015,Cecil County,MD,Expanded 2014,2014.0,Metro,2013,24.5,-2.1999999999999993,16.6,9.8,11.080294688789294,6.01,3.78,13.36,11.531619635017343,1.0,64900.0,101887.0,9536.0,-5.345755694399922,-6.448903395717547,-4.242607993082298,509.7712630179766
24017,Charles County,MD,Expanded 2014,2014.0,Metro,2013,26.9,-6.800000000000004,15.9,8.0,11.380273685372714,42.15,4.89,10.64,11.935870242959037,1.0,87600.0,152645.0,9423.0,-5.80184521586454,-6.568894399852662,-5.034796031876408,546.7078746909156
24019,Dorchester County,MD,Expanded 2014,2014.0,"Rural, near a metro",2013,24.4,-0.8000000000000007,18.0,17.7,10.658247102223596,27.44,4.2,19.28,10.390686245670963,6.0,42500.0,32555.0,4688.0,-5.772048630309099,-6.854404029794793,-4.689693230823405,270.5936397888906
24021,Frederick County,MD,Expanded 2014,2014.0,Metro,2013,30.9,-3.5,18.0,6.9,11.332470165633982,8.63,7.96,12.57,12.393087338976605,1.0,83500.0,241129.0,13344.0,-4.907394876205629,-5.837645015019374,-3.9771447373918924,654.8427722808792
24023,Garrett County,MD,Expanded 2014,2014.0,"Rural, near a metro",2013,24.4,-6.700000000000003,16.9,15.9,10.701084834452537,0.93,0.88,19.3,10.307785312892285,6.0,44400.0,29965.0,3817.0,-4.60868218260893,-5.166381143801264,-4.050983221416596,175.91339891018285
24025,Harford County,MD,Expanded 2014,2014.0,Metro,2013,25.8,-6.400000000000002,14.8,7.4,11.257426579762374,12.64,3.91,14.02,12.424766310770753,1.0,77500.0,248890.0,15078.0,-4.869515898783082,-5.644416550159064,-4.09461524740711,734.2256072185132
24027,Howard County,MD,Expanded 2014,2014.0,Metro,2013,35.1,-6.100000000000001,18.7,5.3,11.594533101349988,17.65,6.21,11.66,12.623225847633528,1.0,108500.0,303527.0,11728.0,-5.608362893052753,-6.472691416274076,-4.744034369831432,657.7488000972269
24029,Kent County,MD,Expanded 2014,2014.0,"Rural, near a metro",2013,29.2,-3.599999999999998,19.6,14.9,10.92764565527929,14.77,4.18,24.13,9.894244971169195,6.0,55700.0,19816.0,1956.0,-6.098076870875512,-6.799723746890072,-5.396429994860955,119.27838359432502
24031,Montgomery County,MD,Expanded 2014,2014.0,Metro,2013,41.8,-5.600000000000001,27.0,7.0,11.491425998856991,17.38,18.25,13.26,13.830568614229696,1.0,97900.0,1015172.0,61706.0,-5.836334371591102,-7.881859430591768,-3.790809312590436,3601.3684873340053
24033,Prince George's County,MD,Expanded 2014,2014.0,Metro,2013,39.5,-4.5,28.4,9.9,11.179994949045279,63.2,16.13,10.84,13.6997157943843,1.0,71700.0,890658.0,81430.0,-5.346887182534784,-7.155566918885602,-3.5382074461839625,4353.9702327380755
24035,Queen Anne's County,MD,Expanded 2014,2014.0,Metro,2013,29.9,-5.0,18.1,8.4,11.291567817979125,6.52,3.33,16.81,10.789669530973297,1.0,80100.0,48517.0,2973.0,-5.806331686920318,-6.446047160638685,-5.166616213201954,172.62224105214105
24037,St. Mary's County,MD,Expanded 2014,2014.0,Metro,2013,24.6,-5.299999999999997,16.4,8.2,11.267970770641904,13.86,4.43,11.36,11.601156098364587,3.0,78300.0,109224.0,7615.0,-5.593017039495559,-6.647359496520347,-4.538674582470768,425.9082475575869
24039,Somerset County,MD,Expanded 2014,2014.0,Metro,2013,25.1,-1.1999999999999993,19.0,28.5,10.494214335496604,41.68,3.63,14.71,10.164273649274849,2.0,36100.0,25959.0,4115.0,-6.172362410011877,-7.185290448211353,-5.159434371812402,253.99271317198873
24041,Talbot County,MD,Expanded 2014,2014.0,"Rural, near a metro",2013,29.9,-6.899999999999999,20.5,10.9,10.959974914903567,12.51,5.91,25.97,10.542600844603587,6.0,57500.0,37896.0,2898.0,-5.77839601283553,-6.411089663010286,-5.145702362660773,167.45791645197366
24043,Washington County,MD,Expanded 2014,2014.0,Metro,2013,23.3,-3.599999999999998,17.0,12.0,10.926711562628427,10.2,3.91,15.3,11.911607620781561,2.0,55600.0,148986.0,15333.0,-5.02873376545757,-6.19116660472697,-3.866300926188171,771.0557482576093
24045,Wicomico County,MD,Expanded 2014,2014.0,Metro,2013,27.6,-3.099999999999998,20.8,16.5,10.76924259770239,24.87,4.71,14.06,11.521389543382357,2.0,47500.0,100850.0,15297.0,-5.895452461652395,-7.4242920657220575,-4.366612857582733,901.8273630589669
24047,Worcester County,MD,Expanded 2014,2014.0,Metro,2013,30.0,-5.0,19.9,13.1,10.864292653716927,13.65,3.24,25.18,10.85032688789905,2.0,52300.0,51551.0,5494.0,-5.786292492306316,-6.259389279351867,-5.31319570526076,317.898909527309
24510,Baltimore city,MD,Expanded 2014,2014.0,Metro,2013,20.0,-5.5,18.3,22.7,10.645139142155688,63.05,4.57,12.18,13.341323791587529,1.0,42000.0,622391.0,121714.0,-4.856091570515912,-5.5363119664163545,-4.175871174615468,5910.543294137738
26001,Alcona County,MI,Expanded 2014,2014.0,Remote rural,2013,39.6,-0.19999999999999574,19.9,16.4,10.50050922099869,0.2,1.41,34.06,9.264260213965613,9.0,36300.0,10554.0,1371.0,-10.880800363075378,-11.979568939282512,-9.782031786868238,149.17577297776344
26003,Alger County,MI,Expanded 2014,2014.0,Remote rural,2013,35.5,-1.7000000000000028,18.4,15.8,10.566716616308788,6.75,1.25,22.5,9.152499372286332,7.0,38800.0,9438.0,1150.0,-7.857965914181986,-8.847968139829291,-6.867963688534682,90.36660801309283
26005,Allegan County,MI,Expanded 2014,2014.0,"Rural, near a metro",2013,35.8,-3.9000000000000057,17.0,13.3,10.92005791420062,1.22,7.07,14.34,11.626334504191627,4.0,55300.0,112009.0,13239.0,-6.256974357405599,-7.3178220849224225,-5.196126629888775,828.3608351769273
26007,Alpena County,MI,Expanded 2014,2014.0,Remote rural,2013,30.1,-3.0,15.8,17.9,10.565763069428986,0.35,1.31,20.86,10.273567249973496,7.0,38800.0,28957.0,4527.0,-4.564561306492186,-4.817996154362277,-4.311126458622095,206.63769034490124
26009,Antrim County,MI,Expanded 2014,2014.0,Remote rural,2013,35.7,-5.699999999999996,18.9,14.0,10.755559712083633,0.17,1.92,24.51,10.048583072153967,9.0,46900.0,23123.0,3062.0,-7.1512683171367115,-7.616635293650161,-6.685901340623266,218.9718358707261
26011,Arenac County,MI,Expanded 2014,2014.0,"Rural, near a metro",2013,32.7,-7.0,17.3,18.2,10.5506169722625,0.32,1.86,21.98,9.64296658814672,8.0,38200.0,15413.0,2523.0,-5.210309209656344,-5.568940026626393,-4.851678392686296,131.45610135962957
26013,Baraga County,MI,Expanded 2014,2014.0,Remote rural,2013,33.6,-4.5,19.3,16.6,10.606634567674407,7.43,1.4,18.78,9.073145132798338,9.0,40400.0,8718.0,1083.0,-6.504921982868291,-7.141921727459916,-5.867922238276666,70.44830507446359
26015,Barry County,MI,Expanded 2014,2014.0,Metro,2013,33.2,-2.5,15.3,11.2,10.840364918018672,0.44,2.43,16.44,10.98681698433972,2.0,51000.0,59090.0,5979.0,-4.735391362476366,-5.655878001257948,-3.814904723694783,283.12904956246194
26017,Bay County,MI,Expanded 2014,2014.0,Metro,2013,30.2,-4.699999999999999,16.0,16.9,10.652660561358601,1.52,4.96,17.65,11.578657024154808,3.0,42300.0,106794.0,14278.0,-5.0905354920585,-5.776228778945835,-4.404842205171166,726.8266575561125
26019,Benzie County,MI,Expanded 2014,2014.0,Remote rural,2013,35.3,-6.400000000000006,18.1,13.1,10.672321814942407,0.47,2.13,23.39,9.761232504955258,9.0,43100.0,17348.0,2215.0,-6.548009710948475,-7.206243302914468,-5.8897761189824775,145.0384150975087
26021,Berrien County,MI,Expanded 2014,2014.0,Metro,2013,34.0,-2.0,19.5,16.9,10.698536775122504,15.15,5.01,17.52,11.958437867596077,3.0,44300.0,156129.0,22195.0,-5.889699733642323,-6.509114531841996,-5.2702849354426435,1307.2188558819137
26023,Branch County,MI,Expanded 2014,2014.0,"Rural, near a metro",2013,32.2,-2.3999999999999986,17.3,16.9,10.69073964139788,1.95,4.27,16.28,10.68251421973945,6.0,43900.0,43587.0,6317.0,-5.317404013580974,-6.091966191891904,-4.542841835270041,335.90041153791014
26025,Calhoun County,MI,Expanded 2014,2014.0,Metro,2013,30.2,-6.5000000000000036,16.5,18.7,10.699710139880182,10.73,4.76,15.74,11.811183909893986,3.0,44300.0,134751.0,20385.0,-4.999858283475916,-5.726239716329216,-4.273476850622616,1019.2211110865655
26027,Cass County,MI,Expanded 2014,2014.0,Metro,2013,33.4,-7.300000000000004,18.7,17.2,10.666044184468241,5.3,3.32,18.2,10.850986211534476,2.0,42900.0,51585.0,6818.0,-5.98153118267868,-6.63918560374234,-5.323876761615012,407.82079603503234
26029,Charlevoix County,MI,Expanded 2014,2014.0,Remote rural,2013,33.9,-0.30000000000000426,17.3,14.9,10.728298758274772,0.42,1.69,20.83,10.175497455593613,7.0,45600.0,26252.0,3257.0,-5.328949474515112,-6.419458915000253,-4.238440034029968,173.5638843849572
26031,Cheboygan County,MI,Expanded 2014,2014.0,Remote rural,2013,34.2,-3.799999999999997,20.5,18.7,10.543998432015464,0.57,1.19,23.8,10.149292386393418,7.0,37900.0,25573.0,4033.0,-7.316220982779034,-7.9426992960867935,-6.689742669471276,295.0631922354784
26033,Chippewa County,MI,Expanded 2014,2014.0,Remote rural,2013,32.6,-0.3999999999999986,21.3,16.6,10.723619744850563,6.69,1.6,15.67,10.560204123979984,7.0,45400.0,38569.0,5398.0,-6.277224474613898,-7.310501245937517,-5.243947703290279,338.8445771396582
26035,Clare County,MI,Expanded 2014,2014.0,"Rural, near a metro",2013,28.4,-3.5,16.1,24.1,10.422430144404066,0.62,1.72,21.36,10.328755287940472,6.0,33600.0,30600.0,6006.0,-4.534195861763515,-4.819898115872219,-4.2484936076548045,272.3238034575167
26037,Clinton County,MI,Expanded 2014,2014.0,Metro,2013,30.9,1.1999999999999993,14.1,9.8,11.030573912943494,1.74,4.3,14.34,11.249077099769845,2.0,61700.0,76809.0,7714.0,-3.978048234543442,-4.935773451354847,-3.0203230177320353,306.8666408126811
26039,Crawford County,MI,Expanded 2014,2014.0,Remote rural,2013,31.0,-3.200000000000003,15.5,17.6,10.535477156784617,0.53,1.73,22.92,9.53798807237101,7.0,37600.0,13877.0,2171.0,-4.656788303632629,-4.903878256716422,-4.409698350548832,101.09887407186437
26041,Delta County,MI,Expanded 2014,2014.0,Remote rural,2013,29.3,-5.4999999999999964,15.9,16.1,10.62830295942287,0.28,1.04,20.6,10.513225949874762,5.0,41300.0,36799.0,5181.0,-4.492241266723162,-4.949159834618746,-4.035322698827575,232.74302002892702
26043,Dickinson County,MI,Expanded 2014,2014.0,Remote rural,2013,32.4,-2.5,14.8,15.3,10.675676940436027,0.45,1.31,19.92,10.166428573724405,7.0,43300.0,26015.0,3210.0,-4.420003670564734,-4.898281019351981,-3.941726321777486,141.88211782512795
26045,Eaton County,MI,Expanded 2014,2014.0,Metro,2013,30.0,-2.3999999999999986,14.1,11.5,10.892359377191038,6.65,5.09,15.74,11.592327967756342,2.0,53800.0,108264.0,11281.0,-4.542138879842969,-5.19872910506335,-3.8855486546225877,512.3986870350853
26047,Emmet County,MI,Expanded 2014,2014.0,Remote rural,2013,32.5,-5.600000000000001,18.8,11.3,10.787234431334253,0.56,1.48,18.55,10.402625136506927,7.0,48400.0,32946.0,3941.0,-5.678506433886547,-6.234006852477241,-5.1230060152958545,223.7899385594688
26049,Genesee County,MI,Expanded 2014,2014.0,Metro,2013,24.1,-3.0,15.1,21.7,10.630867063391808,20.47,3.2,15.23,12.937572374035481,2.0,41400.0,415639.0,68289.0,-5.056796097652373,-6.09396040308913,-4.019631792215605,3453.2354871258285
26051,Gladwin County,MI,Expanded 2014,2014.0,"Rural, near a metro",2013,34.0,-5.299999999999997,17.0,21.0,10.464502361385257,0.36,1.32,24.47,10.148979507514099,6.0,35000.0,25565.0,4062.0,-5.580629363232933,-6.2948193359021465,-4.866439390563717,226.68516473452172
26053,Gogebic County,MI,Expanded 2014,2014.0,Remote rural,2013,30.7,-6.400000000000002,16.4,23.0,10.42462977670407,4.38,1.16,22.67,9.67457740632758,7.0,33700.0,15908.0,2333.0,-4.906604835418469,-5.3017573422556294,-4.511452328581311,114.47109081031289
26055,Grand Traverse County,MI,Expanded 2014,2014.0,Remote rural,2013,30.2,-3.6999999999999993,16.8,11.6,10.834765414218532,1.2,2.54,16.58,11.408664344755703,5.0,50800.0,90099.0,10441.0,-5.098278637065913,-6.066024504256316,-4.130532769875509,532.3112724960521
26057,Gratiot County,MI,Expanded 2014,2014.0,"Rural, near a metro",2013,28.9,-3.6000000000000014,14.5,19.5,10.646043753353617,5.81,5.67,15.64,10.643780689153017,6.0,42000.0,41931.0,5479.0,-4.797093105618615,-5.565586841886292,-4.028599369350939,262.8327312568439
26059,Hillsdale County,MI,Expanded 2014,2014.0,"Rural, near a metro",2013,32.7,-2.1999999999999957,16.9,18.2,10.605668802725944,0.56,2.11,17.1,10.739240454183802,6.0,40400.0,46131.0,7221.0,-5.3199523453315285,-5.665442005307742,-4.974462685355316,384.1537588563897
26061,Houghton County,MI,Expanded 2014,2014.0,Remote rural,2013,29.7,-0.6999999999999993,16.7,21.9,10.517239732281821,0.8,1.46,15.61,10.509877869169792,5.0,36900.0,36676.0,6963.0,-4.736739259719885,-5.219469244631526,-4.25400927480824,329.8191546542956
26063,Huron County,MI,Expanded 2014,2014.0,Remote rural,2013,33.2,-1.2999999999999972,17.5,15.7,10.622399940982099,0.45,2.17,22.78,10.38145935143104,7.0,41000.0,32256.0,4124.0,-5.4895732711835805,-6.237652083266187,-4.7414944591009744,226.39000170361086
26065,Ingham County,MI,Expanded 2014,2014.0,Metro,2013,23.8,-1.8999999999999986,15.4,22.4,10.713950993163014,11.37,7.52,11.62,12.557127325331116,2.0,45000.0,284113.0,54122.0,-3.936500170317824,-5.19017467222434,-2.6828256684113105,2130.5126221794126
26067,Ionia County,MI,Expanded 2014,2014.0,"Rural, near a metro",2013,27.4,-4.300000000000001,14.4,13.3,10.800534301043522,4.71,4.6,12.66,11.066497727453186,4.0,49000.0,63991.0,7884.0,-4.844445067513744,-5.259243891436214,-4.4296462435912725,381.93604912278363
26069,Iosco County,MI,Expanded 2014,2014.0,Remote rural,2013,32.3,-2.0,16.6,19.9,10.494131243361226,0.53,1.96,27.6,10.14356688055654,7.0,36100.0,25427.0,4035.0,-5.180223077147591,-5.672588221572281,-4.6878579327229,209.02200116290533
26071,Iron County,MI,Expanded 2014,2014.0,Remote rural,2013,30.6,-5.799999999999997,15.7,15.2,10.454437327386273,0.29,1.59,27.84,9.350102314351341,7.0,34700.0,11500.0,1509.0,-4.64001020245868,-4.978437307223572,-4.301583097693794,70.01775395510148
26073,Isabella County,MI,Expanded 2014,2014.0,"Rural, near a metro",2013,24.7,-0.6000000000000014,16.8,28.8,10.596409707779776,2.45,3.68,10.59,11.159445411928015,4.0,40000.0,70224.0,18125.0,-4.9885979106835805,-5.646396456474271,-4.330799364892895,904.183371311399
26075,Jackson County,MI,Expanded 2014,2014.0,Metro,2013,28.5,-6.0,15.9,18.9,10.714462212209277,7.98,3.25,15.45,11.980601387206786,3.0,45000.0,159628.0,21317.0,-4.828128190260807,-5.590086951561785,-4.066169428959828,1029.2120863178961
26077,Kalamazoo County,MI,Expanded 2014,2014.0,Metro,2013,28.8,0.0,16.4,17.7,10.746024095821621,10.89,4.5,13.1,12.458040749007779,2.0,46400.0,257311.0,44053.0,-4.85512818407877,-5.949322713870691,-3.7609336542868537,2138.8296189322205
26079,Kalkaska County,MI,Expanded 2014,2014.0,Remote rural,2013,33.6,-3.299999999999997,17.2,17.9,10.578190682516476,0.44,1.65,18.44,9.757883578677337,7.0,39300.0,17290.0,2810.0,-5.59163484036032,-5.981916952226106,-5.201352728494534,157.12493901412498
26081,Kent County,MI,Expanded 2014,2014.0,Metro,2013,31.4,-5.100000000000001,16.7,14.8,10.858941303591607,9.58,10.06,11.9,13.344391106420318,2.0,52000.0,624303.0,83929.0,-3.9525521839187223,-5.371366027275167,-2.5337383405622766,3317.3375224411443
26083,Keweenaw County,MI,Expanded 2014,2014.0,Remote rural,2013,38.1,-4.699999999999996,15.6,14.0,10.524843306446932,0.19,0.93,28.76,7.669495251007694,9.0,37200.0,2142.0,231.0,-8.17291209665016,-9.584960574829138,-6.760863618471183,18.87942694326187
26085,Lake County,MI,Expanded 2014,2014.0,Remote rural,2013,29.8,-6.599999999999998,17.6,31.0,10.330583680770587,8.54,2.4,25.93,9.341017695617799,9.0,30700.0,11396.0,2229.0,-5.4726552978889265,-6.1190243078149,-4.826286287962951,121.98548658994417
26087,Lapeer County,MI,Expanded 2014,2014.0,Metro,2013,33.2,-7.899999999999999,15.7,11.1,10.88754907612852,1.07,4.45,15.27,11.388393456142506,1.0,53500.0,88291.0,9591.0,-5.15455056436767,-5.675973614617998,-4.633127514117339,494.37294462850326
26089,Leelanau County,MI,Expanded 2014,2014.0,Remote rural,2013,39.6,-7.600000000000001,21.8,10.2,10.939071290598266,0.41,4.0,26.47,9.974784434418162,9.0,56300.0,21478.0,1905.0,-9.166781602983813,-9.853000438857492,-8.48056276711014,174.62718953684163
26091,Lenawee County,MI,Expanded 2014,2014.0,"Rural, near a metro",2013,32.7,-6.199999999999996,16.4,16.0,10.7513495394883,2.48,7.62,16.29,11.501075531012992,4.0,46700.0,98822.0,11994.0,-5.152612933316374,-5.825031090614263,-4.480194776018489,618.0043952219659
26093,Livingston County,MI,Expanded 2014,2014.0,Metro,2013,35.9,-2.3000000000000043,14.8,6.4,11.1714909365192,0.5,2.11,13.92,12.123804546843193,1.0,71100.0,184205.0,11862.0,-5.526520770568486,-6.273968389976149,-4.779073151160821,655.5558938048338
26095,Luce County,MI,Expanded 2014,2014.0,Remote rural,2013,30.9,-8.0,17.2,23.4,10.552787333315797,11.41,1.37,19.3,8.780018887869153,7.0,38300.0,6503.0,731.0,-5.406794965733023,-5.8189684074517505,-4.994621524014297,39.5236711995084
26097,Mackinac County,MI,Expanded 2014,2014.0,Remote rural,2013,36.2,-7.399999999999999,23.4,14.6,10.567180175420875,1.32,1.38,24.33,9.306286713023391,7.0,38800.0,11007.0,1636.0,-8.715313114657853,-9.465334263025332,-7.965291966290371,142.58252255580248
26099,Macomb County,MI,Expanded 2014,2014.0,Metro,2013,34.0,-4.5,17.7,13.4,10.877178891141387,10.26,2.4,15.19,13.661321544068942,1.0,53000.0,857110.0,95555.0,-5.236164337967602,-6.43185983844785,-4.040468837487355,5003.416833144942
26101,Manistee County,MI,Expanded 2014,2014.0,Remote rural,2013,33.1,-3.1000000000000014,18.6,17.9,10.627600312352953,3.25,2.79,22.43,10.10565258546514,7.0,41300.0,24481.0,3295.0,-6.240162190298014,-6.921814993106916,-5.558509387489112,205.61334417031958
26103,Marquette County,MI,Expanded 2014,2014.0,Remote rural,2013,29.4,0.0,15.7,15.4,10.71818842864865,1.61,1.31,16.02,11.123919164525333,5.0,45200.0,67773.0,9446.0,-4.380765319568782,-4.809675852801417,-3.951854786336146,413.80709208646715
26105,Mason County,MI,Expanded 2014,2014.0,Remote rural,2013,31.0,-4.5,17.4,15.7,10.607525215927247,0.7,4.25,20.74,10.26353679711381,7.0,40400.0,28668.0,4236.0,-5.23061364103485,-5.617469670322891,-4.843757611746807,221.56879383423626
26107,Mecosta County,MI,Expanded 2014,2014.0,"Rural, near a metro",2013,26.1,-8.799999999999997,15.8,23.6,10.590717259332036,2.74,2.04,16.38,10.67498369950705,6.0,39800.0,43260.0,8255.0,-4.999971730403877,-5.532173505531304,-4.467769955276449,412.74766634484007
26109,Menominee County,MI,Expanded 2014,2014.0,Remote rural,2013,32.2,-2.8999999999999986,16.9,16.2,10.618053700469373,0.36,1.61,20.91,10.074284623478128,7.0,40900.0,23725.0,3054.0,-5.008578676243661,-5.198323161501759,-4.818834190985563,152.9619927724814
26111,Midland County,MI,Expanded 2014,2014.0,Metro,2013,32.1,-3.299999999999997,14.0,14.7,10.87817925928476,1.24,2.42,15.83,11.33440866091614,3.0,53000.0,83651.0,9527.0,-4.229593376255809,-5.105470117712713,-3.3537166347989076,402.95336095589096
26113,Missaukee County,MI,Expanded 2014,2014.0,Remote rural,2013,31.4,-5.600000000000001,17.5,15.6,10.602268831713166,0.39,2.54,18.45,9.619664690410067,9.0,40200.0,15058.0,2329.0,-5.188637463993544,-5.609077569666078,-4.768197358321012,120.84336653640963
26115,Monroe County,MI,Expanded 2014,2014.0,Metro,2013,30.8,-1.9999999999999964,14.7,12.5,10.928542999201673,2.14,3.33,15.11,11.919316810654566,3.0,55700.0,150139.0,15936.0,-4.569562027354796,-5.208431522472795,-3.9306925322367987,728.2054046792604
26117,Montcalm County,MI,Expanded 2014,2014.0,Metro,2013,29.4,-7.399999999999999,15.8,18.8,10.616192232311604,2.26,3.26,15.57,11.047614806490646,2.0,40800.0,62794.0,9657.0,-4.9957570843389725,-5.367769108196412,-4.623745060481533,482.44026163461456
26119,Montmorency County,MI,Expanded 2014,2014.0,Remote rural,2013,33.6,-4.600000000000001,17.4,20.4,10.42649863116592,0.25,1.18,29.25,9.146121799649531,9.0,33700.0,9378.0,1501.0,-5.616318090003953,-6.400645263979157,-4.831990916028751,84.30093453095934
26121,Muskegon County,MI,Expanded 2014,2014.0,Metro,2013,26.7,-6.599999999999998,15.3,20.4,10.634797194190423,14.23,5.19,14.67,12.056835706812496,3.0,41600.0,172273.0,28105.0,-4.93711745352424,-5.7779840620345,-4.096250845013984,1387.5768603129877
26123,Newaygo County,MI,Expanded 2014,2014.0,"Rural, near a metro",2013,32.6,-6.299999999999997,17.2,17.2,10.67447501721441,1.03,5.8,17.06,10.776223392258185,6.0,43200.0,47869.0,7256.0,-5.2733955384775415,-5.752753163324983,-4.7940379136301,382.6375802719304
26125,Oakland County,MI,Expanded 2014,2014.0,Metro,2013,34.0,-6.600000000000001,18.0,10.2,11.116633157794398,14.08,3.7,14.57,14.026960403630216,1.0,67300.0,1235468.0,110035.0,-5.25816749078931,-6.2844966467222525,-4.231838334856377,5785.824598490017
26127,Oceana County,MI,Expanded 2014,2014.0,"Rural, near a metro",2013,36.4,-6.0,20.3,18.3,10.672066828211927,0.54,14.32,18.8,10.177248169646864,6.0,43100.0,26298.0,4279.0,-7.787897968475835,-8.813214556185748,-6.76258138076592,333.24415407108097
26129,Ogemaw County,MI,Expanded 2014,2014.0,Remote rural,2013,29.1,-7.199999999999996,16.8,22.2,10.456740281942015,0.24,1.72,23.46,9.959867885972235,9.0,34800.0,21160.0,3798.0,-4.679649381777263,-4.996538467057993,-4.362760296496532,177.73308351990045
26131,Ontonagon County,MI,Expanded 2014,2014.0,Remote rural,2013,36.6,-4.0,16.6,16.4,10.407771828258696,0.19,1.12,30.64,8.751632702472298,9.0,33100.0,6321.0,861.0,-7.06521455527712,-8.756794525127741,-5.3736345854265,60.83149732093601
26133,Osceola County,MI,Expanded 2014,2014.0,Remote rural,2013,30.3,-4.699999999999999,15.5,22.4,10.555995013629378,0.74,1.59,18.67,10.057152400080279,9.0,38400.0,23322.0,3940.0,-4.57079181583854,-4.7879494482064375,-4.353634183470645,180.08919754403846
26135,Oscoda County,MI,Expanded 2014,2014.0,Remote rural,2013,33.9,-7.100000000000001,19.1,19.9,10.344770153509685,0.23,1.16,25.61,9.032289682032873,9.0,31100.0,8369.0,1475.0,-6.65991351103463,-7.452730721548496,-5.867096300520764,98.2337242877608
26137,Otsego County,MI,Expanded 2014,2014.0,Remote rural,2013,32.1,-5.100000000000001,16.5,13.6,10.758243248292487,0.41,1.49,18.71,10.089053839494971,7.0,47000.0,24078.0,3094.0,-4.936780314889174,-5.381078417277858,-4.49248221250049,152.74398294267104
26139,Ottawa County,MI,Expanded 2014,2014.0,Metro,2013,32.3,-1.8000000000000043,15.5,11.3,10.968094835901553,1.45,9.3,12.89,12.522287508616664,2.0,58000.0,274385.0,28056.0,-4.321946709523212,-5.047762965431981,-3.596130453614447,1212.5653688238326
26141,Presque Isle County,MI,Expanded 2014,2014.0,Remote rural,2013,37.1,-3.5,17.8,15.6,10.562250306234242,0.51,1.08,27.91,9.47347357150655,7.0,38600.0,13010.0,1665.0,-8.38086858300496,-9.683224257030123,-7.078512908979794,139.54146190703258
26143,Roscommon County,MI,Expanded 2014,2014.0,Remote rural,2013,29.8,-7.4999999999999964,16.5,22.2,10.363756452684967,0.43,1.46,29.74,10.086766983755195,7.0,31700.0,24023.0,4167.0,-4.622783128059969,-4.930873971140196,-4.314692284979749,192.6313729462589
26145,Saginaw County,MI,Expanded 2014,2014.0,Metro,2013,26.7,-6.900000000000002,15.2,18.7,10.633689641047084,18.54,8.1,16.64,12.189912775330649,3.0,41500.0,196794.0,30081.0,-4.398479882055329,-5.435799924292171,-3.361159839818484,1323.1067333210635
26147,St. Clair County,MI,Expanded 2014,2014.0,Metro,2013,30.6,-6.100000000000001,16.0,15.8,10.818757763856276,2.38,3.08,16.14,11.984727476157344,1.0,49900.0,160288.0,21039.0,-4.961163599852496,-5.797236529513617,-4.125090670191373,1043.7792097729666
26149,St. Joseph County,MI,Expanded 2014,2014.0,"Rural, near a metro",2013,31.4,-4.700000000000003,16.7,17.4,10.689464566656033,2.55,7.07,16.05,11.01844879902557,4.0,43900.0,60989.0,8610.0,-5.012395813659099,-5.535972663426286,-4.488818963891914,431.56727955604845
26151,Sanilac County,MI,Expanded 2014,2014.0,"Rural, near a metro",2013,33.1,-4.399999999999999,18.5,15.8,10.633496897828639,0.43,3.66,18.99,10.643064971973882,6.0,41500.0,41901.0,6012.0,-5.920805991009144,-6.459281206669396,-5.382330775348893,355.95885617946976
26153,Schoolcraft County,MI,Expanded 2014,2014.0,Remote rural,2013,33.7,-6.399999999999999,18.2,18.0,10.558777090539833,0.24,0.92,23.28,9.019542996701185,7.0,38500.0,8263.0,1149.0,-6.108642381784104,-6.531457542696884,-5.685827220871326,70.18830096669936
26155,Shiawassee County,MI,Expanded 2014,2014.0,"Rural, near a metro",2013,30.6,-3.6999999999999957,15.9,15.9,10.688279111142762,0.52,2.7,15.99,11.140454997418148,4.0,43800.0,68903.0,9171.0,-4.901007590333342,-5.218198978375789,-4.583816202290895,449.4714061094708
26157,Tuscola County,MI,Expanded 2014,2014.0,"Rural, near a metro",2013,33.8,-1.4000000000000057,16.6,16.6,10.632026007916341,1.1,3.1,17.7,10.900731346815949,6.0,41400.0,54216.0,7717.0,-5.748766812221406,-6.188878539803753,-5.308655084639058,443.6323348991259
26159,Van Buren County,MI,Expanded 2014,2014.0,Metro,2013,37.2,-5.799999999999997,20.4,17.8,10.709561551951284,3.83,10.84,15.35,11.229474429046263,2.0,44800.0,75318.0,11413.0,-8.302937626065836,-9.55086664269376,-7.055008609437907,947.6142712628938
26161,Washtenaw County,MI,Expanded 2014,2014.0,Metro,2013,26.1,-3.6999999999999993,15.0,16.3,11.001516337665821,12.53,4.36,11.54,12.782798363072867,2.0,60000.0,356040.0,51090.0,-4.637771030072847,-5.758354059341592,-3.5171880008041025,2369.4372192642177
26163,Wayne County,MI,Expanded 2014,2014.0,Metro,2013,33.0,-3.200000000000003,20.9,25.1,10.608686814120215,39.22,5.56,13.66,14.392250318774275,1.0,40500.0,1780225.0,333242.0,-4.726691695010702,-5.346350369113777,-4.107033020907624,15751.321938287563
26165,Wexford County,MI,Expanded 2014,2014.0,Remote rural,2013,29.6,-2.1999999999999993,15.7,19.8,10.585725442588037,0.43,1.77,17.25,10.388349005624308,7.0,39600.0,32479.0,5457.0,-4.5207435586374025,-5.060493600617733,-3.9809935166570742,246.69697599484303
27001,Aitkin County,MN,Expanded 2014,2014.0,"Rural, near a metro",2013,21.9,-1.7000000000000028,15.5,13.3,10.640268770116135,0.37,1.05,30.15,9.672311829524654,8.0,41800.0,15872.0,1780.0,-3.919738318306258,-4.303566769773835,-3.535909866838681,69.7713420658514
27003,Anoka County,MN,Expanded 2014,2014.0,Metro,2013,27.0,-2.3999999999999986,14.2,7.6,11.165054509087586,4.89,3.85,11.49,12.733976600830916,1.0,70600.0,339075.0,24004.0,-4.399046422534707,-5.0412955473007806,-3.7567972977686335,1055.947103265231
27005,Becker County,MN,Expanded 2014,2014.0,"Rural, near a metro",2013,21.4,-1.1000000000000014,15.8,13.5,10.803303314316404,0.5,1.74,18.57,10.409732701928009,6.0,49200.0,33181.0,3518.0,-3.9511617678646505,-4.735455517223276,-3.166868018506026,139.0018709934784
27007,Beltrami County,MN,Expanded 2014,2014.0,Remote rural,2013,22.0,-1.5,19.2,20.2,10.65405422396356,0.63,2.06,13.89,10.725181849829225,7.0,42400.0,45487.0,7492.0,-5.167644406884089,-6.146842017334493,-4.188446796433683,387.15991896375596
27009,Benton County,MN,Expanded 2014,2014.0,Metro,2013,19.4,-3.0,12.4,11.9,10.850579033562996,2.22,1.96,12.62,10.570675693925978,3.0,51600.0,38975.0,4870.0,-1.8697954708524727,-2.643531290374759,-1.0960596513301852,91.05903943051543
27011,Big Stone County,MN,Expanded 2014,2014.0,Remote rural,2013,21.5,-2.6999999999999993,12.7,12.8,10.706318390495808,0.3,1.16,25.17,8.53089883847235,9.0,44600.0,5069.0,492.0,-2.7298740308220237,-3.024667910756269,-2.435080150887779,13.430980231644357
27013,Blue Earth County,MN,Expanded 2014,2014.0,Metro,2013,18.5,-4.100000000000001,11.9,17.0,10.84511459222345,3.29,2.88,12.52,11.078088187203576,3.0,51300.0,64737.0,10927.0,-1.583373866554326,-2.321370601232156,-0.8453771318764957,173.0152623983912
27015,Brown County,MN,Expanded 2014,2014.0,"Rural, near a metro",2013,20.0,-2.8000000000000007,11.3,9.6,10.86017138696953,0.29,3.67,19.76,10.137254475487468,6.0,52100.0,25267.0,2065.0,-1.5592146188169314,-2.033417445701801,-1.0850117919320619,32.19778187856963
27017,Carlton County,MN,Expanded 2014,2014.0,Metro,2013,20.3,-4.800000000000001,14.0,12.1,10.871801312477436,1.6,1.6,15.82,10.470929776721015,2.0,52700.0,35275.0,3590.0,-3.8187548390948565,-4.300337348035424,-3.3371723301542913,137.09329872350534
27019,Carver County,MN,Expanded 2014,2014.0,Metro,2013,27.5,-5.399999999999999,12.8,4.9,11.370889438825515,1.31,4.04,9.6,11.468032696079492,1.0,86800.0,95610.0,3979.0,-3.4227152252579605,-4.287881708177378,-2.557548742338543,136.18983881301426
27021,Cass County,MN,Expanded 2014,2014.0,Remote rural,2013,22.8,-1.0,17.5,15.3,10.78657304197918,0.29,1.79,23.3,10.257132911914496,9.0,48400.0,28485.0,3788.0,-4.343351104193472,-5.089724496013537,-3.5969777123734064,164.52613982684872
27023,Chippewa County,MN,Expanded 2014,2014.0,Remote rural,2013,23.1,-0.5999999999999979,14.4,11.1,10.9192977744431,0.65,5.18,19.75,9.398561160701128,7.0,55200.0,12071.0,1085.0,-3.553010028359559,-4.069499405319476,-3.036520651399643,38.550158807701216
27025,Chisago County,MN,Expanded 2014,2014.0,Metro,2013,22.8,-4.899999999999999,11.9,6.8,11.176011130638223,1.25,1.89,13.25,10.890423123979614,1.0,71400.0,53660.0,3759.0,-1.9567111840008855,-2.502377724524497,-1.4110446434772743,73.55277340659329
27027,Clay County,MN,Expanded 2014,2014.0,Metro,2013,19.2,-0.40000000000000213,12.3,12.4,10.869843825417005,1.6,4.1,12.43,11.010778737063674,3.0,52600.0,60523.0,6825.0,-1.6122831358512857,-1.9786222862377447,-1.2459439854648278,110.03832402185024
27029,Clearwater County,MN,Expanded 2014,2014.0,"Rural, near a metro",2013,22.0,-3.5,16.6,16.4,10.694736467429317,0.44,1.78,19.11,9.080573313917117,8.0,44100.0,8783.0,1115.0,-4.358873213461917,-4.686344669013682,-4.031401757910148,48.60143633010037
27031,Cook County,MN,Expanded 2014,2014.0,Remote rural,2013,25.4,0.5,17.5,10.1,10.781536292153415,0.48,1.66,23.97,8.55371796609861,9.0,48100.0,5186.0,579.0,-4.418471479223014,-4.932769810032723,-3.904173148413306,25.582949864701252
27033,Cottonwood County,MN,Expanded 2014,2014.0,Remote rural,2013,21.3,-4.699999999999999,12.7,14.5,10.724434104027946,0.83,6.53,21.91,9.354786976341211,7.0,45500.0,11554.0,1218.0,-2.8154457393340535,-3.1834407917748573,-2.447450686893249,34.29212910508877
27035,Crow Wing County,MN,Expanded 2014,2014.0,"Rural, near a metro",2013,19.9,-4.600000000000001,13.3,11.3,10.792633166886727,0.55,1.31,20.05,11.050858258838009,4.0,48700.0,62998.0,7236.0,-2.866852754472997,-3.31603766575844,-2.4176678431875556,207.4454653136661
27037,Dakota County,MN,Expanded 2014,2014.0,Metro,2013,26.6,0.9000000000000021,13.8,8.4,11.20956106511634,5.19,6.47,11.61,12.918765067324172,1.0,73800.0,407895.0,26563.0,-3.340113474055465,-4.406888644536194,-2.273338303574736,887.2343421133533
27039,Dodge County,MN,Expanded 2014,2014.0,Metro,2013,22.6,-3.599999999999998,11.6,7.3,11.209100460361258,0.51,4.7,13.04,9.920049640835106,3.0,73800.0,20334.0,1285.0,-1.9188611907065525,-2.2375878720761504,-1.6001345093369541,24.6573663005792
27041,Douglas County,MN,Expanded 2014,2014.0,"Rural, near a metro",2013,17.7,-8.0,10.8,10.4,10.861342403487976,0.48,1.38,20.71,10.50092197226688,6.0,52100.0,36349.0,3383.0,-1.5055932637805198,-1.7999503188510675,-1.2112362087099744,50.934220113694984
27043,Faribault County,MN,Expanded 2014,2014.0,"Rural, near a metro",2013,21.6,-1.7999999999999972,13.5,11.5,10.76195847542619,0.38,6.14,22.07,9.55385915186536,6.0,47200.0,14099.0,1406.0,-3.1816659107303913,-3.611981647454276,-2.7513501740065056,44.7342227048693
27045,Fillmore County,MN,Expanded 2014,2014.0,Metro,2013,23.6,-4.899999999999999,15.3,10.7,10.845894273763054,0.31,1.24,19.65,9.940349717268694,3.0,51300.0,20751.0,1959.0,-4.007588647830767,-4.433253056322197,-3.5819242393393367,78.50866161100473
27047,Freeborn County,MN,Expanded 2014,2014.0,Remote rural,2013,23.8,-1.8000000000000007,14.4,10.5,10.772644747276225,0.91,9.29,21.21,10.339255522574339,7.0,47700.0,30923.0,3226.0,-3.887754728506592,-4.275997434515735,-3.4995120224974503,125.41896754162266
27049,Goodhue County,MN,Expanded 2014,2014.0,"Rural, near a metro",2013,22.4,-5.400000000000002,12.9,9.3,11.025621036245584,1.11,3.05,17.55,10.738698372359542,4.0,61400.0,46106.0,3637.0,-2.6667794887527743,-3.2717252120793288,-2.0618337654262198,96.9907700059384
27051,Grant County,MN,Expanded 2014,2014.0,Remote rural,2013,20.7,-4.0,13.2,10.7,10.812108950105376,0.35,1.76,22.78,8.6921543938039,9.0,49600.0,5956.0,556.0,-2.8771129746472828,-3.5132157482079847,-2.2410102010865804,15.996748139038893
27053,Hennepin County,MN,Expanded 2014,2014.0,Metro,2013,25.8,-2.599999999999998,17.2,12.2,11.071796909131109,12.24,6.81,12.21,13.996221651992268,1.0,64300.0,1198069.0,132302.0,-4.379265513468141,-5.509303467239398,-3.249227559696883,5793.85585962862
27055,Houston County,MN,Expanded 2014,2014.0,Metro,2013,20.8,-2.5,11.9,10.4,10.842713255692779,0.58,0.77,18.99,9.840228212896937,3.0,51200.0,18774.0,1640.0,-1.8238927562583989,-2.338577770499586,-1.309207742017212,29.911841202637742
27057,Hubbard County,MN,Expanded 2014,2014.0,Remote rural,2013,22.8,-1.8000000000000007,15.5,13.4,10.747852544838695,0.32,1.83,22.79,9.937744041214218,7.0,46500.0,20697.0,2342.0,-3.8687866603439947,-4.202887828040146,-3.5346854926478377,90.60698358525636
27059,Isanti County,MN,Expanded 2014,2014.0,Metro,2013,21.3,-3.599999999999998,12.3,8.4,10.975687417252404,0.64,1.67,13.81,10.54702423254274,1.0,58400.0,38064.0,3229.0,-1.9613658563515146,-2.4678306402481374,-1.4549010724548919,63.33250350159041
27061,Itasca County,MN,Expanded 2014,2014.0,"Rural, near a metro",2013,22.6,0.5,14.5,13.1,10.754364713861957,0.37,1.24,20.28,10.721834640080157,6.0,46800.0,45335.0,5047.0,-3.3683023222023674,-3.6598635610928216,-3.076741083311915,169.9982182015535
27063,Jackson County,MN,Expanded 2014,2014.0,Remote rural,2013,21.0,-3.3999999999999986,10.9,9.6,10.940171244582071,0.55,3.51,20.11,9.238052810542719,7.0,56400.0,10281.0,908.0,-1.7553741238371228,-2.157774054968994,-1.3529741927052514,15.938797044441074
27065,Kanabec County,MN,Expanded 2014,2014.0,"Rural, near a metro",2013,20.7,-3.3000000000000007,13.4,14.2,10.756625469405014,0.49,1.67,18.07,9.68084387626357,6.0,46900.0,16008.0,1924.0,-3.115092666503059,-3.59403864664081,-2.6361466863653082,59.93438290351886
27067,Kandiyohi County,MN,Expanded 2014,2014.0,"Rural, near a metro",2013,21.5,-0.3999999999999986,14.3,11.9,10.883503975290829,3.6,11.47,16.89,10.656082191739493,4.0,53300.0,42450.0,4454.0,-3.6845507794409618,-4.169225830305411,-3.1998757285765143,164.10989171630044
27069,Kittson County,MN,Expanded 2014,2014.0,Remote rural,2013,22.0,-4.0,11.3,10.1,10.788452722367374,0.31,2.22,23.1,8.411388132519262,9.0,48500.0,4498.0,363.0,-1.9507986121919918,-2.419860944598252,-1.4817362797857316,7.081398962256929
27071,Koochiching County,MN,Expanded 2014,2014.0,"Rural, near a metro",2013,24.1,0.7000000000000028,15.3,16.9,10.710342810710427,0.58,1.22,20.76,9.479451058842528,6.0,44800.0,13088.0,1561.0,-3.7402007610186914,-4.136096314190214,-3.344305207847169,58.384533879501774
27073,Lac qui Parle County,MN,Expanded 2014,2014.0,Remote rural,2013,21.9,-1.6000000000000014,12.1,10.5,10.753745313805846,0.4,2.17,24.64,8.854379458771108,9.0,46800.0,7005.0,557.0,-2.141888860113528,-2.5892758251114714,-1.6945018951155886,11.930320950832352
27075,Lake County,MN,Expanded 2014,2014.0,"Rural, near a metro",2013,21.0,-3.1999999999999993,11.6,11.1,10.837126922744897,0.39,1.34,23.18,9.278559610953327,6.0,50900.0,10706.0,1078.0,-1.7904549884716474,-2.2314887268034447,-1.3494212501398508,19.301104775724358
27077,Lake of the Woods County,MN,Expanded 2014,2014.0,Remote rural,2013,24.6,-1.2999999999999972,13.9,12.4,10.660641863070365,0.28,1.51,21.23,8.271292652979412,9.0,42600.0,3910.0,452.0,-3.409004774820981,-3.7644874538732194,-3.053522095768742,15.408701582190835
27079,Le Sueur County,MN,Expanded 2014,2014.0,Metro,2013,23.9,-4.800000000000001,12.7,8.9,11.005261504541817,0.46,5.65,15.83,10.22936818130145,1.0,60200.0,27705.0,2093.0,-2.7287433408737063,-3.304471050008079,-2.153015631739334,57.11259812448667
27081,Lincoln County,MN,Expanded 2014,2014.0,Remote rural,2013,23.6,-1.0999999999999979,12.8,11.4,10.783218029098482,0.16,1.53,24.57,8.657824321155983,9.0,48200.0,5755.0,508.0,-2.62245635638836,-3.0721888745610895,-2.1727238382156258,13.322078290452868
27083,Lyon County,MN,Expanded 2014,2014.0,Remote rural,2013,21.3,-2.1999999999999993,13.0,12.8,10.839796574724032,2.5,5.99,14.26,10.155101935826032,7.0,51000.0,25722.0,2960.0,-2.7075833271354557,-3.601397598577866,-1.8137690556930457,80.14446648320948
27085,McLeod County,MN,Expanded 2014,2014.0,"Rural, near a metro",2013,19.5,-5.600000000000001,11.3,8.8,10.914561052430187,0.59,5.36,16.64,10.48849257447637,6.0,55000.0,35900.0,2872.0,-1.467866534463414,-1.9422976122588316,-0.9934354566679963,42.15712686978925
27087,Mahnomen County,MN,Expanded 2014,2014.0,"Rural, near a metro",2013,20.5,-0.3000000000000007,18.1,24.3,10.589257588757023,0.29,2.91,16.81,8.60666819784384,8.0,39700.0,5468.0,882.0,-4.947276829501605,-5.7269049994926995,-4.167648659510505,43.63498163620415
27089,Marshall County,MN,Expanded 2014,2014.0,"Rural, near a metro",2013,24.5,-1.8000000000000007,14.6,9.2,10.891019293607526,0.38,3.85,19.73,9.151651375627504,8.0,53700.0,9430.0,714.0,-3.872947706784515,-4.401551936041619,-3.3443434775274063,27.652846626441438
27091,Martin County,MN,Expanded 2014,2014.0,Remote rural,2013,19.7,-4.100000000000001,12.6,11.6,10.841891964655394,0.46,3.79,21.46,9.924368030115483,7.0,51100.0,20422.0,1964.0,-2.2742732777695576,-2.9030478766523395,-1.6454986788867767,44.666727175394115
27093,Meeker County,MN,Expanded 2014,2014.0,"Rural, near a metro",2013,22.8,-4.0,13.2,9.4,10.921016314288448,0.41,3.46,17.55,10.047024967532325,6.0,55300.0,23087.0,1985.0,-2.9677235130049215,-3.5672154133386274,-2.368231612671216,58.90931173314769
27095,Mille Lacs County,MN,Expanded 2014,2014.0,Metro,2013,21.0,-2.5,15.4,12.1,10.799126496679412,0.49,1.89,16.94,10.152610692809285,1.0,49000.0,25658.0,3087.0,-4.061983251821268,-4.445286228957727,-3.678680274684807,125.39342298372254
27097,Morrison County,MN,Expanded 2014,2014.0,"Rural, near a metro",2013,21.0,-2.3000000000000007,13.8,12.2,10.793762797207002,0.45,1.43,17.14,10.400163540697676,6.0,48700.0,32865.0,3742.0,-3.2867445332956176,-3.7993971570796825,-2.7740919095115517,122.98998043592202
27099,Mower County,MN,Expanded 2014,2014.0,"Rural, near a metro",2013,28.9,0.8999999999999986,16.8,13.7,10.829312687193204,3.33,10.73,17.79,10.579742865425855,4.0,50500.0,39330.0,4530.0,-4.295761890822754,-4.816454787856952,-3.775068993788552,194.59801365427074
27101,Murray County,MN,Expanded 2014,2014.0,Remote rural,2013,23.1,-2.799999999999997,12.6,9.6,10.883691610153935,0.33,3.1,23.4,9.048644632975885,9.0,53300.0,8507.0,684.0,-2.5428470755231953,-3.1153853023766493,-1.9703088486697415,17.393073996578657
27103,Nicollet County,MN,Expanded 2014,2014.0,Metro,2013,17.6,-3.299999999999997,10.1,11.4,10.978831214264883,2.32,4.22,13.69,10.403686917060819,3.0,58600.0,32981.0,3117.0,-1.3994176793634723,-1.9677073073288527,-0.8311280513980915,43.61984906575943
27105,Nobles County,MN,Expanded 2014,2014.0,Remote rural,2013,34.3,-1.5,20.4,14.2,10.838325221696861,4.2,25.37,15.76,9.989527624628513,7.0,50900.0,21797.0,2693.0,-6.7333403754189645,-7.903474971125665,-5.56320577971227,181.3288563100327
27107,Norman County,MN,Expanded 2014,2014.0,"Rural, near a metro",2013,21.0,-2.8999999999999986,13.8,13.6,10.720532369752311,0.47,4.79,21.03,8.794218683679489,8.0,45300.0,6596.0,623.0,-3.4392191853441503,-3.9550176979611353,-2.9234206727271657,21.426335524694053
27109,Olmsted County,MN,Expanded 2014,2014.0,Metro,2013,23.9,-3.400000000000002,12.6,8.3,11.09481574970398,5.26,4.54,13.55,11.910701084594013,3.0,65800.0,148851.0,11702.0,-2.529638886189263,-3.3228241188252294,-1.7364536535532955,296.0183424618676
27111,Otter Tail County,MN,Expanded 2014,2014.0,"Rural, near a metro",2013,21.1,-2.8999999999999986,13.1,11.8,10.78222178568365,1.13,2.96,21.79,10.959401086671122,6.0,48200.0,57492.0,5575.0,-2.7781231243262856,-3.3676048448862943,-2.1886414037662774,154.88036418119043
27113,Pennington County,MN,Expanded 2014,2014.0,"Rural, near a metro",2013,17.0,-5.100000000000001,10.3,10.7,10.764265574480024,1.34,3.34,16.28,9.556692215591841,6.0,47300.0,14139.0,1431.0,-1.6402734870515474,-2.1443885799262605,-1.1361583941768383,23.472313599707643
27115,Pine County,MN,Expanded 2014,2014.0,"Rural, near a metro",2013,22.4,-2.3000000000000007,15.6,15.7,10.66955986311063,2.04,2.65,18.05,10.277668370604527,6.0,43000.0,29076.0,3582.0,-4.778306262502174,-5.399137450710167,-4.157475074294184,171.1589303228279
27117,Pipestone County,MN,Expanded 2014,2014.0,"Rural, near a metro",2013,22.5,-2.5,14.8,12.4,10.770861112175668,0.77,4.75,20.46,9.137984709784043,6.0,47600.0,9302.0,967.0,-3.9908161559068525,-4.419727395223079,-3.5619049165906294,38.59119222761927
27119,Polk County,MN,Expanded 2014,2014.0,Metro,2013,19.7,0.6999999999999993,13.7,13.3,10.872484580041217,1.17,5.75,16.93,10.362145815819545,3.0,52700.0,31639.0,3199.0,-2.940557374625335,-3.776191446326343,-2.104923302924327,94.06843041426445
27121,Pope County,MN,Expanded 2014,2014.0,"Rural, near a metro",2013,20.1,-6.799999999999997,11.9,11.0,10.92240707229499,0.35,1.12,22.27,9.294589604421082,8.0,55400.0,10879.0,985.0,-1.9115647440070735,-2.1561544918569604,-1.6669749961571858,18.828912728469675
27123,Ramsey County,MN,Expanded 2014,2014.0,Metro,2013,25.0,-0.6999999999999993,17.8,16.2,10.938325472472279,11.18,7.32,12.7,13.175204373483488,1.0,56300.0,527131.0,69900.0,-4.0952289601475185,-5.055928577896454,-3.1345293423985834,2862.5650431431154
27125,Red Lake County,MN,Expanded 2014,2014.0,"Rural, near a metro",2013,22.3,-1.0,15.2,11.2,10.714839901863959,0.57,3.1,17.79,8.301769763117166,8.0,45000.0,4031.0,391.0,-3.8214619624761728,-4.202234514714176,-3.4406894102381673,14.941916273281835
27127,Redwood County,MN,Expanded 2014,2014.0,Remote rural,2013,22.3,-1.0,15.1,10.2,10.828797488830443,0.52,2.77,20.27,9.660460120624778,7.0,50500.0,15685.0,1392.0,-3.6768027002752617,-4.2632058420342736,-3.0903995585162503,51.18109358783165
27129,Renville County,MN,Expanded 2014,2014.0,"Rural, near a metro",2013,22.6,-3.599999999999998,14.0,11.8,10.893456164087494,0.41,7.54,19.89,9.620394932418154,8.0,53800.0,15069.0,1334.0,-3.571717724114697,-4.251751190184335,-2.8916842580450552,47.646714439690065
27131,Rice County,MN,Expanded 2014,2014.0,"Rural, near a metro",2013,25.1,-4.099999999999998,14.0,11.6,10.979240547058156,3.97,7.65,13.49,11.076573222778281,4.0,58600.0,64639.0,5416.0,-4.081809539299079,-4.9052471170679945,-3.2583719615301656,221.07080464843813
27133,Rock County,MN,Expanded 2014,2014.0,"Rural, near a metro",2013,21.2,-1.3000000000000007,12.6,10.5,10.897572311850304,0.8,2.62,19.34,9.151439264056021,6.0,54000.0,9428.0,848.0,-2.429498283012844,-3.116051828672207,-1.742944737353481,20.602145439948917
27135,Roseau County,MN,Expanded 2014,2014.0,Remote rural,2013,21.7,-2.0,11.7,8.7,10.850811726990456,0.35,0.99,15.15,9.648401735787335,7.0,51600.0,15497.0,1364.0,-1.7182467842757436,-2.0159165581811216,-1.4205770103703665,23.436886137521142
27137,St. Louis County,MN,Expanded 2014,2014.0,Metro,2013,18.0,-2.1999999999999993,13.1,16.5,10.736874822010519,1.42,1.41,16.84,12.20833009557139,2.0,46000.0,200452.0,29065.0,-2.6813708139093455,-3.4025312533292476,-1.9602103744894435,779.3404270627512
27139,Scott County,MN,Expanded 2014,2014.0,Metro,2013,31.4,-2.8000000000000043,14.6,5.9,11.356049408007612,3.09,4.64,8.84,11.829515642569216,1.0,85500.0,137244.0,6414.0,-4.9423417999869494,-5.553456634499432,-4.331226965474468,317.00180305116294
27141,Sherburne County,MN,Expanded 2014,2014.0,Metro,2013,19.6,-9.2,11.2,6.5,11.224109416477244,1.9,2.44,9.6,11.408331322240304,1.0,74900.0,90069.0,6259.0,-2.117676964371394,-3.0279657634772854,-1.2073881652655032,132.54540120000556
27143,Sibley County,MN,Expanded 2014,2014.0,Metro,2013,26.4,-3.6000000000000014,14.1,9.8,10.933231961905438,0.35,8.22,16.88,9.619465440915834,1.0,56000.0,15055.0,1366.0,-3.9647363265665283,-4.420571814164728,-3.508900838968326,54.15829822089878
27145,Stearns County,MN,Expanded 2014,2014.0,Metro,2013,20.2,-2.8000000000000007,12.5,12.7,10.945617669249431,3.83,3.0,13.21,11.935424665634173,3.0,56700.0,152577.0,17888.0,-1.9793320850490401,-2.840269163312899,-1.11839500678518,354.0629233735723
27147,Steele County,MN,Expanded 2014,2014.0,Remote rural,2013,19.5,-4.600000000000001,10.3,10.7,10.895479272753965,2.63,7.07,15.55,10.501307053138621,5.0,53900.0,36363.0,2964.0,-1.3595677884787407,-1.8388973755278535,-0.8802382014296295,40.29758925050987
27149,Stevens County,MN,Expanded 2014,2014.0,Remote rural,2013,22.0,-1.8000000000000007,12.6,14.0,10.935603849915873,1.01,4.22,16.23,9.18471482433721,7.0,56100.0,9747.0,938.0,-2.419780022401527,-3.1176446226382653,-1.7219154221647892,22.697536610126324
27151,Swift County,MN,Expanded 2014,2014.0,Remote rural,2013,19.2,-5.5,12.3,10.3,10.860593878910057,0.65,4.27,20.94,9.164505835632383,7.0,52100.0,9552.0,895.0,-2.0018485914442086,-2.4812165359199456,-1.5224806469684715,17.91654489342567
27153,Todd County,MN,Expanded 2014,2014.0,"Rural, near a metro",2013,27.2,-0.9000000000000021,16.7,13.5,10.691353829153906,0.36,5.14,19.08,10.105938480625248,6.0,44000.0,24488.0,2862.0,-4.487399198353892,-4.920858905647127,-4.053939491060659,128.4293650568884
27155,Traverse County,MN,Expanded 2014,2014.0,Remote rural,2013,24.1,-2.599999999999998,15.8,11.9,10.82875784719086,0.38,2.12,25.57,8.132118772955806,9.0,50500.0,3402.0,282.0,-4.267005792968446,-4.870920580842952,-3.663091005093942,12.032956336171017
27157,Wabasha County,MN,Expanded 2014,2014.0,Metro,2013,20.9,-6.800000000000001,12.0,9.4,10.870794540426248,0.51,2.84,18.87,9.978873279442018,3.0,52600.0,21566.0,1681.0,-1.8471838375453673,-2.289450464814256,-1.4049172102764804,31.051160309137625
27159,Wadena County,MN,Expanded 2014,2014.0,Remote rural,2013,18.8,-1.3999999999999986,13.7,15.5,10.591747811522678,0.97,1.59,20.85,9.52083524249312,7.0,39800.0,13641.0,1929.0,-3.5834029266637644,-4.101441596930574,-3.0653642563969536,69.12384245534402
27161,Waseca County,MN,Expanded 2014,2014.0,"Rural, near a metro",2013,22.5,-0.10000000000000142,12.2,10.3,10.886464497605314,2.12,5.68,15.63,9.854087202241,6.0,53400.0,19036.0,1588.0,-1.9399809286652614,-2.3983219675929637,-1.4816398897375598,30.806897147204353
27163,Washington County,MN,Expanded 2014,2014.0,Metro,2013,23.2,-5.699999999999999,11.5,5.8,11.30284620298522,3.95,3.71,12.19,12.41286727862305,1.0,81100.0,245946.0,12514.0,-1.8141669178047173,-2.483907361852725,-1.14442647375671,227.02484809408233
27165,Watonwan County,MN,Expanded 2014,2014.0,"Rural, near a metro",2013,33.8,-1.2000000000000028,19.3,11.2,10.780288735123806,0.7,21.97,19.14,9.310095205113175,6.0,48100.0,11049.0,1123.0,-6.337331879521591,-7.39675713289392,-5.277906626149266,71.16823700702747
27167,Wilkin County,MN,Expanded 2014,2014.0,"Rural, near a metro",2013,20.7,-3.1000000000000014,11.3,11.0,10.875194069643495,0.32,2.62,17.63,8.778941881841513,6.0,52800.0,6496.0,522.0,-1.6511701186229744,-2.196870310841779,-1.105469926404171,8.619108019211927
27169,Winona County,MN,Expanded 2014,2014.0,"Rural, near a metro",2013,19.6,-5.199999999999999,12.5,14.4,10.81247165589451,1.36,2.68,14.56,10.846069618364352,4.0,49600.0,51332.0,6982.0,-2.028028565424598,-2.787462983983174,-1.2685941468660242,141.59695443794544
27171,Wright County,MN,Expanded 2014,2014.0,Metro,2013,23.3,-5.0,12.1,7.1,11.184407509012852,1.01,2.65,10.79,11.761339023126272,1.0,72000.0,128199.0,7547.0,-2.2927283255041133,-3.0540646478597457,-1.5313920031484805,173.03220672579545
27173,Yellow Medicine County,MN,Expanded 2014,2014.0,Remote rural,2013,22.4,-1.3000000000000007,13.2,10.8,10.825979020051888,0.25,4.12,19.37,9.218110109240543,9.0,50300.0,10078.0,899.0,-2.7998654417235396,-3.2994285456432535,-2.3003023378038265,25.17079032109462
28001,Adams County,MS,Not expanded by 2023,,Remote rural,2023,25.1,-2.799999999999997,17.3,30.9,10.354085350751632,52.52,8.01,16.3,10.37695392954475,5.0,31400.0,32111.0,4742.0,-5.6174468845119,-7.385814860667752,-3.849078908356052,266.3793312635543
28003,Alcorn County,MS,Not expanded by 2023,,Remote rural,2023,22.8,-4.399999999999999,16.2,24.8,10.418315157681416,11.98,2.82,16.81,10.526239092474103,7.0,33500.0,37281.0,5132.0,-5.797992593364297,-6.535494245284174,-5.060490941444421,297.5529798914557
28005,Amite County,MS,Not expanded by 2023,,"Rural, near a metro",2023,27.7,-5.300000000000001,15.7,24.1,10.42141787803205,40.91,1.0,20.07,9.461565907417349,8.0,33600.0,12856.0,1744.0,-6.546568567384217,-7.662655815141907,-5.4304813196265265,114.17215581518074
28007,Attala County,MS,Not expanded by 2023,,"Rural, near a metro",2023,23.0,-7.699999999999999,14.4,26.7,10.362303836141287,42.2,1.91,18.02,9.857967037234319,6.0,31600.0,19110.0,2660.0,-6.714023156693122,-7.588032480251578,-5.840013833134665,178.59301596803704
28009,Benton County,MS,Not expanded by 2023,,Metro,2023,32.0,-0.6000000000000014,15.3,27.8,10.315530976004416,36.72,2.12,17.47,9.04699757378001,1.0,30200.0,8493.0,1176.0,-6.2591339807998425,-7.527235146062948,-4.991032815536739,73.60741561420615
28011,Bolivar County,MS,Not expanded by 2023,,Remote rural,2023,20.1,-9.0,14.2,37.7,10.296272607486918,64.5,1.98,13.07,10.433497965716953,7.0,29600.0,33979.0,5624.0,-7.085116839897921,-8.4504508830798,-5.719782796716039,398.46697107585913
28013,Calhoun County,MS,Not expanded by 2023,,Remote rural,2023,30.1,-5.600000000000001,18.1,25.8,10.393783885049626,27.72,5.6,17.06,9.596146842421163,9.0,32700.0,14708.0,1941.0,-5.70558381856726,-6.484028448167929,-4.927139188966597,110.74538191839052
28015,Carroll County,MS,Not expanded by 2023,,Remote rural,2023,28.5,-3.5,17.6,18.7,10.526292737664825,33.14,1.19,20.17,9.24212969446559,9.0,37300.0,10323.0,1156.0,-6.566076491884005,-7.253877993658756,-5.878274990109254,75.9038442461791
28017,Chickasaw County,MS,Not expanded by 2023,,Remote rural,2023,28.4,-3.200000000000003,17.8,24.4,10.389764303380707,42.75,3.99,15.47,9.763305521936266,7.0,32500.0,17384.0,2605.0,-6.646190509501551,-7.73756722078203,-5.554813798221073,173.1332627725154
28019,Choctaw County,MS,Not expanded by 2023,,Remote rural,2023,24.2,-7.5,12.2,25.9,10.40189640628703,29.43,1.37,19.32,9.0432226489245,9.0,32900.0,8461.0,1126.0,-3.7111252837460387,-5.185599169380377,-2.2366513981117015,41.7872706949804
28021,Claiborne County,MS,Not expanded by 2023,,"Rural, near a metro",2023,21.9,-7.300000000000001,12.2,40.9,10.14399939801143,84.36,1.25,13.69,9.120743838164426,8.0,25400.0,9143.0,1536.0,-3.787262815107526,-5.11551652423798,-2.4590091059770716,58.172356840051606
28023,Clarke County,MS,Not expanded by 2023,,Remote rural,2023,23.5,-7.699999999999999,13.9,21.8,10.438254287073526,34.4,0.94,18.07,9.706072662294519,9.0,34100.0,16417.0,2101.0,-6.350591855675905,-7.193472138083999,-5.507711573267807,133.42593488775077
28025,Clay County,MS,Not expanded by 2023,,Remote rural,2023,23.5,-5.5,14.6,31.0,10.33964350796509,58.54,1.23,15.81,9.921081860937079,7.0,30900.0,20355.0,3046.0,-6.745412619608408,-7.945657777060495,-5.545167462156317,205.4652683932721
28027,Coahoma County,MS,Not expanded by 2023,,Remote rural,2023,22.7,-3.1000000000000014,16.0,39.5,10.221941283654663,75.23,1.35,13.0,10.133884732561645,7.0,27500.0,25182.0,4382.0,-6.820556834277248,-7.814363077215056,-5.826750591339435,298.87680047802905
28029,Copiah County,MS,Not expanded by 2023,,Metro,2023,24.7,-4.300000000000001,14.4,29.6,10.375364426163545,50.61,2.76,15.08,10.273014553838664,2.0,32100.0,28941.0,4182.0,-6.892756575338644,-8.090841302560243,-5.694671848117052,288.25507998066206
28031,Covington County,MS,Not expanded by 2023,,"Rural, near a metro",2023,28.1,-4.299999999999997,16.9,28.2,10.404232536959167,35.27,2.34,15.61,9.86308213790109,8.0,33000.0,19208.0,2780.0,-7.207238712948097,-8.73674586137631,-5.677731564519888,200.3612362199571
28033,DeSoto County,MS,Not expanded by 2023,,Metro,2023,29.8,-3.400000000000002,14.7,12.0,10.986021270991547,23.64,4.78,11.49,12.033919217651846,1.0,59000.0,168370.0,16768.0,-5.358444916667164,-6.164574729772821,-4.552315103561498,898.5040436267501
28035,Forrest County,MS,Not expanded by 2023,,Metro,2023,24.5,-3.8000000000000007,14.9,28.0,10.445550181223961,36.91,3.19,12.13,11.24614345662619,3.0,34400.0,76584.0,12918.0,-6.273634971636314,-8.212293732102491,-4.334976211170138,810.4281656359791
28037,Franklin County,MS,Not expanded by 2023,,Remote rural,2023,27.3,-5.800000000000001,15.3,23.1,10.49024591113472,34.62,0.83,17.64,8.971575439759016,9.0,36000.0,7876.0,1092.0,-6.685689279453629,-7.614501434536646,-5.756877124370613,73.00772693163363
28039,George County,MS,Not expanded by 2023,,"Rural, near a metro",2023,32.8,1.0999999999999979,17.3,18.8,10.682743619630342,8.04,2.35,13.71,10.052467745547446,6.0,43600.0,23213.0,3448.0,-5.885819466621039,-6.597331051385816,-5.1743078818562624,202.94305520909344
28041,Greene County,MS,Not expanded by 2023,,"Rural, near a metro",2023,27.3,-2.5,12.0,23.7,10.550381348578611,26.73,1.06,12.72,9.567175303116281,8.0,38200.0,14288.0,1527.0,-3.1037892104506324,-4.537913489432555,-1.6696649314687124,47.39486124358116
28043,Grenada County,MS,Not expanded by 2023,,Remote rural,2023,22.0,-6.5,15.1,25.2,10.364166592611527,41.94,1.15,16.0,9.977156142461329,7.0,31700.0,21529.0,3326.0,-6.702608943891816,-7.8830829730280065,-5.522134914755622,222.9287734738418
28045,Hancock County,MS,Not expanded by 2023,,Metro,2023,25.2,-2.400000000000002,14.2,20.2,10.68898599416026,7.53,3.62,16.82,10.725951004566129,2.0,43900.0,45522.0,5146.0,-5.115627331825147,-5.598058710365917,-4.633195953284377,263.2501824957221
28047,Harrison County,MS,Not expanded by 2023,,Metro,2023,27.1,-3.5,16.8,22.7,10.637224700700166,23.4,5.24,12.8,12.186553378083799,2.0,41700.0,196134.0,28916.0,-5.171635678709156,-6.026698553439853,-4.316572803978453,1495.4301728555395
28049,Hinds County,MS,Not expanded by 2023,,Metro,2023,25.1,1.8000000000000007,15.7,29.7,10.458119513239328,70.44,1.45,11.74,12.414102559034335,2.0,34800.0,246250.0,32074.0,-5.600191285988478,-7.742311057795613,-3.4580715141813414,1796.2053530679445
28051,Holmes County,MS,Not expanded by 2023,,"Rural, near a metro",2023,19.9,-3.200000000000003,12.7,45.7,10.028974172577543,82.14,0.98,13.05,9.841718526138497,6.0,22700.0,18802.0,3353.0,-4.7483813317182975,-6.197367468961417,-3.2993951944751823,159.2132260525145
28053,Humphreys County,MS,Not expanded by 2023,,"Rural, near a metro",2023,20.7,-8.2,15.3,48.3,10.025660936493804,74.39,2.48,13.71,9.100860271357362,6.0,22600.0,8963.0,1741.0,-7.113140414197229,-8.342794084711386,-5.883486743683073,123.83977461117375
28055,Issaquena County,MS,Not expanded by 2023,,"Rural, near a metro",2023,27.4,2.799999999999997,18.6,42.5,10.349902646973247,62.66,1.21,14.3,7.2485040723706105,8.0,31300.0,1406.0,146.0,-6.917784679950876,-8.465037563631624,-5.37053179627013,10.09996563272828
28057,Itawamba County,MS,Not expanded by 2023,,Remote rural,2023,27.3,-8.900000000000002,16.3,19.4,10.594808065754666,6.12,1.36,16.77,10.059336788998968,7.0,39900.0,23373.0,2716.0,-5.19993893337939,-5.598797982785026,-4.801079883973754,141.23034143058425
28059,Jackson County,MS,Not expanded by 2023,,Metro,2023,27.9,-5.100000000000001,16.0,16.4,10.775052848030553,21.5,5.23,13.71,11.851709313471094,2.0,47800.0,140324.0,18392.0,-5.5931023558292,-6.243181617946515,-4.943023093711885,1028.6833852841064
28061,Jasper County,MS,Not expanded by 2023,,Remote rural,2023,26.8,-5.0,13.7,24.2,10.422459901437888,52.24,1.24,17.83,9.71087320625674,9.0,33600.0,16496.0,2329.0,-6.2029054396359005,-7.31862198416447,-5.087188895107329,144.46566768912012
28063,Jefferson County,MS,Not expanded by 2023,,"Rural, near a metro",2023,23.4,-4.700000000000003,14.3,35.4,10.181157167204903,85.85,0.46,13.69,8.943114308091785,8.0,26400.0,7655.0,1351.0,-6.793894805578577,-8.20177540746224,-5.3860142036949155,91.78551882336657
28065,Jefferson Davis County,MS,Not expanded by 2023,,"Rural, near a metro",2023,24.8,-4.899999999999999,13.2,30.1,10.231135252930956,59.89,1.0,18.43,9.387984339219026,8.0,27800.0,11944.0,1773.0,-5.275887305849326,-6.573831310080777,-3.9779433016178753,93.54148193270855
28067,Jones County,MS,Not expanded by 2023,,"Rural, near a metro",2023,28.1,-1.7999999999999972,16.5,21.6,10.496924888947062,28.83,4.18,15.24,11.141194894591692,4.0,36200.0,68954.0,9166.0,-6.485790846630639,-8.12230842536282,-4.8492732678984565,594.4875890021643
28069,Kemper County,MS,Not expanded by 2023,,Remote rural,2023,22.2,-14.099999999999998,13.9,30.4,10.3368596138973,60.41,0.76,17.29,9.2393164802127,9.0,30800.0,10294.0,1302.0,-8.486217980886101,-9.04846958741891,-7.923966374353303,110.49055811113705
28071,Lafayette County,MS,Not expanded by 2023,,"Rural, near a metro",2023,28.8,-6.199999999999999,15.0,27.8,10.6151865784906,23.66,2.4,10.77,10.85059842675017,4.0,40700.0,51565.0,8077.0,-5.921218826112667,-6.4869667544288445,-5.355470897796487,478.2568445851201
28073,Lamar County,MS,Not expanded by 2023,,Metro,2023,26.7,-10.2,15.6,16.4,10.846167018748186,19.74,2.45,11.64,10.98816993567074,3.0,51300.0,59170.0,8079.0,-6.1364018488608,-7.085225139672768,-5.187578558048831,495.759905369464
28075,Lauderdale County,MS,Not expanded by 2023,,Remote rural,2023,23.5,-5.699999999999999,16.0,26.2,10.464188465795766,42.47,2.1,14.83,11.292627860105938,5.0,35000.0,80228.0,10630.0,-6.958006581160586,-8.135507417431034,-5.780505744890128,739.6360995773704
28077,Lawrence County,MS,Not expanded by 2023,,"Rural, near a metro",2023,26.7,-5.5000000000000036,15.5,20.2,10.500041230184792,30.5,2.27,16.17,9.441213969352303,8.0,36300.0,12597.0,1853.0,-6.652464387546895,-7.677198533383646,-5.627730241710147,123.27016510124398
28079,Leake County,MS,Not expanded by 2023,,"Rural, near a metro",2023,28.0,-12.700000000000003,19.2,27.9,10.43702333732841,41.36,4.35,13.92,10.054791326627294,6.0,34100.0,23267.0,3140.0,-8.061523814037804,-9.106200100852746,-7.016847527222857,253.13184776078702
28081,Lee County,MS,Not expanded by 2023,,Remote rural,2023,24.0,-7.699999999999999,15.6,18.0,10.674081767229582,28.07,2.48,13.53,11.350053531997586,5.0,43200.0,84970.0,9456.0,-6.236754375935631,-7.092420394790999,-5.381088357080267,589.7474937884733
28083,Leflore County,MS,Not expanded by 2023,,Remote rural,2023,21.3,-4.199999999999999,15.2,44.8,10.114720452824503,72.35,2.53,12.49,10.333515183472544,5.0,24700.0,30746.0,5421.0,-6.739769986910616,-8.315441801584724,-5.164098172236507,365.36293099042456
28085,Lincoln County,MS,Not expanded by 2023,,"Rural, near a metro",2023,25.3,-6.300000000000001,15.1,26.9,10.423233273676678,30.34,1.09,15.13,10.455215167622544,6.0,33600.0,34725.0,4935.0,-6.7743888296238035,-8.242764954052703,-5.306012705194905,334.3160887419347
28087,Lowndes County,MS,Not expanded by 2023,,Remote rural,2023,25.5,-2.6000000000000014,15.2,23.5,10.567180175420875,43.45,1.87,13.88,10.99881110590447,5.0,38800.0,59803.0,7849.0,-6.871644929898051,-8.535534975241942,-5.207754884554159,539.3554105476979
28089,Madison County,MS,Not expanded by 2023,,Metro,2023,29.2,-4.099999999999998,15.1,12.7,11.076851653667346,38.08,2.83,11.15,11.507762158013348,2.0,64700.0,99485.0,8225.0,-6.063421026621333,-6.804319058330369,-5.3225229949123065,498.71637943960457
28091,Marion County,MS,Not expanded by 2023,,"Rural, near a metro",2023,26.6,-5.299999999999997,17.0,27.5,10.39292609442047,32.15,1.47,15.89,10.167964967343314,6.0,32600.0,26055.0,3824.0,-6.817175854624419,-8.166826400159922,-5.467525309088912,260.6888046808378
28093,Marshall County,MS,Not expanded by 2023,,Metro,2023,25.8,-3.8000000000000007,14.8,23.4,10.511294685929059,47.14,3.4,14.25,10.503888762894483,1.0,36700.0,36457.0,4586.0,-6.588517539317545,-7.991737613405004,-5.185297465230082,302.14941435310266
28095,Monroe County,MS,Not expanded by 2023,,Remote rural,2023,26.4,-5.300000000000001,15.2,22.8,10.498580792620686,30.54,1.02,17.35,10.495376901021846,7.0,36300.0,36148.0,4503.0,-6.468041785588998,-7.373088973204711,-5.562994597973285,291.25592160507256
28097,Montgomery County,MS,Not expanded by 2023,,Remote rural,2023,25.8,-6.300000000000001,17.2,23.7,10.313210250896933,45.14,1.07,18.5,9.266626182986775,7.0,30100.0,10579.0,1544.0,-6.7532505698169585,-7.766253273255445,-5.740247866378472,104.27018879797384
28099,Neshoba County,MS,Not expanded by 2023,,Remote rural,2023,21.5,-17.4,17.6,24.9,10.455042366516187,20.76,1.84,14.38,10.293263561179652,7.0,34700.0,29533.0,4382.0,-8.58716938914085,-9.562699410353856,-7.611639367927849,376.2897626321521
28101,Newton County,MS,Not expanded by 2023,,Remote rural,2023,22.3,-11.8,15.1,22.1,10.516075225237657,30.06,1.69,15.55,9.976645073153854,7.0,36900.0,21518.0,2905.0,-7.765829933086488,-8.485145139183855,-7.046514726989117,225.59735955616247
28103,Noxubee County,MS,Not expanded by 2023,,Remote rural,2023,26.5,-1.3000000000000007,16.5,38.6,10.183351644059842,71.61,1.04,14.65,9.310638093291546,7.0,26500.0,11055.0,1978.0,-7.0093678924903156,-8.053708622455469,-5.965027162525167,138.64529691345845
28105,Oktibbeha County,MS,Not expanded by 2023,,Remote rural,2023,20.1,-7.899999999999999,10.8,31.2,10.422102758576948,36.63,1.58,9.76,10.801716141591875,5.0,33600.0,49105.0,10658.0,-3.123638739434288,-4.0878555937486425,-2.1594218851199347,332.91741684890644
28107,Panola County,MS,Not expanded by 2023,,"Rural, near a metro",2023,25.5,-7.100000000000001,15.3,25.9,10.408164310715241,49.44,1.59,13.84,10.445666483960114,6.0,33100.0,34395.0,5844.0,-7.235444428183926,-9.242223761748658,-5.228665094619191,422.8393723830687
28109,Pearl River County,MS,Not expanded by 2023,,"Rural, near a metro",2023,28.4,-0.5,17.2,23.4,10.638400282328542,12.45,2.92,16.45,10.912047481473621,6.0,41700.0,54833.0,7182.0,-5.525320782623107,-5.930915722494694,-5.119725842751517,396.82853860799156
28111,Perry County,MS,Not expanded by 2023,,Metro,2023,26.7,-5.800000000000001,15.6,24.0,10.456538985013989,19.43,1.19,16.05,9.393411647660683,3.0,34800.0,12009.0,1694.0,-5.846889321737029,-6.48791192772358,-5.205866715750478,99.04630511022528
28113,Pike County,MS,Not expanded by 2023,,"Rural, near a metro",2023,25.8,-2.3999999999999986,16.8,28.9,10.336405687425593,52.31,1.35,15.22,10.595108569100027,6.0,30800.0,39939.0,6852.0,-7.064824168069931,-8.4443249193453,-5.685323416794562,484.0817519961517
28115,Pontotoc County,MS,Not expanded by 2023,,Remote rural,2023,28.8,-10.499999999999996,17.3,16.3,10.602741051527834,14.78,5.91,13.83,10.330942436869211,7.0,40200.0,30667.0,4116.0,-6.305954007861918,-6.866931687096423,-5.7449763286274145,259.55306696359656
28117,Prentiss County,MS,Not expanded by 2023,,Remote rural,2023,26.6,-5.600000000000001,16.0,21.1,10.440536324342396,13.78,1.36,16.69,10.145138775406078,7.0,34200.0,25467.0,3468.0,-5.5286666858005145,-6.052228570022425,-5.0051048015786055,191.73416066356185
28119,Quitman County,MS,Not expanded by 2023,,"Rural, near a metro",2023,20.7,-5.800000000000001,13.0,43.5,10.169690593310785,69.37,1.06,14.75,8.9641840463529,6.0,26100.0,7818.0,1269.0,-5.144653902852743,-6.19317345642459,-4.096134349280888,65.28565802720131
28121,Rankin County,MS,Not expanded by 2023,,Metro,2023,26.6,-6.100000000000001,14.1,11.6,10.930209920175912,19.65,2.53,12.98,11.900369158480574,2.0,55800.0,147321.0,12734.0,-5.2775182138010495,-6.259449352943407,-4.295587074658692,672.0391693454256
28123,Scott County,MS,Not expanded by 2023,,"Rural, near a metro",2023,32.5,-4.200000000000003,19.8,27.2,10.36879266100031,37.28,10.6,13.5,10.25160599379174,6.0,31900.0,28328.0,4393.0,-5.064444074449788,-5.911486784385992,-4.217401364513584,222.4810281905792
28125,Sharkey County,MS,Not expanded by 2023,,"Rural, near a metro",2023,21.0,-9.7,13.2,38.5,10.21756809884244,70.77,1.37,15.52,8.450412157725886,8.0,27400.0,4677.0,633.0,-5.942480596295764,-6.939665129913174,-4.945296062678361,37.61590217455218
28127,Simpson County,MS,Not expanded by 2023,,Metro,2023,27.0,-2.6999999999999993,17.3,26.9,10.464217005830303,35.01,1.7,15.27,10.223067921487123,2.0,35000.0,27531.0,3526.0,-7.024810158557929,-8.718579217871213,-5.331041099244649,247.69480619075256
28129,Smith County,MS,Not expanded by 2023,,"Rural, near a metro",2023,29.6,-8.100000000000001,17.1,20.4,10.507284258914009,22.93,1.53,17.04,9.694555044315882,8.0,36600.0,16229.0,1759.0,-6.216453615237124,-6.9242365353442965,-5.508670695129951,109.34741909202101
28131,Stone County,MS,Not expanded by 2023,,"Rural, near a metro",2023,30.6,-1.0,18.4,22.4,10.603957853475855,19.07,1.67,13.45,9.795902341856191,6.0,40300.0,17960.0,2511.0,-6.191648014754617,-7.283642735961806,-5.099653293547428,155.4722816504884
28133,Sunflower County,MS,Not expanded by 2023,,Remote rural,2023,20.6,-2.799999999999997,15.3,37.8,10.259832442012879,72.88,1.45,11.06,10.236596998452152,7.0,28600.0,27906.0,4110.0,-6.471068681206762,-7.485368040775178,-5.456769321638344,265.96092279759796
28135,Tallahatchie County,MS,Not expanded by 2023,,Remote rural,2023,24.1,-1.2999999999999972,14.8,36.2,10.301592306238,56.38,6.16,12.79,9.611931318535747,7.0,29800.0,14942.0,1862.0,-6.125892952712806,-7.525728185291605,-4.726057720133997,114.06412677951245
28137,Tate County,MS,Not expanded by 2023,,Metro,2023,28.6,-2.5,17.5,19.4,10.612114303944459,30.55,2.54,14.39,10.252276483450736,1.0,40600.0,28347.0,3638.0,-6.400942162448609,-7.253946452880782,-5.547937872016436,232.86627586988038
28139,Tippah County,MS,Not expanded by 2023,,"Rural, near a metro",2023,28.5,-4.700000000000003,18.1,24.4,10.488715390876578,15.99,4.8,15.46,9.998752276761909,6.0,35900.0,21999.0,3252.0,-6.00044973876117,-6.723902388339637,-5.276997089182704,195.13462550451325
28141,Tishomingo County,MS,Not expanded by 2023,,"Rural, near a metro",2023,29.4,-2.700000000000003,17.8,18.8,10.48824184666795,2.59,2.69,19.32,9.878374851721052,8.0,35900.0,19504.0,2633.0,-5.564534601147414,-6.300529587684446,-4.828539614610374,146.5141960482114
28143,Tunica County,MS,Not expanded by 2023,,Metro,2023,18.7,-9.5,12.2,32.2,10.310052056087594,75.65,2.37,9.88,9.254739959272866,1.0,30000.0,10454.0,2265.0,-4.367938934797621,-5.896536861715997,-2.839341007879245,98.93381687316611
28145,Union County,MS,Not expanded by 2023,,"Rural, near a metro",2023,31.6,-5.899999999999999,19.5,18.8,10.60032790493369,14.47,4.41,15.44,10.23174758973532,6.0,40100.0,27771.0,3590.0,-5.903304273216421,-7.092879345807358,-4.713729200625486,211.92862340846952
28147,Walthall County,MS,Not expanded by 2023,,Remote rural,2023,30.7,0.3000000000000007,19.1,25.0,10.318539889280197,43.49,1.76,17.35,9.60588981529697,9.0,30300.0,14852.0,2140.0,-7.00635710065981,-9.230345100282907,-4.782369101036707,149.93604195411993
28149,Warren County,MS,Not expanded by 2023,,"Rural, near a metro",2023,22.2,-9.0,13.8,26.2,10.642635295656758,47.77,2.05,14.1,10.784959070432006,4.0,41900.0,48289.0,5609.0,-6.31333469066079,-7.077610388131551,-5.549058993190029,354.11494279916377
28151,Washington County,MS,Not expanded by 2023,,Remote rural,2023,19.9,-7.300000000000001,15.2,34.8,10.273256395986019,71.36,1.31,13.11,10.812975195790544,5.0,28900.0,49661.0,8321.0,-6.9406322218415575,-8.490570436620288,-5.390694007062827,577.530007179436
28153,Wayne County,MS,Not expanded by 2023,,Remote rural,2023,30.6,-3.799999999999997,17.4,25.7,10.363693339301753,38.61,1.37,15.33,9.92627591416656,7.0,31700.0,20461.0,3229.0,-6.963653509678065,-8.269797307310395,-5.657509712045738,224.85637182750472
28155,Webster County,MS,Not expanded by 2023,,Remote rural,2023,26.4,-6.0,15.6,22.9,10.461101337800878,19.25,1.33,16.51,9.205026277152413,9.0,34900.0,9947.0,1307.0,-5.878190140510509,-6.557571081776902,-5.198809199244114,76.82794513647235
28157,Wilkinson County,MS,Not expanded by 2023,,"Rural, near a metro",2023,24.6,-4.599999999999998,12.5,35.2,10.180096038519288,70.56,0.76,14.66,9.142061531222888,8.0,26400.0,9340.0,1247.0,-4.03890194423061,-5.857591975417571,-2.220211913043646,50.36510724455571
28159,Winston County,MS,Not expanded by 2023,,Remote rural,2023,22.5,-10.700000000000003,15.7,29.5,10.34048362692364,46.04,1.06,17.81,9.839322295060342,7.0,31000.0,18757.0,2627.0,-7.654616812083351,-8.390539256431508,-6.918694367735197,201.08678365342962
28161,Yalobusha County,MS,Not expanded by 2023,,Remote rural,2023,21.8,-5.599999999999998,12.8,26.9,10.393906366524456,38.2,1.39,18.24,9.423595190540022,7.0,32700.0,12377.0,1935.0,-4.969124857652064,-6.438376796012503,-3.499872919291627,96.15256599556743
28163,Yazoo County,MS,Not expanded by 2023,,Metro,2023,25.3,0.6000000000000014,16.3,41.8,10.266636494850344,56.73,5.49,12.5,10.239781201782993,2.0,28800.0,27995.0,4072.0,-6.089079974927574,-7.304629803680461,-4.873530146174687,247.9473365790508
29001,Adair County,MO,Expanded 2019-2022,2022.0,Remote rural,2021,24.5,0.8999999999999986,15.7,24.9,10.471128197856352,1.82,2.23,13.38,10.154362995588228,7.0,35300.0,25703.0,4539.0,-4.810513846901829,-5.289804110299841,-4.331223583503818,218.349223510874
29003,Andrew County,MO,Expanded 2019-2022,2022.0,Metro,2021,28.8,3.1999999999999993,14.9,10.1,10.900159396357095,0.7,2.31,16.82,9.758750756069444,3.0,54200.0,17305.0,1314.0,-3.580673879758376,-4.215637550949341,-2.9457102085674105,47.050054780025064
29005,Atchison County,MO,Expanded 2019-2022,2022.0,Remote rural,2021,31.4,3.3999999999999986,18.8,13.2,10.673942936186739,0.42,1.14,23.46,8.598220030058611,9.0,43200.0,5422.0,491.0,-5.044456934876614,-5.961607742481664,-4.127306127271566,24.768283550244174
29007,Audrain County,MO,Expanded 2019-2022,2022.0,"Rural, near a metro",2021,26.5,1.1999999999999993,16.5,19.7,10.625319366955983,6.55,2.74,16.18,10.148196881764898,6.0,41200.0,25545.0,2896.0,-5.282846928026701,-5.984475088123731,-4.581218767929669,152.99124703565326
29009,Barry County,MO,Expanded 2019-2022,2022.0,"Rural, near a metro",2021,31.6,-4.799999999999997,20.3,20.2,10.507065542233256,0.32,8.35,19.07,10.472516044509659,6.0,36600.0,35331.0,4559.0,-6.178278198134487,-6.943256081823541,-5.413300314445436,281.6677030529513
29011,Barton County,MO,Expanded 2019-2022,2022.0,"Rural, near a metro",2021,26.9,-0.7000000000000028,18.1,18.5,10.53802526698881,0.39,2.21,18.17,9.40713994795079,6.0,37700.0,12175.0,1669.0,-5.181894937175433,-5.941321912108369,-4.422467962242497,86.48582650145798
29013,Bates County,MO,Expanded 2019-2022,2022.0,Metro,2021,29.6,2.8000000000000007,18.6,21.6,10.560644795362919,0.99,1.81,18.65,9.70674247507645,1.0,38600.0,16428.0,1842.0,-5.525229562494782,-6.23523103906384,-4.815228085925722,101.77472854115388
29015,Benton County,MO,Expanded 2019-2022,2022.0,Remote rural,2021,27.8,-2.0,17.5,23.1,10.390931953464207,0.31,1.62,28.38,9.849084163656741,7.0,32600.0,18941.0,2491.0,-4.828510279458604,-5.4327370202770195,-4.224283538640189,120.27819106131385
29017,Bollinger County,MO,Expanded 2019-2022,2022.0,Metro,2021,28.0,-1.6000000000000014,17.6,19.6,10.535477156784617,0.4,1.03,17.72,9.431962766918454,3.0,37600.0,12481.0,1435.0,-4.959152951781329,-5.576230768687428,-4.34207513487523,71.16384485806206
29019,Boone County,MO,Expanded 2019-2022,2022.0,Metro,2021,24.8,1.6999999999999993,14.4,19.8,10.801980845379703,9.3,3.09,10.07,12.049272625966298,3.0,49100.0,170975.0,25586.0,-4.40349667609461,-5.033597907573775,-3.7733954446154474,1126.678659545567
29021,Buchanan County,MO,Expanded 2019-2022,2022.0,Metro,2021,28.1,0.0,16.7,17.8,10.67961926320976,5.6,5.95,14.28,11.405629744677892,3.0,43500.0,89826.0,10286.0,-4.9519247534129684,-5.9695647563503105,-3.9342847504756264,509.354980136058
29023,Butler County,MO,Expanded 2019-2022,2022.0,Remote rural,2021,24.2,0.8999999999999986,18.0,22.0,10.473930231870588,5.13,1.83,17.48,10.668048006379243,5.0,35400.0,42961.0,6917.0,-5.589701995857745,-6.251688378787299,-4.927715612928194,386.63968705348026
29025,Caldwell County,MO,Expanded 2019-2022,2022.0,Metro,2021,30.6,4.800000000000001,17.6,15.3,10.634556526094629,0.63,2.0,18.19,9.109414453386222,1.0,41500.0,9040.0,1024.0,-4.993524301227698,-5.54605313670313,-4.440995465752267,51.13368884457162
29027,Callaway County,MO,Expanded 2019-2022,2022.0,Metro,2021,28.2,-0.6000000000000014,15.6,13.8,10.727070714875772,4.33,1.85,13.84,10.703873483765673,3.0,45600.0,44528.0,3767.0,-4.822529180844341,-5.358242886936059,-4.28681547475262,181.6646742424063
29029,Camden County,MO,Expanded 2019-2022,2022.0,Remote rural,2021,32.2,-1.1999999999999957,18.5,18.0,10.628956704558197,0.52,2.51,24.94,10.698604506679791,7.0,41300.0,44294.0,4047.0,-5.655625374721777,-6.2847144949523255,-5.026536254491219,228.8831589149903
29031,Cape Girardeau County,MO,Expanded 2019-2022,2022.0,Metro,2021,26.4,0.09999999999999787,15.3,15.8,10.697565451674514,7.45,2.19,14.94,11.257491132957457,3.0,44200.0,77458.0,9248.0,-4.822897824502651,-5.23618127250566,-4.409614376499641,446.0215908100052
29033,Carroll County,MO,Expanded 2019-2022,2022.0,"Rural, near a metro",2021,27.0,-1.3999999999999986,16.3,17.7,10.628109175055817,1.8,1.38,19.99,9.111072370317514,6.0,41300.0,9055.0,885.0,-4.873792134436915,-5.255584345617996,-4.491999923255835,43.1330603897667
29035,Carter County,MO,Expanded 2019-2022,2022.0,Remote rural,2021,25.6,-2.3999999999999986,17.5,23.7,10.309519166816033,0.25,2.16,17.42,8.755107121633896,9.0,30000.0,6343.0,813.0,-4.774060668537972,-5.66085946775933,-3.8872618693166108,38.81311323521371
29037,Cass County,MO,Expanded 2019-2022,2022.0,Metro,2021,29.3,0.0,15.1,9.2,11.051381947842192,3.69,4.06,14.88,11.519662718622893,1.0,63000.0,100676.0,7059.0,-4.454602620394686,-5.015516679002762,-3.89368856178661,314.4503989736609
29039,Cedar County,MO,Expanded 2019-2022,2022.0,"Rural, near a metro",2021,25.6,-2.099999999999998,17.7,25.5,10.335789314597852,0.13,1.73,23.07,9.530465432917332,6.0,30800.0,13773.0,2282.0,-4.940603427771587,-5.8080469616831865,-4.073159893859988,112.74457022174762
29041,Chariton County,MO,Expanded 2019-2022,2022.0,Remote rural,2021,27.1,-1.3999999999999986,15.3,16.8,10.605396238764646,2.29,0.77,22.82,8.940367233305174,9.0,40400.0,7634.0,665.0,-4.711212226729796,-5.122159844372931,-4.3002646090866605,31.32956130775314
29043,Christian County,MO,Expanded 2019-2022,2022.0,Metro,2021,28.2,0.5,16.2,11.4,10.847276713112093,0.64,2.66,13.78,11.297514440464237,2.0,51400.0,80621.0,7437.0,-4.486707689997245,-5.3063550401442505,-3.6670603398502397,333.6764509050951
29045,Clark County,MO,Expanded 2019-2022,2022.0,Remote rural,2021,30.1,0.0,17.8,17.5,10.589408688004333,0.28,0.75,18.83,8.838986793496787,9.0,39700.0,6898.0,772.0,-5.024775405374846,-5.504387124095088,-4.545163686654605,38.791266129493806
29047,Clay County,MO,Expanded 2019-2022,2022.0,Metro,2021,26.8,-0.8000000000000007,13.2,10.0,11.012726510945454,5.53,6.28,12.47,12.347164138443786,1.0,60600.0,230306.0,18029.0,-2.90895177637925,-3.9195283575547117,-1.898375195203791,524.4549157634149
29049,Clinton County,MO,Expanded 2019-2022,2022.0,Metro,2021,28.5,4.0,14.9,11.5,10.867825315381769,1.36,1.92,16.9,9.931199991102664,1.0,52500.0,20562.0,1848.0,-3.624361733486015,-4.148987676267867,-3.099735790704163,66.97820483482157
29051,Cole County,MO,Expanded 2019-2022,2022.0,Metro,2021,24.9,-0.40000000000000213,15.1,13.7,10.85944120746666,11.39,2.6,13.69,11.247943778039224,3.0,52000.0,76722.0,6472.0,-4.708267113682558,-5.887629634272721,-3.528904593092393,304.71904759753517
29053,Cooper County,MO,Expanded 2019-2022,2022.0,"Rural, near a metro",2021,23.5,-1.1000000000000014,13.5,15.5,10.700927178569957,6.96,1.5,16.17,9.776222201490253,6.0,44400.0,17610.0,1758.0,-4.118741525281159,-4.89485652339021,-3.342626527172108,72.40747601444278
29055,Crawford County,MO,Expanded 2019-2022,2022.0,"Rural, near a metro",2021,27.7,-0.5,18.4,20.1,10.526721795621047,0.33,1.71,17.39,10.107652137252535,6.0,37300.0,24530.0,3133.0,-5.220394757100981,-5.767913623853745,-4.672875890348215,163.55496773997373
29057,Dade County,MO,Expanded 2019-2022,2022.0,"Rural, near a metro",2021,29.1,0.20000000000000284,17.6,18.4,10.511076844734427,0.46,1.75,22.14,8.926783114101351,8.0,36700.0,7531.0,1021.0,-5.087288040630582,-5.48309023088037,-4.691485850380797,51.94121089483824
29059,Dallas County,MO,Expanded 2019-2022,2022.0,Metro,2021,28.2,-1.8000000000000007,18.8,21.7,10.533162310140499,0.27,1.79,18.9,9.708566960165658,2.0,37500.0,16458.0,2641.0,-5.450454823707053,-5.940046924923278,-4.960862722490825,143.94651189410328
29061,Daviess County,MO,Expanded 2019-2022,2022.0,"Rural, near a metro",2021,29.2,-3.0000000000000036,18.8,18.9,10.554040335463652,0.45,1.49,18.9,9.02401079378469,8.0,38300.0,8300.0,917.0,-5.549040198123321,-6.4710797110697165,-4.627000685176926,50.88469861679085
29063,DeKalb County,MO,Expanded 2019-2022,2022.0,Metro,2021,23.5,-1.8000000000000007,14.5,17.2,10.698423878998108,11.59,2.03,14.9,9.443671849677882,3.0,44300.0,12628.0,1083.0,-5.171438209484679,-5.87899246221997,-4.463883956749392,56.006675808719066
29065,Dent County,MO,Expanded 2019-2022,2022.0,Remote rural,2021,25.1,-3.099999999999998,17.4,23.0,10.456251347665171,0.42,1.4,19.95,9.664087578702395,7.0,34800.0,15742.0,2098.0,-4.639976087685463,-5.3753701347105025,-3.904582040660421,97.346698319641
29067,Douglas County,MO,Expanded 2019-2022,2022.0,"Rural, near a metro",2021,23.7,-3.900000000000002,16.6,22.5,10.351021877059864,0.29,1.09,21.71,9.50599061407714,6.0,31300.0,13440.0,1771.0,-4.4163138305520615,-4.843460358988252,-3.989167302115871,78.212917939077
29069,Dunklin County,MO,Expanded 2019-2022,2022.0,Remote rural,2021,26.4,-1.3000000000000007,19.1,27.0,10.375052462348815,10.23,6.15,16.88,10.36482877120321,7.0,32000.0,31724.0,4658.0,-5.811312092265131,-6.688217643994741,-4.934406540535519,270.69091725770977
29071,Franklin County,MO,Expanded 2019-2022,2022.0,Metro,2021,28.8,1.9000000000000021,15.9,10.8,10.842283139750352,0.85,1.58,15.11,11.52990056917619,1.0,51100.0,101712.0,8609.0,-4.124579691517134,-4.944911386129103,-3.304247996905165,355.0850656427101
29073,Gasconade County,MO,Expanded 2019-2022,2022.0,"Rural, near a metro",2021,28.6,0.10000000000000142,16.3,15.8,10.627891122746627,0.3,1.17,21.09,9.602787783003043,6.0,41300.0,14806.0,1443.0,-4.294129371522891,-4.825483164135335,-3.7627755789104484,61.96428683107533
29075,Gentry County,MO,Expanded 2019-2022,2022.0,"Rural, near a metro",2021,31.9,3.1999999999999993,20.1,16.1,10.578088815808975,0.46,0.88,19.57,8.815221555922163,8.0,39300.0,6736.0,697.0,-5.638526458271184,-6.504883610220779,-4.772169306321595,39.300529414150155
29077,Greene County,MO,Expanded 2019-2022,2022.0,Metro,2021,24.0,-1.6999999999999993,15.4,20.2,10.559062660188317,2.99,3.25,14.85,12.555337703950139,2.0,38500.0,283605.0,40344.0,-4.816723571631432,-5.456577478566908,-4.176869664695955,1943.2589577389847
29079,Grundy County,MO,Expanded 2019-2022,2022.0,Remote rural,2021,32.1,3.400000000000002,20.7,21.4,10.52331106867723,0.75,1.91,20.64,9.24435525056346,7.0,37200.0,10346.0,1185.0,-6.243597558558024,-7.366295022861119,-5.120900094254929,73.98663106891259
29081,Harrison County,MO,Expanded 2019-2022,2022.0,Remote rural,2021,23.8,-3.3999999999999986,14.6,19.0,10.497615182072922,0.42,2.04,21.26,9.072227069846548,7.0,36200.0,8710.0,1063.0,-4.137942216328019,-4.514803085000492,-3.7610813476555465,43.986325759566846
29083,Henry County,MO,Expanded 2019-2022,2022.0,"Rural, near a metro",2021,27.4,1.0999999999999979,16.7,18.4,10.588249676561633,1.11,2.01,20.16,10.004056607457823,6.0,39700.0,22116.0,2796.0,-4.659867831529135,-5.343196759329409,-3.976538903728857,130.2899045695546
29085,Hickory County,MO,Expanded 2019-2022,2022.0,"Rural, near a metro",2021,26.3,-3.0,16.3,24.7,10.310285105878071,0.31,1.28,31.98,9.142810715182584,8.0,30000.0,9347.0,1175.0,-4.482033056594716,-4.7871972400223965,-4.176868873167032,52.663888414987916
29087,Holt County,MO,Expanded 2019-2022,2022.0,"Rural, near a metro",2021,27.0,0.0,15.2,13.1,10.626509019547823,0.15,0.98,22.48,8.431853144249223,8.0,41200.0,4591.0,422.0,-3.8157044892401815,-4.197141098472433,-3.4342678800079303,16.102272944593565
29089,Howard County,MO,Expanded 2019-2022,2022.0,"Rural, near a metro",2021,28.6,0.5,15.9,15.9,10.629972792706583,5.11,1.27,16.48,9.233959237574817,6.0,41400.0,10239.0,979.0,-4.7999244501154505,-5.427821363214015,-4.1720275370168824,46.99126036663026
29091,Howell County,MO,Expanded 2019-2022,2022.0,Remote rural,2021,25.6,0.5,18.1,27.6,10.36296724895053,0.43,1.87,18.25,10.602517396254228,7.0,31700.0,40236.0,6244.0,-5.027415101518175,-5.998337990964605,-4.0564922120717455,313.91179893879485
29093,Iron County,MO,Expanded 2019-2022,2022.0,Remote rural,2021,25.1,1.0,17.1,22.0,10.40408100573587,1.46,1.64,19.49,9.25540933534376,7.0,33000.0,10461.0,1481.0,-4.783178172838556,-5.579992964273365,-3.9863633814037494,70.83886873973903
29095,Jackson County,MO,Expanded 2019-2022,2022.0,Metro,2021,33.2,3.6000000000000014,18.8,17.2,10.753681216035357,23.55,8.5,13.35,13.429614226281894,1.0,46800.0,679841.0,74366.0,-4.390930092170749,-5.136092672063649,-3.645767512277854,3265.3590723436996
29097,Jasper County,MO,Expanded 2019-2022,2022.0,Metro,2021,30.5,-2.0,19.9,18.3,10.609797719622355,1.85,7.25,13.99,11.66792721110922,3.0,40500.0,116766.0,16385.0,-5.523250521719918,-6.519696770686854,-4.526804272752984,904.9845979838085
29099,Jefferson County,MO,Expanded 2019-2022,2022.0,Metro,2021,27.6,-2.6999999999999993,14.2,11.5,10.920618599336354,0.95,1.69,12.63,12.305329572127514,1.0,55300.0,220870.0,16785.0,-4.077346360094389,-4.64405324513941,-3.510639475049369,684.3825865418432
29101,Johnson County,MO,Expanded 2019-2022,2022.0,"Rural, near a metro",2021,23.8,2.1999999999999993,14.0,17.7,10.714662183325226,4.36,3.81,11.35,10.899310092366012,4.0,45000.0,54139.0,6464.0,-4.201616636920278,-5.056028380236677,-3.347204893603879,271.5924994105268
29103,Knox County,MO,Expanded 2019-2022,2022.0,Remote rural,2021,29.2,-1.9000000000000021,19.6,21.3,10.460070173639847,0.49,0.89,20.57,8.308938252595778,9.0,34900.0,4060.0,537.0,-5.654848547385222,-6.564363086364001,-4.745334008406449,30.366536699458642
29105,Laclede County,MO,Expanded 2019-2022,2022.0,"Rural, near a metro",2021,23.9,-1.3000000000000007,15.6,22.1,10.508677454336931,0.73,2.13,16.65,10.481616621511806,6.0,36600.0,35654.0,4936.0,-4.268526928537377,-4.896787960496324,-3.6402658965784234,210.69448919260495
29107,Lafayette County,MO,Expanded 2019-2022,2022.0,Metro,2021,26.6,1.9000000000000021,15.8,12.7,10.7553037612248,2.13,2.63,17.39,10.3988847681449,1.0,46900.0,32823.0,3229.0,-4.489971752724753,-5.380609683656965,-3.599333821792544,144.9811878954823
29109,Lawrence County,MO,Expanded 2019-2022,2022.0,"Rural, near a metro",2021,31.7,-0.1999999999999993,20.3,18.6,10.564214841839963,0.32,6.97,17.24,10.548074542480697,6.0,38700.0,38104.0,4880.0,-6.036571656550336,-7.32212426302095,-4.751019050079717,294.5846968396564
29111,Lewis County,MO,Expanded 2019-2022,2022.0,Remote rural,2021,31.9,7.599999999999998,17.6,17.5,10.625877951565714,3.09,1.75,17.61,9.2213792190914,9.0,41200.0,10111.0,1127.0,-5.432193890566889,-6.08362164875585,-4.780766132377925,61.220825146688846
29113,Lincoln County,MO,Expanded 2019-2022,2022.0,Metro,2021,30.1,2.400000000000002,16.9,11.9,10.899402442965895,1.83,2.21,11.91,10.892749896866105,1.0,54100.0,53785.0,5148.0,-4.862308807686883,-5.811378783312722,-3.9132388320610487,250.31165741972075
29115,Linn County,MO,Expanded 2019-2022,2022.0,Remote rural,2021,25.6,-4.299999999999997,15.9,19.6,10.53934984066981,0.76,1.91,20.01,9.41979059615839,7.0,37800.0,12330.0,1333.0,-4.565746629928037,-5.10474753457808,-4.026745725277993,60.861402576940726
29117,Livingston County,MO,Expanded 2019-2022,2022.0,"Rural, near a metro",2021,23.7,-1.3000000000000007,16.3,17.2,10.567180175420875,2.75,1.41,18.93,9.607370001263245,6.0,38800.0,14874.0,1689.0,-5.029585735143329,-5.553985339199176,-4.505186131087484,84.94970306657083
29119,McDonald County,MO,Expanded 2019-2022,2022.0,Metro,2021,38.9,-0.7000000000000028,24.2,20.7,10.488910314508901,1.41,11.26,14.06,10.02698754852174,2.0,35900.0,22629.0,3685.0,-9.960994793919344,-11.091001443387178,-8.830988144451513,367.0626581559278
29121,Macon County,MO,Expanded 2019-2022,2022.0,Remote rural,2021,27.8,0.6999999999999993,15.6,18.8,10.548231993867907,2.21,1.16,20.59,9.646981097552796,7.0,38100.0,15475.0,1692.0,-4.518924279755601,-4.999858667186258,-4.037989892324946,76.46019881346477
29123,Madison County,MO,Expanded 2019-2022,2022.0,"Rural, near a metro",2021,25.5,-1.0,15.7,21.4,10.423203539647567,0.35,2.21,18.3,9.414912537704957,6.0,33600.0,12270.0,1642.0,-4.208052975107824,-4.792771058457831,-3.6233348917578194,69.09622985127046
29125,Maries County,MO,Expanded 2019-2022,2022.0,"Rural, near a metro",2021,33.5,2.0,20.1,17.5,10.606684068949075,0.35,1.1,18.97,9.109082539901955,8.0,40400.0,9037.0,965.0,-6.4161019089721965,-6.92476551280126,-5.9074383051431365,61.915383421581694
29127,Marion County,MO,Expanded 2019-2022,2022.0,Remote rural,2021,24.5,3.6000000000000014,14.9,16.8,10.620863823642551,5.02,1.51,16.42,10.267053697512587,5.0,41000.0,28769.0,3469.0,-4.540330978140236,-5.202769762456772,-3.8778921938237003,157.50408163168478
29129,Mercer County,MO,Expanded 2019-2022,2022.0,Remote rural,2021,28.2,-2.1000000000000014,17.6,17.6,10.564266488063344,0.14,0.96,19.46,8.20631072579402,9.0,38700.0,3664.0,390.0,-4.922929507056555,-5.605463236375577,-4.2403957777375325,19.199425077520562
29131,Miller County,MO,Expanded 2019-2022,2022.0,"Rural, near a metro",2021,26.7,0.5,16.9,20.5,10.506491183243108,0.47,1.66,16.88,10.119082686093009,6.0,36600.0,24812.0,2987.0,-4.504573506327319,-4.9478385715210615,-4.061308441133575,134.55161063399703
29133,Mississippi County,MO,Expanded 2019-2022,2022.0,"Rural, near a metro",2021,22.6,-3.1999999999999993,17.6,36.3,10.35523173816502,24.44,1.86,15.8,9.5591645793702,6.0,31400.0,14174.0,2165.0,-6.397425289762069,-7.7478988663508055,-5.046951713173337,138.50425752334877
29135,Moniteau County,MO,Expanded 2019-2022,2022.0,Metro,2021,30.4,-2.1000000000000014,19.3,14.1,10.739067019969132,3.87,4.28,14.48,9.664087578702395,3.0,46100.0,15742.0,1433.0,-5.940175032756607,-7.003636017795438,-4.87671404771778,85.12270821940218
29137,Monroe County,MO,Expanded 2019-2022,2022.0,Remote rural,2021,28.6,1.0,16.9,15.7,10.56977727892619,2.51,1.19,20.6,9.079092085366229,9.0,38900.0,8770.0,920.0,-4.753019101466204,-5.424080530634864,-4.081957672297547,43.727775733489075
29139,Montgomery County,MO,Expanded 2019-2022,2022.0,"Rural, near a metro",2021,28.3,-0.1999999999999993,16.9,15.3,10.590365120082478,1.44,1.65,19.11,9.37982994995476,6.0,39700.0,11847.0,1304.0,-4.648712982912154,-5.134487465956101,-4.162938499868207,60.61921729717449
29141,Morgan County,MO,Expanded 2019-2022,2022.0,"Rural, near a metro",2021,34.8,1.8999999999999986,24.7,22.0,10.396994062531652,0.65,1.96,23.26,9.909569022851995,8.0,32800.0,20122.0,3006.0,-7.713931711017587,-9.625302809208593,-5.80256061282658,231.88078723318867
29143,New Madrid County,MO,Expanded 2019-2022,2022.0,Remote rural,2021,25.8,0.40000000000000213,17.6,23.7,10.46101544805463,15.56,1.6,17.3,9.815530273776986,7.0,34900.0,18316.0,2493.0,-6.119378205563265,-7.645120343158782,-4.593636067967749,152.5560986646922
29145,Newton County,MO,Expanded 2019-2022,2022.0,Metro,2021,33.6,-0.6999999999999957,20.2,16.1,10.632001876933364,0.82,4.92,16.53,10.974694385513637,3.0,41400.0,58378.0,6685.0,-6.357579725402913,-7.264055884740504,-5.451103566065321,425.0042046431848
29147,Nodaway County,MO,Expanded 2019-2022,2022.0,"Rural, near a metro",2021,20.6,-1.6999999999999993,11.8,18.5,10.644281386563426,2.63,1.48,13.59,10.049793255125712,6.0,42000.0,23151.0,2928.0,-2.2318134899062336,-2.895787425078075,-1.5678395547343933,65.34749898445452
29149,Oregon County,MO,Expanded 2019-2022,2022.0,Remote rural,2021,25.3,-0.1999999999999993,17.0,26.4,10.290924458124902,0.17,1.38,21.1,9.298992069570746,9.0,29500.0,10927.0,1472.0,-4.45489421195686,-4.910127401861439,-3.999661022052271,65.57604280000498
29151,Osage County,MO,Expanded 2019-2022,2022.0,Metro,2021,26.3,-1.5999999999999979,12.5,10.1,10.79937147463262,0.27,0.64,16.07,9.523470868881551,3.0,49000.0,13677.0,964.0,-2.5199164208260476,-2.810999832022018,-2.2288330096300752,24.291994296763097
29153,Ozark County,MO,Expanded 2019-2022,2022.0,Remote rural,2021,29.0,-0.8000000000000007,19.7,26.2,10.335237500902117,0.22,1.61,25.59,9.159362817211315,9.0,30800.0,9503.0,1387.0,-5.627876776286282,-6.746899845187407,-4.5088537073851604,78.05865088709074
29155,Pemiscot County,MO,Expanded 2019-2022,2022.0,Remote rural,2021,22.8,1.1999999999999993,16.9,31.4,10.26339725898479,26.29,2.37,15.39,9.78549199429842,7.0,28700.0,17774.0,2997.0,-6.2110433517836965,-7.453110895862454,-4.968975807704942,186.1449692529574
29157,Perry County,MO,Expanded 2019-2022,2022.0,"Rural, near a metro",2021,28.1,0.0,16.1,12.7,10.892991570737689,0.46,1.99,16.11,9.854979848471084,6.0,53800.0,19053.0,1758.0,-4.2605612177495935,-5.032884375579727,-3.4882380599194587,74.90066620803786
29159,Pettis County,MO,Expanded 2019-2022,2022.0,"Rural, near a metro",2021,31.8,-5.599999999999998,18.6,20.1,10.584739261683007,3.06,8.03,15.09,10.650080708801699,4.0,39500.0,42196.0,5367.0,-5.38973727421679,-6.356198344230687,-4.423276204202893,289.26719950721514
29161,Phelps County,MO,Expanded 2019-2022,2022.0,Remote rural,2021,27.9,-2.900000000000002,17.1,16.4,10.569520440604501,2.27,2.29,14.83,10.714551093197692,5.0,38900.0,45006.0,6646.0,-5.357558133833726,-5.853200627299109,-4.861915640368346,356.0633135745895
29163,Pike County,MO,Expanded 2019-2022,2022.0,"Rural, near a metro",2021,24.7,-2.8000000000000007,16.7,19.8,10.58403063411305,7.41,2.02,16.58,9.831346874758445,6.0,39500.0,18608.0,2141.0,-5.6473839637976155,-6.102393562584416,-5.192374365010819,120.91049066490694
29165,Platte County,MO,Expanded 2019-2022,2022.0,Metro,2021,30.5,4.100000000000001,14.4,7.7,11.13328890939415,6.02,5.45,12.65,11.444293242727234,1.0,68400.0,93367.0,6313.0,-4.132726408214705,-4.8664028822053815,-3.3990499342240263,260.8990181505943
29167,Polk County,MO,Expanded 2019-2022,2022.0,Metro,2021,25.3,-1.3000000000000007,16.4,20.0,10.54594651876855,0.76,2.19,17.05,10.345509572617173,2.0,38000.0,31117.0,4432.0,-4.584303303976471,-5.091082103027724,-4.077524504925216,203.17632243223719
29169,Pulaski County,MO,Expanded 2019-2022,2022.0,Remote rural,2021,25.1,2.6000000000000014,14.6,15.1,10.809707746332515,11.31,10.41,7.6,10.89816423580536,5.0,49500.0,54077.0,5374.0,-4.324864194303125,-5.325694166490641,-3.3240342221156096,232.41820180184996
29171,Putnam County,MO,Expanded 2019-2022,2022.0,Remote rural,2021,27.0,0.6000000000000014,14.9,17.9,10.43722860087286,0.2,1.11,23.34,8.493719835230594,9.0,34100.0,4884.0,507.0,-3.804150123324088,-4.172848054713183,-3.435452191934994,19.28704112525313
29173,Ralls County,MO,Expanded 2019-2022,2022.0,Remote rural,2021,28.1,-2.0,13.7,11.4,10.807563992730705,1.22,1.32,18.34,9.226607344440055,9.0,49400.0,10164.0,899.0,-3.634593827476907,-4.232569860436658,-3.0366177945171584,32.67499850901739
29175,Randolph County,MO,Expanded 2019-2022,2022.0,"Rural, near a metro",2021,21.1,-4.599999999999998,13.7,22.4,10.5710091854571,5.57,1.82,15.17,10.124428680295138,6.0,39000.0,24945.0,3110.0,-4.946372705164165,-5.4936502343155365,-4.399095176012791,153.83219113060554
29177,Ray County,MO,Expanded 2019-2022,2022.0,Metro,2021,28.0,-2.6000000000000014,15.5,13.2,10.867234225566579,1.24,2.19,16.55,10.046028239318238,1.0,52400.0,23064.0,2047.0,-4.60660746288763,-4.967421740804962,-4.2457931849702994,94.29725476530977
29179,Reynolds County,MO,Expanded 2019-2022,2022.0,Remote rural,2021,27.7,0.09999999999999787,18.9,23.3,10.376268571262472,0.81,1.22,21.49,8.772455372611907,9.0,32100.0,6454.0,936.0,-5.446453415060953,-6.298553919686686,-4.594352910435228,50.97880396497052
29181,Ripley County,MO,Expanded 2019-2022,2022.0,Remote rural,2021,25.3,-2.6999999999999993,17.3,23.6,10.336665099210828,0.48,1.09,19.18,9.54574060563606,9.0,30800.0,13985.0,1858.0,-4.569204609110827,-5.212573460400187,-3.925835757821468,84.89582163727916
29183,St. Charles County,MO,Expanded 2019-2022,2022.0,Metro,2021,26.6,0.0,11.1,6.4,11.16291398504703,4.4,3.01,12.83,12.832780833533548,1.0,70500.0,374288.0,16388.0,-2.0079379547512106,-2.8123278210947786,-1.2035480884076426,329.0608720246284
29185,St. Clair County,MO,Expanded 2019-2022,2022.0,"Rural, near a metro",2021,25.7,-3.8000000000000007,16.5,26.4,10.329147367929812,0.59,2.19,25.28,9.157677719392877,8.0,30600.0,9487.0,1333.0,-4.6156200347943495,-4.996225470987622,-4.2350145986010785,61.52621506380868
29186,Ste. Genevieve County,MO,Expanded 2019-2022,2022.0,"Rural, near a metro",2021,28.3,0.5,14.6,12.3,10.784482658015559,0.69,0.91,17.21,9.79540110267107,6.0,48300.0,17951.0,1453.0,-3.5919530829252984,-3.982133179954113,-3.201772985896481,52.191078294904585
29187,St. Francois County,MO,Expanded 2019-2022,2022.0,"Rural, near a metro",2021,22.8,0.1999999999999993,16.2,20.7,10.537309267011258,4.53,1.41,14.78,11.09895428256812,4.0,37700.0,66102.0,9248.0,-5.183306091520579,-5.708220181841825,-4.658392001199334,479.3521473438231
29189,St. Louis County,MO,Expanded 2019-2022,2022.0,Metro,2021,24.6,-1.3999999999999986,12.7,10.9,10.990094734076806,23.66,2.64,16.08,13.815966454027869,1.0,59300.0,1000456.0,69758.0,-2.842477552609663,-4.079308415388871,-1.6056466898304576,1982.8554911494489
29195,Saline County,MO,Expanded 2019-2022,2022.0,"Rural, near a metro",2021,26.6,-0.7999999999999972,16.1,18.4,10.551375826690458,5.23,9.22,16.77,10.058566372936209,6.0,38200.0,23355.0,2651.0,-4.823125508710163,-5.901586667495034,-3.7446643499252987,127.86105723590643
29197,Schuyler County,MO,Expanded 2019-2022,2022.0,Remote rural,2021,26.1,-1.7999999999999972,14.8,21.2,10.492079448708068,0.14,0.98,20.23,8.382518288089635,9.0,36000.0,4370.0,518.0,-4.006677316814956,-4.326923305889614,-3.686431327740297,20.754588501101473
29199,Scotland County,MO,Expanded 2019-2022,2022.0,Remote rural,2021,34.2,-2.299999999999997,25.0,17.6,10.505368864030821,0.06,0.92,18.21,8.495560891289124,9.0,36500.0,4893.0,544.0,-7.99208078500687,-9.248414031454722,-6.735747538559018,43.476919470437366
29201,Scott County,MO,Expanded 2019-2022,2022.0,"Rural, near a metro",2021,26.4,3.3999999999999986,17.5,18.4,10.607599400820764,11.47,2.0,16.05,10.576610581265145,4.0,40400.0,39207.0,4952.0,-5.707801076787848,-6.732865435702496,-4.682736717873206,282.6503093225342
29203,Shannon County,MO,Expanded 2019-2022,2022.0,Remote rural,2021,26.9,-2.3000000000000007,18.5,31.5,10.186332947096382,0.22,1.93,19.32,9.022563964499264,9.0,26500.0,8288.0,1234.0,-5.301072476074548,-6.2187587340695565,-4.383386218079542,65.41523435475993
29205,Shelby County,MO,Expanded 2019-2022,2022.0,Remote rural,2021,28.0,-0.3999999999999986,17.4,17.2,10.607079990957612,0.65,1.22,19.72,8.72453251118548,9.0,40400.0,6152.0,681.0,-4.623851660296762,-4.934049049105208,-4.313654271488315,31.48842980662095
29207,Stoddard County,MO,Expanded 2019-2022,2022.0,"Rural, near a metro",2021,28.1,0.3000000000000007,18.8,16.3,10.537123553672528,0.98,1.54,18.69,10.302095873181079,6.0,37700.0,29795.0,3976.0,-5.190343104161903,-6.026280159832006,-4.354406048491798,206.36804182147725
29209,Stone County,MO,Expanded 2019-2022,2022.0,"Rural, near a metro",2021,28.5,-2.8000000000000007,17.0,16.1,10.571778357097207,0.32,1.83,27.59,10.362746160245683,6.0,39000.0,31658.0,3415.0,-4.698167550355109,-5.245285465779146,-4.1510496349310735,160.44242184462698
29211,Sullivan County,MO,Expanded 2019-2022,2022.0,Remote rural,2021,31.8,1.4000000000000021,17.9,16.5,10.519726690555494,1.4,18.82,18.3,8.77909581088053,9.0,37000.0,6497.0,716.0,-5.580027237324808,-6.445654793466901,-4.714399681182711,39.95299501924563
29213,Taney County,MO,Expanded 2019-2022,2022.0,"Rural, near a metro",2021,28.3,-3.1999999999999993,19.3,19.7,10.459095319074011,1.06,5.14,19.27,10.882846975877266,4.0,34900.0,53255.0,7763.0,-5.619650917046381,-6.173697254121201,-5.065604579971559,436.25350069031055
29215,Texas County,MO,Expanded 2019-2022,2022.0,Remote rural,2021,27.3,-1.3000000000000007,19.1,25.4,10.441908887892918,3.52,1.89,19.3,10.153662442901368,9.0,34300.0,25685.0,4069.0,-5.747962880340297,-6.369101727967293,-5.126824032713303,233.88460960104666
29217,Vernon County,MO,Expanded 2019-2022,2022.0,Remote rural,2021,26.9,0.09999999999999787,17.4,21.5,10.465671468577261,0.72,1.91,17.57,9.95122954852155,7.0,35100.0,20978.0,2637.0,-4.768279672520178,-5.461238026667421,-4.075321318372935,125.73953496435709
29219,Warren County,MO,Expanded 2019-2022,2022.0,Metro,2021,30.4,3.799999999999997,16.3,11.7,10.868892205688535,2.08,3.14,16.16,10.40365659611359,1.0,52500.0,32980.0,3073.0,-4.538525659723433,-5.558535302014038,-3.518516017432827,139.4688935233011
29221,Washington County,MO,Expanded 2019-2022,2022.0,"Rural, near a metro",2021,26.2,0.8999999999999986,17.1,26.2,10.419032025002059,2.31,1.19,14.91,10.132374578477403,6.0,33500.0,25144.0,3775.0,-5.0480002390794345,-5.5182530369941345,-4.577747441164731,190.56200902524864
29223,Wayne County,MO,Expanded 2019-2022,2022.0,Remote rural,2021,27.7,0.1999999999999993,18.0,26.3,10.348429751186492,0.41,1.37,22.03,9.508591395777199,9.0,31200.0,13475.0,1863.0,-5.183662421576207,-6.034978296955499,-4.3323465461969075,96.57163091396473
29225,Webster County,MO,Expanded 2019-2022,2022.0,Metro,2021,28.9,-0.40000000000000213,17.8,19.5,10.69351186640545,1.01,1.78,14.46,10.508513649700895,2.0,44100.0,36626.0,4608.0,-5.380353590646846,-5.993346681528912,-4.7673604997647825,247.92669345700665
29227,Worth County,MO,Expanded 2019-2022,2022.0,Remote rural,2021,25.0,0.5,14.2,15.0,10.540910584323711,0.72,1.2,24.15,7.639642287858013,9.0,37800.0,2079.0,240.0,-3.641042979329225,-4.204090163982293,-3.077995794676155,8.738503150390141
29229,Wright County,MO,Expanded 2019-2022,2022.0,"Rural, near a metro",2021,27.9,-0.3000000000000007,20.1,29.1,10.295698544965877,0.55,1.64,18.63,9.816457993563025,6.0,29600.0,18333.0,3050.0,-5.5722506727961125,-6.823087593137769,-4.321413752454462,169.95364552028144
29510,St. Louis city,MO,Expanded 2019-2022,2022.0,Metro,2021,24.3,0.40000000000000213,16.4,27.2,10.444240842543808,48.21,3.73,11.4,12.671302397936948,1.0,34300.0,318476.0,46379.0,-5.164133078485201,-6.666129464011883,-3.6621366929585193,2395.0732804706513
30001,Beaverhead County,MT,Expanded 2015-2017,2016.0,Remote rural,2015,31.5,-16.700000000000003,17.8,17.1,10.59798382266537,0.26,3.78,19.73,9.138414632404594,7.0,40100.0,9306.0,1335.0,-7.638989304606019,-8.545475560897287,-6.732503048314754,101.98050721649037
30003,Big Horn County,MT,Expanded 2015-2017,2016.0,"Rural, near a metro",2015,42.4,-7.600000000000001,30.8,27.6,10.546025415269531,0.29,4.97,10.91,9.481664377815145,6.0,38000.0,13117.0,2231.0,-9.366011942940432,-10.754865584662884,-7.977158301217977,208.95572644700104
30005,Blaine County,MT,Expanded 2015-2017,2016.0,Remote rural,2015,37.8,-13.900000000000006,27.6,28.2,10.469227407179512,0.18,2.64,14.25,8.800415333145924,9.0,35200.0,6637.0,1268.0,-9.110865271584125,-10.06412186745635,-8.157608675711895,115.5257716436867
30007,Broadwater County,MT,Expanded 2015-2017,2016.0,Remote rural,2015,33.4,-17.5,17.9,13.3,10.741730252713912,0.46,2.41,20.26,8.644002038279933,9.0,46200.0,5676.0,610.0,-7.368015788689716,-8.113952802017346,-6.622078775362086,44.94489631100727
30009,Carbon County,MT,Expanded 2015-2017,2016.0,Metro,2015,34.4,-13.600000000000001,18.6,12.6,10.745334871387179,0.35,2.37,21.79,9.243484970568485,3.0,46400.0,10337.0,1076.0,-7.381923492056053,-8.375679062745455,-6.388167921366652,79.42949677452313
30011,Carter County,MT,Expanded 2015-2017,2016.0,Remote rural,2015,36.8,-13.300000000000004,22.2,15.5,10.571752727571992,0.09,0.69,23.96,7.049254841255837,9.0,39000.0,1152.0,136.0,-9.152614123305183,-10.006864455469007,-8.298363791141362,12.44755520769505
30013,Cascade County,MT,Expanded 2015-2017,2016.0,Metro,2015,29.1,-13.899999999999999,18.3,15.7,10.684508238346313,1.41,3.96,16.34,11.316837585679444,3.0,43700.0,82194.0,9730.0,-7.571714366676896,-8.415286709395039,-6.728142023958761,736.727807877662
30015,Chouteau County,MT,Expanded 2015-2017,2016.0,"Rural, near a metro",2015,38.0,-14.0,26.8,21.8,10.62563512702953,0.19,2.0,17.89,8.67470962929122,8.0,41200.0,5853.0,881.0,-10.224674693211158,-11.26711748194742,-9.182231904474897,90.0793840471903
30017,Custer County,MT,Expanded 2015-2017,2016.0,Remote rural,2015,28.6,-13.600000000000001,15.9,12.8,10.69098991157722,0.36,2.81,18.0,9.382022193665792,7.0,44000.0,11873.0,1238.0,-6.594132456022674,-7.118652783896451,-6.069612128148899,81.6353598055607
30019,Daniels County,MT,Expanded 2015-2017,2016.0,Remote rural,2015,36.4,-16.5,17.5,9.3,10.847393451443256,0.23,2.19,24.82,7.482681828154651,9.0,51400.0,1777.0,140.0,-7.173083470586358,-7.823487758939331,-6.522679182233388,10.042316858820902
30021,Dawson County,MT,Expanded 2015-2017,2016.0,Remote rural,2015,30.5,-13.200000000000003,16.0,11.9,10.832694509676829,0.41,2.61,16.74,9.14644164612595,7.0,50600.0,9381.0,799.0,-6.331863069050114,-7.089771399869396,-5.5739547382308325,50.59158592171041
30023,Deer Lodge County,MT,Expanded 2015-2017,2016.0,Remote rural,2015,30.1,-15.699999999999996,16.5,17.7,10.533215585226419,0.32,3.31,19.88,9.133135301067211,7.0,37500.0,9257.0,1138.0,-7.360865777684251,-8.203731573749087,-6.517999981619418,83.76665255004677
30025,Fallon County,MT,Expanded 2015-2017,2016.0,Remote rural,2015,29.3,-18.7,13.4,7.8,10.986698513961407,0.3,1.58,16.05,8.021912778985708,9.0,59100.0,3047.0,205.0,-5.63799849196265,-6.811191331849615,-4.4648056520756825,11.557896908523432
30027,Fergus County,MT,Expanded 2015-2017,2016.0,Remote rural,2015,32.6,-16.9,17.4,14.4,10.624031004577834,0.26,2.09,22.39,9.346966969508008,7.0,41100.0,11464.0,1199.0,-7.325589731295524,-8.508739684200156,-6.1424397783909015,87.83382087823333
30029,Flathead County,MT,Expanded 2015-2017,2016.0,Remote rural,2015,28.9,-23.1,17.4,16.7,10.755453073853726,0.29,2.5,16.45,11.439655603042453,5.0,46900.0,92935.0,11479.0,-7.002336889588897,-8.289361740240905,-5.715312038936892,803.7982515559096
30031,Gallatin County,MT,Expanded 2015-2017,2016.0,Remote rural,2015,24.6,-14.699999999999996,15.0,14.0,10.945176693804617,0.41,3.1,10.66,11.459503590974155,5.0,56700.0,94798.0,12846.0,-6.144677540226823,-7.427578589339595,-4.861776491114046,789.3452768175376
30033,Garfield County,MT,Expanded 2015-2017,2016.0,Remote rural,2015,31.7,-25.599999999999998,19.0,17.3,10.562638349337766,0.24,0.64,20.57,7.134093721192866,9.0,38700.0,1254.0,145.0,-7.86162935955916,-8.75999574154465,-6.963262977573664,11.399362571360781
30035,Glacier County,MT,Expanded 2015-2017,2016.0,Remote rural,2015,43.3,-3.5,31.9,31.0,10.42370889794248,0.2,2.72,10.76,9.531626451841742,7.0,33600.0,13789.0,2970.0,-9.464671438211518,-10.92252073932073,-8.006822137102311,281.1007417148821
30037,Golden Valley County,MT,Expanded 2015-2017,2016.0,Metro,2015,33.6,-19.199999999999996,19.3,19.6,10.511811868655796,0.0,3.9,21.39,6.740519359606223,3.0,36700.0,846.0,110.0,-8.081357518399273,-8.758720230791486,-7.403994806007066,8.8894932702392
30039,Granite County,MT,Expanded 2015-2017,2016.0,"Rural, near a metro",2015,36.6,-12.5,21.8,15.9,10.630818744876143,0.29,1.96,26.85,8.029107054619736,8.0,41400.0,3069.0,350.0,-9.011115942749663,-9.642664862196547,-8.37956702330279,31.53890579962382
30041,Hill County,MT,Expanded 2015-2017,2016.0,Remote rural,2015,32.6,-13.899999999999999,21.3,18.5,10.674613774412663,0.45,3.22,13.01,9.713234625415893,7.0,43200.0,16535.0,2222.0,-7.762135286814972,-8.636414568623513,-6.887856005006431,172.47464607302865
30043,Jefferson County,MT,Expanded 2015-2017,2016.0,Remote rural,2015,32.2,-18.9,14.9,10.5,10.985309671896763,0.4,2.08,17.14,9.346181594887597,9.0,59000.0,11455.0,882.0,-6.421467425015275,-7.256010290076844,-5.586924559953708,56.63734268863473
30045,Judith Basin County,MT,Expanded 2015-2017,2016.0,"Rural, near a metro",2015,29.1,-23.5,15.4,14.3,10.638999536873841,0.05,1.3,22.1,7.600902459542082,8.0,41700.0,2000.0,234.0,-6.815219743283876,-7.883659056734671,-5.746780429833087,15.94761419928427
30047,Lake County,MT,Expanded 2015-2017,2016.0,"Rural, near a metro",2015,41.5,-7.799999999999997,28.6,20.3,10.57691660222997,0.38,4.07,18.93,10.279214842380336,6.0,39200.0,29121.0,4660.0,-10.541215747081639,-12.098376994183605,-8.984054499979669,491.2206538140044
30049,Lewis and Clark County,MT,Expanded 2015-2017,2016.0,Remote rural,2015,26.6,-15.100000000000001,15.0,12.6,10.896405936645174,0.46,2.83,15.32,11.085736084387904,5.0,54000.0,65234.0,6073.0,-6.163826081468966,-7.179906173045924,-5.14774598989201,374.3291579276103
30051,Liberty County,MT,Expanded 2015-2017,2016.0,Remote rural,2015,30.8,-14.8,17.0,23.0,10.57318697035851,0.17,0.59,19.43,7.767263996757308,9.0,39100.0,2362.0,354.0,-7.300847545669598,-8.423650608209975,-6.178044483129228,25.845000311670375
30053,Lincoln County,MT,Expanded 2015-2017,2016.0,Remote rural,2015,33.5,-13.899999999999999,19.6,17.6,10.46098681649979,0.26,2.7,23.74,9.874264693859224,7.0,34900.0,19424.0,2892.0,-8.009355579347815,-8.788335782348415,-7.230375376347216,231.63056335473883
30055,McCone County,MT,Expanded 2015-2017,2016.0,Remote rural,2015,37.3,-17.0,24.5,15.5,10.643470607933105,0.52,1.34,22.97,7.44716835960004,9.0,41900.0,1715.0,236.0,-9.848828804061775,-10.71072107558699,-8.986936532536566,23.24323597758579
30057,Madison County,MT,Expanded 2015-2017,2016.0,Remote rural,2015,31.9,-17.700000000000003,17.5,12.2,10.692989821338836,0.39,3.19,24.45,8.945593270806897,9.0,44000.0,7674.0,846.0,-7.159786146960977,-8.2590915479234,-6.06048074599855,60.571790803289865
30059,Meagher County,MT,Expanded 2015-2017,2016.0,Remote rural,2015,32.1,-15.699999999999996,18.3,19.6,10.482737886415961,0.32,1.68,24.79,7.55171221535131,9.0,35700.0,1904.0,249.0,-7.917464660753651,-8.719724264575001,-7.1152050569323,19.71448700527659
30061,Mineral County,MT,Expanded 2015-2017,2016.0,"Rural, near a metro",2015,30.6,-15.199999999999996,17.3,18.1,10.495957677342497,0.35,2.6,24.76,8.349484346990128,8.0,36200.0,4228.0,631.0,-7.527524383290235,-8.476415373449287,-6.578633393131181,47.498678858561384
30063,Missoula County,MT,Expanded 2015-2017,2016.0,Metro,2015,24.6,-18.699999999999996,15.7,17.4,10.734111457653192,0.46,2.94,13.09,11.625360894300016,3.0,45900.0,111900.0,17759.0,-6.554351516710908,-8.10819168059989,-5.000511352821917,1163.9872858526903
30065,Musselshell County,MT,Expanded 2015-2017,2016.0,"Rural, near a metro",2015,32.1,-18.4,17.5,17.0,10.58159723451934,0.26,2.93,20.83,8.45126704130007,8.0,39400.0,4681.0,601.0,-7.506321355922226,-8.563751724997388,-6.448890986847065,45.112991349092574
30067,Park County,MT,Expanded 2015-2017,2016.0,Remote rural,2015,29.6,-17.199999999999996,17.3,13.8,10.655823029773595,0.18,2.3,19.11,9.66128859468676,7.0,42400.0,15698.0,2053.0,-7.217637401872285,-8.113323305816595,-6.321951497927975,148.178095860438
30069,Petroleum County,MT,Expanded 2015-2017,2016.0,Remote rural,2015,33.3,-17.1,23.4,14.8,10.526104966905546,0.0,1.19,21.63,6.222576268071369,9.0,37300.0,504.0,69.0,-8.349076010870041,-9.028491825722579,-7.669660196017504,5.760862447500328
30071,Phillips County,MT,Expanded 2015-2017,2016.0,Remote rural,2015,34.9,-17.800000000000004,22.4,18.1,10.601672024613341,0.1,2.26,20.44,8.33302993974291,9.0,40200.0,4159.0,559.0,-8.80757380402836,-9.516146789874822,-8.099000818181905,49.23433756451853
30073,Pondera County,MT,Expanded 2015-2017,2016.0,Remote rural,2015,38.2,-12.699999999999996,24.0,20.1,10.613835940415848,0.31,1.88,18.73,8.734881892047483,7.0,40700.0,6216.0,882.0,-10.589132500708683,-11.366186556016057,-9.812078445401308,93.39614865625057
30075,Powder River County,MT,Expanded 2015-2017,2016.0,Remote rural,2015,33.8,-17.300000000000004,17.4,12.4,10.671440675897315,0.06,1.71,23.5,7.469083884921234,9.0,43100.0,1753.0,157.0,-7.291483838343671,-8.218244266852468,-6.364723409834879,11.447629626199562
30077,Powell County,MT,Expanded 2015-2017,2016.0,"Rural, near a metro",2015,31.9,-13.399999999999999,18.6,20.0,10.592124577618188,1.03,2.24,17.85,8.847503625923641,6.0,39800.0,6957.0,648.0,-7.726280901510192,-8.34331561926602,-7.109246183754364,50.066300241786045
30079,Prairie County,MT,Expanded 2015-2017,2016.0,Remote rural,2015,34.0,-17.5,17.9,12.7,10.6416797978892,0.09,1.98,27.86,7.0587581525186645,9.0,41800.0,1163.0,106.0,-7.570469376977388,-8.685808082868432,-6.455130671086342,8.024697539596032
30081,Ravalli County,MT,Expanded 2015-2017,2016.0,"Rural, near a metro",2015,37.4,-12.600000000000001,23.1,19.8,10.583726782795289,0.33,3.13,21.82,10.613196821395052,6.0,39500.0,40668.0,5688.0,-10.124587115925324,-10.979721230006936,-9.269453001843713,575.8865151538325
30083,Richland County,MT,Expanded 2015-2017,2016.0,Remote rural,2015,37.6,-12.699999999999996,21.0,7.7,11.069306674229184,0.33,4.76,13.29,9.3195534569495,7.0,64200.0,11154.0,902.0,-7.563005977801425,-8.055557038327125,-7.070454917275721,68.21831391976885
30085,Roosevelt County,MT,Expanded 2015-2017,2016.0,Remote rural,2015,43.5,-3.6000000000000014,33.0,26.6,10.442638208053022,0.18,2.56,10.55,9.313708904953216,7.0,34300.0,11089.0,1954.0,-9.376294500356664,-10.715464036279702,-8.037124964433634,183.21279453696923
30087,Rosebud County,MT,Expanded 2015-2017,2016.0,Remote rural,2015,37.3,-11.0,23.1,19.5,10.831647564980372,0.29,4.35,12.73,9.13755460225053,9.0,50600.0,9298.0,1102.0,-8.807720671983667,-9.731660708149809,-7.883780635817525,97.06108180526
30089,Sanders County,MT,Expanded 2015-2017,2016.0,"Rural, near a metro",2015,37.6,-11.299999999999997,23.8,21.9,10.458722329269523,0.27,2.5,25.41,9.333442569110167,8.0,34800.0,11310.0,1819.0,-10.071807250451258,-11.366636736052618,-8.776977764849894,183.20617388570838
30091,Sheridan County,MT,Expanded 2015-2017,2016.0,Remote rural,2015,31.8,-17.499999999999996,15.8,10.4,10.825601297713073,0.47,1.79,20.74,8.195885391314796,9.0,50300.0,3626.0,299.0,-6.757365071264648,-7.518096778911939,-5.9966333636173506,20.204521563081297
30093,Silver Bow County,MT,Expanded 2015-2017,2016.0,Remote rural,2015,26.1,-17.199999999999996,15.5,20.0,10.613762216756664,0.44,4.04,16.84,10.450857233482733,5.0,40700.0,34574.0,5176.0,-6.901167028988563,-8.372181308727187,-5.430152749249938,357.204405420448
30095,Stillwater County,MT,Expanded 2015-2017,2016.0,"Rural, near a metro",2015,33.8,-14.800000000000004,16.5,9.5,10.970075836179038,0.25,3.5,18.38,9.132919225007598,8.0,58100.0,9255.0,718.0,-6.632505828044149,-7.248197264247754,-6.016814391840549,47.621391845356996
30097,Sweet Grass County,MT,Expanded 2015-2017,2016.0,Remote rural,2015,28.1,-21.799999999999997,14.8,12.2,10.67234499233055,0.3,1.94,22.47,8.204671828950811,9.0,43100.0,3658.0,399.0,-6.638227997127889,-7.743454434216731,-5.533001560039051,26.486529708540278
30099,Teton County,MT,Expanded 2015-2017,2016.0,"Rural, near a metro",2015,34.8,-16.200000000000003,19.4,15.1,10.688028161525285,0.08,1.32,21.17,8.707978826622321,8.0,43800.0,6051.0,701.0,-7.944729090584403,-8.996341631061416,-6.893116550107388,55.69255092499667
30101,Toole County,MT,Expanded 2015-2017,2016.0,Remote rural,2015,32.7,-13.199999999999996,19.9,16.9,10.6976558471548,0.68,3.05,15.35,8.54110501146255,7.0,44300.0,5121.0,554.0,-7.446011468012165,-8.459116960051125,-6.432905975973202,41.25090353278739
30103,Treasure County,MT,Expanded 2015-2017,2016.0,"Rural, near a metro",2015,39.1,-10.600000000000001,23.1,11.3,10.784814099374188,0.0,3.17,26.41,6.541029999189903,8.0,48300.0,693.0,69.0,-9.535680303636626,-10.205023115552336,-8.86633749172092,6.579619409509272
30105,Valley County,MT,Expanded 2015-2017,2016.0,Remote rural,2015,35.3,-15.400000000000006,21.5,13.3,10.730881494783121,0.35,2.14,20.58,8.93958096672031,7.0,45700.0,7628.0,726.0,-8.232724440319993,-8.81551288749702,-7.649935993142964,59.76957943672315
30107,Wheatland County,MT,Expanded 2015-2017,2016.0,Remote rural,2015,40.6,-5.5,27.3,19.7,10.389579812881443,0.42,1.7,22.19,7.660585461703256,9.0,32500.0,2123.0,281.0,-10.529392682903381,-12.270584758725878,-8.788200607080892,29.5875934389585
30109,Wibaux County,MT,Expanded 2015-2017,2016.0,Remote rural,2015,40.2,-7.699999999999996,23.8,11.0,10.685606686898337,0.0,2.63,21.53,7.00397413672268,9.0,43700.0,1101.0,102.0,-10.698719488831882,-11.86888433160847,-9.5285546460553,10.912693878608518
30111,Yellowstone County,MT,Expanded 2015-2017,2016.0,Metro,2015,30.6,-13.899999999999999,18.1,12.9,10.860517075469227,0.64,5.12,14.91,11.94324577407657,3.0,52100.0,153775.0,15134.0,-6.929134038206996,-7.661960281839483,-6.196307794574509,1048.655145342247
31001,Adams County,NE,Expanded 2019-2022,2021.0,"Rural, near a metro",2020,23.9,0.1999999999999993,14.5,11.4,10.864120475761018,0.76,8.61,16.0,10.358599600533706,4.0,52300.0,31527.0,2687.0,-3.5537280584431645,-4.1927494962600145,-2.9147066206263137,95.48867293036784
31003,Antelope County,NE,Expanded 2019-2022,2021.0,Remote rural,2020,23.6,0.0,14.3,12.8,10.795772435943437,0.25,3.14,22.16,8.775240458738327,9.0,48800.0,6472.0,512.0,-3.4413992582360047,-3.8854378573010284,-2.997360659170982,17.619964202168344
31005,Arthur County,NE,Expanded 2019-2022,2021.0,Remote rural,2020,10.3,-9.099999999999998,7.9,9.2,10.593479761402772,0.0,4.85,21.15,6.118097198041348,9.0,39900.0,454.0,68.0,-2.210453594901523,-2.5631163223508477,-1.8577908674521981,1.5031084445330356
31007,Banner County,NE,Expanded 2019-2022,2021.0,Remote rural,2020,13.2,-3.5,7.7,12.3,10.752975869264068,0.88,4.42,21.83,6.519147287940395,9.0,46800.0,678.0,76.0,-1.9358305842198915,-2.365456340430507,-1.5062048280092784,1.4712312440071176
31009,Blaine County,NE,Expanded 2019-2022,2021.0,Remote rural,2020,10.5,-11.100000000000001,8.1,18.0,10.553805517120653,0.21,0.21,20.0,6.152732694704104,9.0,38300.0,470.0,76.0,-2.537414551813224,-3.1127811987111453,-1.9620479049153028,1.9284350593780502
31011,Boone County,NE,Expanded 2019-2022,2021.0,Remote rural,2020,18.6,-3.3999999999999986,10.5,9.9,10.822893427310428,0.39,1.52,21.62,8.593598522618644,9.0,50200.0,5397.0,355.0,-1.7081043828078246,-2.1378990937435582,-1.2783096718720892,6.063770558967777
31013,Box Butte County,NE,Expanded 2019-2022,2021.0,Remote rural,2020,27.9,3.799999999999997,18.3,12.9,10.898959082284724,0.54,11.54,15.79,9.332203959733024,7.0,54100.0,11296.0,884.0,-4.675013370817535,-5.536999424811575,-3.813027316823495,41.32711819802701
31015,Boyd County,NE,Expanded 2019-2022,2021.0,Remote rural,2020,17.2,-7.0,12.0,13.9,10.592576509635219,0.1,1.93,27.78,7.60887062919126,9.0,39800.0,2016.0,180.0,-2.367677353523903,-2.9544097612797975,-1.780944945768009,4.261819236343026
31017,Brown County,NE,Expanded 2019-2022,2021.0,Remote rural,2020,18.6,-2.8999999999999986,12.1,13.8,10.593153681259418,0.2,1.01,24.92,7.992268643270745,9.0,39900.0,2958.0,301.0,-2.4244618815297634,-2.7377473591868258,-2.1111764038727,7.297630263404588
31019,Buffalo County,NE,Expanded 2019-2022,2021.0,"Rural, near a metro",2020,23.0,-2.1000000000000014,13.8,12.7,10.8653824262153,0.92,8.23,12.59,10.778935456339678,4.0,52300.0,47999.0,4677.0,-3.3271542401036545,-4.023487743627074,-2.6308207365802403,155.6110038096479
31021,Burt County,NE,Expanded 2019-2022,2021.0,"Rural, near a metro",2020,26.6,2.3000000000000007,16.5,11.7,10.773713403281205,0.38,2.51,23.53,8.790269111478656,8.0,47700.0,6570.0,530.0,-4.210356375924315,-4.597323834274229,-3.8233889175743987,22.31488879239887
31023,Butler County,NE,Expanded 2019-2022,2021.0,"Rural, near a metro",2020,20.4,-4.0,11.6,9.8,10.740973143967752,0.51,2.87,19.35,9.015662792972645,6.0,46200.0,8231.0,505.0,-1.9700599088291886,-2.210978455457171,-1.729141362201206,9.948802539587403
31025,Cass County,NE,Expanded 2019-2022,2021.0,Metro,2020,22.8,-1.3999999999999986,12.5,8.2,11.06253621000807,0.43,2.96,15.28,10.138362026726037,2.0,63700.0,25295.0,1418.0,-2.318598628176193,-2.880890374903827,-1.7563068814485572,32.87772854753842
31027,Cedar County,NE,Expanded 2019-2022,2021.0,Remote rural,2020,23.6,-0.5,13.1,9.4,10.938449814127782,0.09,1.58,20.67,9.062420241899561,9.0,56300.0,8625.0,522.0,-2.71788499980984,-3.1157012177303103,-2.3200687818893697,14.187359699007365
31029,Chase County,NE,Expanded 2019-2022,2021.0,Remote rural,2020,33.0,-5.5,18.2,9.8,10.8766122011623,0.25,13.36,20.12,8.289288323000317,9.0,52900.0,3981.0,276.0,-5.568150216023089,-6.140196778728908,-4.996103653317271,15.368094596223726
31031,Cherry County,NE,Expanded 2019-2022,2021.0,Remote rural,2020,17.8,-10.7,14.2,13.5,10.674266845309926,0.35,2.75,21.41,8.657824321155983,7.0,43200.0,5755.0,596.0,-3.9878483788788146,-4.475480001154975,-3.5002167566026547,23.767576338117735
31033,Cheyenne County,NE,Expanded 2019-2022,2021.0,Remote rural,2020,18.4,-1.9000000000000021,11.6,9.9,10.886127664951816,0.4,6.63,16.53,9.217018026729423,7.0,53400.0,10067.0,773.0,-1.5887667450518246,-1.9588385876620635,-1.2186949024415847,12.281166939250603
31035,Clay County,NE,Expanded 2019-2022,2021.0,"Rural, near a metro",2020,27.6,-1.6999999999999993,14.8,11.4,10.831449905270684,0.42,8.46,18.62,8.757469141470748,8.0,50600.0,6358.0,431.0,-3.8780103556143746,-4.4549518495323355,-3.3010688616964137,16.714224632697956
31037,Colfax County,NE,Expanded 2019-2022,2021.0,Remote rural,2020,46.1,1.8999999999999986,25.5,10.1,10.841598482883397,1.46,43.29,13.37,9.254739959272866,7.0,51100.0,10454.0,831.0,-9.639812522495612,-10.774641688626506,-8.504983356364708,80.10684206193854
31039,Cuming County,NE,Expanded 2019-2022,2021.0,Remote rural,2020,29.9,-1.9000000000000021,17.3,9.8,10.82480562612431,0.19,9.15,21.21,9.106090350602384,7.0,50300.0,9010.0,622.0,-4.747725174140897,-5.444637986191631,-4.050812362090165,29.530850583156383
31041,Custer County,NE,Expanded 2019-2022,2021.0,Remote rural,2020,19.6,-5.099999999999998,13.3,13.1,10.705668494120196,0.5,2.55,21.15,9.289890650734192,7.0,44600.0,10828.0,911.0,-2.99941187432073,-3.4788896131805984,-2.519934135460862,27.324642175061847
31043,Dakota County,NE,Expanded 2019-2022,2021.0,Metro,2020,35.9,-4.399999999999999,21.5,14.4,10.72834258908784,3.95,37.07,12.2,9.941024156064854,3.0,45600.0,20765.0,1893.0,-7.846190316124632,-9.287040304892365,-6.405340327356907,148.5283826842393
31045,Dawes County,NE,Expanded 2019-2022,2021.0,Remote rural,2020,18.8,-3.099999999999998,13.3,17.5,10.58423315037833,1.57,4.11,16.94,9.111845125227083,7.0,39500.0,9062.0,966.0,-3.7411548770548433,-4.285359995033888,-3.1969497590758005,36.13955611234979
31047,Dawson County,NE,Expanded 2019-2022,2021.0,Remote rural,2020,38.4,2.1000000000000014,22.1,14.8,10.713884293146313,3.98,32.74,14.72,10.086475553873242,7.0,45000.0,24016.0,1963.0,-8.613452915666201,-10.895622979461793,-6.331282851870602,169.08208073452755
31049,Deuel County,NE,Expanded 2019-2022,2021.0,Remote rural,2020,24.1,-1.5,13.7,12.8,10.789793191319704,0.36,5.21,23.49,7.560080465021827,9.0,48500.0,1920.0,158.0,-3.304548901973789,-3.906297507769999,-2.702800296177579,5.221187265118586
31051,Dixon County,NE,Expanded 2019-2022,2021.0,Metro,2020,34.1,5.800000000000001,17.4,10.2,10.771365049194207,0.38,11.59,19.02,8.668196064952765,3.0,47600.0,5815.0,387.0,-5.335424270943606,-6.555927975100806,-4.114920566786406,20.648091928551757
31053,Dodge County,NE,Expanded 2019-2022,2021.0,"Rural, near a metro",2020,25.9,-1.9000000000000021,15.3,11.3,10.792838649154332,0.77,11.01,18.67,10.504985344411832,4.0,48700.0,36497.0,2972.0,-4.1721815283904995,-4.483893432903067,-3.860469623877932,123.99723502376564
31055,Douglas County,NE,Expanded 2019-2022,2021.0,Metro,2020,24.9,-4.0,14.9,15.2,10.85821022502582,11.25,11.73,11.3,13.193257906260865,2.0,52000.0,536734.0,47674.0,-3.6727368638908957,-4.757085438369223,-2.588388289412567,1750.9405724913456
31057,Dundy County,NE,Expanded 2019-2022,2021.0,Remote rural,2020,28.5,-3.700000000000003,20.0,13.6,10.759985816257926,0.36,7.26,21.94,7.578145472419466,9.0,47100.0,1955.0,172.0,-5.715722064940295,-6.395276904993923,-5.0361672248866585,9.831041951697308
31059,Fillmore County,NE,Expanded 2019-2022,2021.0,"Rural, near a metro",2020,21.6,0.0,12.4,9.0,10.870585460661555,0.59,3.71,22.6,8.637107288081575,8.0,52600.0,5637.0,380.0,-2.050238024492942,-2.5340921697562777,-1.566383879229607,7.79090449307318
31061,Franklin County,NE,Expanded 2019-2022,2021.0,Remote rural,2020,18.6,-5.099999999999998,10.6,13.0,10.711546985327436,0.07,1.31,24.98,8.027150106832774,9.0,44900.0,3063.0,258.0,-1.896583363519535,-2.3222830778991677,-1.4708836491399016,4.8931850778804
31063,Frontier County,NE,Expanded 2019-2022,2021.0,Remote rural,2020,15.4,-7.499999999999998,10.7,13.4,10.784316896132124,0.18,1.8,20.77,7.906915488678587,9.0,48300.0,2716.0,254.0,-1.900547134931009,-2.154683635576066,-1.646410634285953,4.827389722724763
31065,Furnas County,NE,Expanded 2019-2022,2021.0,Remote rural,2020,24.6,1.1000000000000014,15.2,14.2,10.632146654097433,0.23,3.08,23.08,8.482601746646619,9.0,41400.0,4830.0,418.0,-3.8370319903221466,-4.101836217514758,-3.5722277631295354,16.03879371954657
31067,Gage County,NE,Expanded 2019-2022,2021.0,"Rural, near a metro",2020,20.2,-0.10000000000000142,13.3,11.3,10.719117817310622,0.48,2.04,19.64,9.988150340414837,6.0,45200.0,21767.0,1813.0,-2.688901806090048,-3.187799499371146,-2.1900041128089502,48.74978974441257
31069,Garden County,NE,Expanded 2019-2022,2021.0,Remote rural,2020,17.3,-9.0,11.4,15.9,10.567128679463297,0.31,4.52,28.6,7.56164174558878,9.0,38800.0,1923.0,231.0,-2.1926232634690206,-2.68872440389118,-1.6965221230468592,5.064959738613438
31071,Garfield County,NE,Expanded 2019-2022,2021.0,Remote rural,2020,12.7,-6.100000000000001,8.2,12.9,10.615407418419357,0.4,1.19,27.6,7.611842399580417,9.0,40800.0,2022.0,204.0,-2.228442874696429,-2.629743467790107,-1.8271422816027507,4.546023464380714
31073,Gosper County,NE,Expanded 2019-2022,2021.0,Remote rural,2020,27.4,4.799999999999997,14.9,9.9,10.97433459624347,0.4,3.97,22.11,7.6093665379542115,9.0,58400.0,2017.0,135.0,-3.6279814213965498,-4.259630766799471,-2.9963320759936307,4.897774918885342
31075,Grant County,NE,Expanded 2019-2022,2021.0,Remote rural,2020,18.3,2.8000000000000007,13.5,11.1,10.709472226359443,0.16,1.26,20.38,6.450470422144176,9.0,44800.0,633.0,60.0,-2.656728411571855,-3.1338407065264127,-2.1796161166172974,1.5940370469431129
31077,Greeley County,NE,Expanded 2019-2022,2021.0,"Rural, near a metro",2020,17.0,-13.2,12.3,13.6,10.66296071826755,0.72,2.01,23.8,7.817222785508166,8.0,42700.0,2483.0,212.0,-2.7366061756279936,-3.340180054927159,-2.133032296328828,5.8016050923313465
31079,Hall County,NE,Expanded 2019-2022,2021.0,Metro,2020,35.7,0.30000000000000426,21.0,14.9,10.814765742586738,2.1,25.59,13.8,11.010150679393949,3.0,49700.0,60485.0,5189.0,-7.372190795141559,-9.055607493456556,-5.68877409682656,382.54298035989547
31081,Hamilton County,NE,Expanded 2019-2022,2021.0,Metro,2020,21.9,-0.20000000000000284,12.5,8.8,10.908942342717989,0.26,2.77,17.73,9.118444357271645,3.0,54700.0,9122.0,511.0,-2.1960434622225216,-2.7319616515651175,-1.6601252728799258,11.221782091957087
31083,Harlan County,NE,Expanded 2019-2022,2021.0,Remote rural,2020,21.9,-0.40000000000000213,14.0,12.1,10.732170365888766,0.23,1.69,23.45,8.15708378502887,9.0,45800.0,3488.0,265.0,-3.2720943204055026,-3.5251308105917216,-3.019057830219283,8.671049949074582
31085,Hayes County,NE,Expanded 2019-2022,2021.0,Remote rural,2020,15.4,-23.4,14.9,14.6,10.841559345471941,0.74,4.44,21.54,6.853299093186078,9.0,51100.0,947.0,117.0,-5.667327324039324,-6.868049916231871,-4.466604731846776,6.630772969126008
31087,Hitchcock County,NE,Expanded 2019-2022,2021.0,Remote rural,2020,19.4,-6.700000000000003,12.4,15.0,10.602045070788348,0.21,2.28,23.34,7.9561263512135,9.0,40200.0,2853.0,263.0,-2.651714786599589,-3.20863222664766,-2.0947973465515175,6.974009888756919
31089,Holt County,NE,Expanded 2019-2022,2021.0,Remote rural,2020,17.7,-6.800000000000001,12.2,13.0,10.703648880750555,0.22,3.82,20.5,9.24763615671988,7.0,44500.0,10380.0,842.0,-2.1617347808281346,-2.5879434465109266,-1.7355261151453418,18.201806854572894
31091,Hooker County,NE,Expanded 2019-2022,2021.0,Remote rural,2020,28.0,10.100000000000001,16.3,9.9,10.580937168488774,0.0,1.09,28.59,6.594413459749778,9.0,39400.0,731.0,50.0,-4.243431547274382,-4.613474634025799,-3.873388460522964,2.121715773637191
31093,Howard County,NE,Expanded 2019-2022,2021.0,Metro,2020,17.9,-4.100000000000001,10.0,10.9,10.809647137210824,0.3,2.4,19.58,8.754160749323518,3.0,49500.0,6337.0,513.0,-1.697377735072539,-1.9129837028983823,-1.4817717672466952,8.707547780922125
31095,Jefferson County,NE,Expanded 2019-2022,2021.0,Remote rural,2020,20.8,-0.5999999999999979,13.5,12.7,10.741859985248853,0.37,3.45,22.04,8.9242570208881,7.0,46300.0,7512.0,602.0,-3.04364906808459,-3.4617969509562796,-2.6255011852129,18.32276738986923
31097,Johnson County,NE,Expanded 2019-2022,2021.0,"Rural, near a metro",2020,19.3,-5.5,13.6,14.8,10.746260907051886,5.63,9.62,17.92,8.550047528287184,8.0,46500.0,5167.0,393.0,-3.9592687130091364,-4.71876667970701,-3.199770746311261,15.559926042125905
31099,Kearney County,NE,Expanded 2019-2022,2021.0,Remote rural,2020,23.2,-1.0,11.3,9.2,10.965141899385193,0.19,4.87,18.95,8.777401286867264,7.0,57800.0,6486.0,419.0,-1.9050074358445022,-2.458324770234359,-1.3516901014546454,7.981981156188463
31101,Keith County,NE,Expanded 2019-2022,2021.0,Remote rural,2020,20.4,-2.900000000000002,14.5,13.9,10.665484260976488,0.38,6.07,23.4,9.006754319877503,7.0,42900.0,8158.0,657.0,-3.805301305137887,-4.127151579620175,-3.483451030655599,25.00082957475592
31103,Keya Paha County,NE,Expanded 2019-2022,2021.0,Remote rural,2020,10.4,-20.1,11.8,19.4,10.63323181522976,0.0,0.51,27.22,6.672032945461067,9.0,41500.0,790.0,106.0,-3.709591838551568,-4.740170514114224,-2.6790131629889125,3.9321673488646622
31105,Kimball County,NE,Expanded 2019-2022,2021.0,"Rural, near a metro",2020,25.5,0.6000000000000014,16.8,13.6,10.714928749290774,0.16,8.69,22.47,8.214465160759186,8.0,45000.0,3694.0,321.0,-4.424430975062638,-5.246391035163356,-3.60247091496192,14.202423429951066
31107,Knox County,NE,Expanded 2019-2022,2021.0,Remote rural,2020,24.7,-1.0,16.1,15.1,10.622935807515445,0.25,2.51,23.53,9.053920452704881,9.0,41100.0,8552.0,668.0,-4.330005870483366,-4.853052464935041,-3.80695927603169,28.924439214828883
31109,Lancaster County,NE,Expanded 2019-2022,2021.0,Metro,2020,21.3,-0.5,13.2,14.8,10.864273524296834,3.6,6.34,11.81,12.601854353822578,2.0,52300.0,297109.0,29108.0,-2.6536784774235325,-3.6432468467374672,-1.6641101081095973,772.4327312084419
31111,Lincoln County,NE,Expanded 2019-2022,2021.0,Remote rural,2020,21.7,0.1999999999999993,14.0,12.6,10.866566445909042,0.75,7.9,16.67,10.489494857538169,5.0,52400.0,35936.0,2751.0,-3.337919011009653,-4.06190587275108,-2.613932149268221,91.82615199287557
31113,Logan County,NE,Expanded 2019-2022,2021.0,Remote rural,2020,20.0,-5.300000000000001,11.1,10.6,10.793187872136752,0.39,1.67,19.31,6.655440350367647,9.0,48700.0,777.0,75.0,-1.7945839062553646,-2.231533052040454,-1.3576347604702748,1.3459379296915233
31115,Loup County,NE,Expanded 2019-2022,2021.0,Remote rural,2020,10.5,-6.199999999999999,8.0,16.7,10.625999341725977,0.68,2.39,25.21,6.375024819828097,9.0,41200.0,587.0,86.0,-2.2303083544376414,-2.7128907398469004,-1.7477259690283797,1.9180651848163714
31117,McPherson County,NE,Expanded 2019-2022,2021.0,Remote rural,2020,14.5,-3.0,9.7,14.9,10.617270346696145,0.38,0.57,20.64,6.269096283706261,9.0,40800.0,528.0,62.0,-2.203375985970332,-2.643832302772095,-1.7629196691685687,1.3660931113016057
31119,Madison County,NE,Expanded 2019-2022,2021.0,Remote rural,2020,28.0,0.3999999999999986,16.7,12.5,10.73068474121633,1.3,14.19,15.15,10.467294545090018,5.0,45700.0,35147.0,2926.0,-4.693304829126043,-5.465640367990014,-3.920969290262068,137.326099300228
31121,Merrick County,NE,Expanded 2019-2022,2021.0,Metro,2020,21.9,-1.4000000000000021,12.7,11.1,10.8260982711551,0.26,3.98,19.22,8.965717788984849,3.0,50300.0,7830.0,658.0,-2.4800662684052597,-3.0815280028406637,-1.8786045339698556,16.318836046106608
31123,Morrill County,NE,Expanded 2019-2022,2021.0,Remote rural,2020,27.4,-2.400000000000002,16.8,13.4,10.764181004307874,0.16,14.7,19.23,8.502079553606189,9.0,47300.0,4925.0,452.0,-4.8169982317640825,-5.282257071661605,-4.35173939186656,21.77283200757365
31125,Nance County,NE,Expanded 2019-2022,2021.0,"Rural, near a metro",2020,18.3,-1.8000000000000007,10.5,12.6,10.716437949035694,0.34,2.45,19.62,8.17695386822578,8.0,45100.0,3558.0,311.0,-1.8495327510398871,-2.127764951345308,-1.5713005507344666,5.752046855734049
31127,Nemaha County,NE,Expanded 2019-2022,2021.0,Remote rural,2020,21.1,-0.5999999999999979,13.1,13.2,10.797369062897154,0.95,2.45,17.32,8.874727765766853,7.0,48900.0,7149.0,522.0,-2.609097737119542,-3.2901139377806827,-1.9280815364584034,13.61949018776401
31129,Nuckolls County,NE,Expanded 2019-2022,2021.0,Remote rural,2020,21.9,0.1999999999999993,12.6,11.6,10.695099024366057,0.14,2.33,26.35,8.385716828627851,9.0,44100.0,4384.0,319.0,-2.382486458434724,-2.860366770182375,-1.9046061466870747,7.6001318024067706
31131,Otoe County,NE,Expanded 2019-2022,2021.0,"Rural, near a metro",2020,23.7,-2.5,12.8,9.8,10.869805778009932,0.54,6.76,18.89,9.660651367876183,6.0,52600.0,15688.0,1061.0,-2.6719380600390714,-3.279405336145017,-2.064470783933124,28.349262817014548
31133,Pawnee County,NE,Expanded 2019-2022,2021.0,Remote rural,2020,19.9,-5.5,12.8,15.2,10.564498863066003,0.47,1.89,26.98,7.919356190660617,9.0,38700.0,2750.0,246.0,-3.03322318749838,-3.538972816511232,-2.5274735584855317,7.461729041246015
31135,Perkins County,NE,Expanded 2019-2022,2021.0,Remote rural,2020,25.4,-5.0,16.6,10.0,10.894755878333363,0.48,3.32,21.03,7.969357742016346,9.0,53900.0,2891.0,201.0,-4.776823888926523,-5.5897101397725395,-3.963937638080505,9.601416016742311
31137,Phelps County,NE,Expanded 2019-2022,2021.0,Remote rural,2020,21.4,-2.3000000000000007,13.3,8.7,10.88943493554677,0.37,5.15,19.32,9.12467354521909,7.0,53600.0,9179.0,660.0,-2.9079418730333426,-3.5520582575859927,-2.263825488480694,19.19241636202006
31139,Pierce County,NE,Expanded 2019-2022,2021.0,Remote rural,2020,18.4,-1.0,10.1,9.6,10.835789419349267,0.24,1.39,18.18,8.87905466204227,9.0,50800.0,7180.0,456.0,-1.6077544537076198,-2.009157973446432,-1.2063509339688099,7.3313603089067465
31141,Platte County,NE,Expanded 2019-2022,2021.0,Remote rural,2020,28.9,-2.5,16.4,10.2,10.866050996740961,0.46,16.0,15.59,10.39191418135864,5.0,52400.0,32595.0,2173.0,-4.798162904380618,-5.26790390475716,-4.328421904004076,104.26407991219082
31143,Polk County,NE,Expanded 2019-2022,2021.0,Remote rural,2020,30.3,3.6000000000000014,16.1,8.9,10.944082234834664,0.17,3.93,19.76,8.564458383883352,9.0,56600.0,5242.0,337.0,-4.345947141135959,-4.869789006739699,-3.822105275532218,14.64584186562818
31145,Red Willow County,NE,Expanded 2019-2022,2021.0,Remote rural,2020,19.1,-2.299999999999997,13.9,12.2,10.710543607203856,0.87,4.59,18.95,9.310457163310955,7.0,44800.0,11053.0,925.0,-3.5829489871133213,-3.9938762296972463,-3.172021744529391,33.142278130798225
31147,Richardson County,NE,Expanded 2019-2022,2021.0,Remote rural,2020,24.2,2.099999999999998,16.5,14.4,10.637752683816972,0.25,1.82,23.15,9.003439196207838,7.0,41700.0,8131.0,718.0,-4.177850846511682,-4.679799808214336,-3.6759018848090284,29.99696907795388
31149,Rock County,NE,Expanded 2019-2022,2021.0,Remote rural,2020,15.3,-12.599999999999998,10.7,15.2,10.618151576558324,0.07,0.76,23.33,7.272398392570047,9.0,40900.0,1440.0,124.0,-2.4202278325341204,-2.7569562568551915,-2.0834994082130485,3.0010825123423097
31151,Saline County,NE,Expanded 2019-2022,2021.0,"Rural, near a metro",2020,34.8,-0.6000000000000014,18.5,12.0,10.800534301043522,0.78,22.9,14.54,9.567944883732848,6.0,49000.0,14299.0,1063.0,-6.634357356828805,-8.005895643242301,-5.262819070415309,70.52321870309021
31153,Sarpy County,NE,Expanded 2019-2022,2021.0,Metro,2020,20.7,-4.699999999999999,11.2,6.3,11.123432126371762,3.92,8.14,9.73,12.037594820556869,2.0,67700.0,168990.0,9259.0,-2.0258234228067384,-2.87959870329158,-1.1720481423218967,187.57099071767593
31155,Saunders County,NE,Expanded 2019-2022,2021.0,Metro,2020,24.9,1.6999999999999993,12.7,8.7,11.021477541630475,0.45,1.95,16.79,9.94640335351296,2.0,61200.0,20877.0,1136.0,-2.3906004609501617,-2.9033596982123617,-1.8778412236879642,27.157221236393838
31157,Scotts Bluff County,NE,Expanded 2019-2022,2021.0,Remote rural,2020,25.8,0.6000000000000014,18.7,15.2,10.67835295938093,0.54,22.64,17.11,10.514692305429964,5.0,43400.0,36853.0,3441.0,-5.5091799177895435,-6.56507399885968,-4.453285836719407,189.5708809711382
31159,Seward County,NE,Expanded 2019-2022,2021.0,Metro,2020,22.1,1.4000000000000021,11.5,10.2,10.986190624738057,0.51,2.1,15.89,9.740615619563487,2.0,59100.0,16994.0,925.0,-1.469874204643782,-1.9887387077657188,-0.9510097015218432,13.596336392954983
31161,Sheridan County,NE,Expanded 2019-2022,2021.0,Remote rural,2020,21.6,-8.299999999999997,17.7,16.0,10.556099155887797,0.29,3.86,22.91,8.557951183888406,9.0,38400.0,5208.0,574.0,-4.973780037505035,-5.635673457846211,-4.311886617163861,28.5494974152789
31163,Sherman County,NE,Expanded 2019-2022,2021.0,"Rural, near a metro",2020,16.1,-9.0,11.1,13.8,10.62677589000806,0.2,1.89,24.7,8.026496938945412,8.0,41200.0,3061.0,286.0,-2.0664057101088558,-2.5823064508004805,-1.5505049694172321,5.909920330911327
31165,Sioux County,NE,Expanded 2019-2022,2021.0,Remote rural,2020,11.0,-12.899999999999999,9.2,16.5,10.78545595456471,0.08,5.19,21.43,7.1929342212158,9.0,48300.0,1330.0,172.0,-2.132070881240535,-2.4483130749870954,-1.8158286874939735,3.66716191573372
31167,Stanton County,NE,Expanded 2019-2022,2021.0,Remote rural,2020,23.7,1.5999999999999979,11.7,8.3,10.90159787403211,0.74,5.45,15.28,8.713910628493924,9.0,54300.0,6087.0,379.0,-1.6384715784288852,-2.144190619763503,-1.1327525370942677,6.2098072822454755
31169,Thayer County,NE,Expanded 2019-2022,2021.0,Remote rural,2020,21.4,-2.5,12.2,13.1,10.690534828289124,0.25,2.01,24.91,8.552367266423891,9.0,43900.0,5179.0,365.0,-2.291406115689575,-2.708157300449036,-1.8746549309301137,8.363632322266948
31171,Thomas County,NE,Expanded 2019-2022,2021.0,Remote rural,2020,17.1,-8.5,14.0,15.5,10.67468314579237,0.14,2.98,20.57,6.558197802812269,9.0,43200.0,705.0,70.0,-3.842154458847907,-4.372268728594821,-3.312040189100993,2.689508121193535
31173,Thurston County,NE,Expanded 2019-2022,2021.0,"Rural, near a metro",2020,25.1,-4.199999999999999,21.7,30.5,10.559918880159413,0.48,4.44,12.31,8.835210463664092,8.0,38600.0,6872.0,1155.0,-6.070634180412287,-7.101233738886595,-5.040034621937982,70.11582478376191
31175,Valley County,NE,Expanded 2019-2022,2021.0,Remote rural,2020,21.4,-2.3000000000000007,14.3,12.3,10.694328433692867,0.24,2.1,23.85,8.338305731356565,9.0,44100.0,4181.0,384.0,-3.656877167564637,-3.930944248198082,-3.382810086931195,14.042408323448207
31177,Washington County,NE,Expanded 2019-2022,2021.0,Metro,2020,22.3,-0.1999999999999993,11.8,7.7,11.099831329697572,0.62,2.47,15.82,9.89600966268017,2.0,66200.0,19851.0,1058.0,-1.929227127906095,-2.3077007324915613,-1.550753523320628,20.411223013246488
31179,Wayne County,NE,Expanded 2019-2022,2021.0,"Rural, near a metro",2020,21.6,0.5,11.9,13.2,10.819398212191988,1.76,5.09,14.07,9.152817185732516,6.0,50000.0,9441.0,735.0,-1.6106066435256101,-2.2833266323326313,-0.9378866547185875,11.837958829913234
31181,Webster County,NE,Expanded 2019-2022,2021.0,Remote rural,2020,19.0,-2.3000000000000007,11.2,12.4,10.652660561358601,0.44,4.39,23.03,8.200562797008564,9.0,42300.0,3643.0,289.0,-1.860176185611826,-2.2475678816619915,-1.472784489561663,5.375909176418177
31183,Wheeler County,NE,Expanded 2019-2022,2021.0,Remote rural,2020,11.2,-11.5,10.6,16.0,10.531962869735489,0.0,0.9,22.59,6.658011045870748,9.0,37500.0,779.0,98.0,-2.4326914121425367,-2.932800987932468,-1.9325818363526062,2.384037583899686
31185,York County,NE,Expanded 2019-2022,2021.0,"Rural, near a metro",2020,20.4,-1.5,12.2,9.8,10.945300186531934,1.41,4.43,18.55,9.536184905522312,6.0,56700.0,13852.0,914.0,-2.034383055756825,-2.6037755252948624,-1.4649905862187866,18.59426112961738
32001,Churchill County,NV,Expanded 2014,2014.0,"Rural, near a metro",2013,41.7,-3.0999999999999943,25.6,13.9,10.822933302103584,1.82,12.89,17.01,10.082762807393678,6.0,50200.0,23927.0,3119.0,-9.594105768308069,-11.622109209891478,-7.566102326724659,299.24015891352866
32003,Clark County,NV,Expanded 2014,2014.0,Metro,2013,50.1,-3.0,29.9,16.3,10.840972100417284,10.46,30.04,12.9,14.517217499022033,1.0,51100.0,2017193.0,273933.0,-6.408277078390822,-8.286094032640776,-4.530460124140872,17554.385649148328
32005,Douglas County,NV,Expanded 2014,2014.0,"Rural, near a metro",2013,49.2,-4.099999999999994,26.6,10.2,10.943993919797204,0.61,11.69,23.72,10.756518944771091,4.0,56600.0,46935.0,4063.0,-9.543512787539996,-10.843789268426095,-8.243236306653907,387.75292455775
32007,Elko County,NV,Expanded 2014,2014.0,Remote rural,2013,49.5,-8.100000000000001,27.3,9.1,11.17540868300142,1.08,23.4,9.27,10.8654015344347,5.0,71400.0,52334.0,4603.0,-6.893158698381504,-9.082858389517444,-4.703459007245572,317.29209488650065
32009,Esmeralda County,NV,Expanded 2014,2014.0,Remote rural,2013,58.5,-1.7999999999999972,31.1,13.8,10.623154942905469,2.95,17.83,27.15,6.741700694652055,9.0,41100.0,847.0,118.0,-7.644140001857157,-9.463465532197125,-5.8248144715171914,9.020085202191446
32011,Eureka County,NV,Expanded 2014,2014.0,Remote rural,2013,38.1,-6.699999999999996,15.7,8.1,11.10633972919336,0.54,12.45,14.3,7.6251071482389,9.0,66600.0,2049.0,210.0,-7.178688982273675,-8.069308175172148,-6.288069789375208,15.075246862774717
32013,Humboldt County,NV,Expanded 2014,2014.0,Remote rural,2013,52.1,-6.600000000000001,29.5,10.1,11.101794335235438,0.8,25.37,10.8,9.761578306353435,7.0,66300.0,17354.0,1851.0,-7.708277882766726,-8.796945985255007,-6.619609780278462,142.6802236100121
32015,Lander County,NV,Expanded 2014,2014.0,Remote rural,2013,51.5,-0.8999999999999986,26.9,9.8,11.151352832626403,0.64,23.1,13.2,8.70946507906336,7.0,69700.0,6060.0,538.0,-8.566571374309937,-9.632157577501333,-7.500985171118535,46.088153993787465
32017,Lincoln County,NV,Expanded 2014,2014.0,"Rural, near a metro",2013,45.9,-2.8000000000000043,27.5,14.1,10.70022868930618,2.9,6.97,20.37,8.569216219483389,8.0,44400.0,5267.0,684.0,-9.384750865595194,-10.256315484309013,-8.51318624688139,64.19169592067112
32019,Lyon County,NV,Expanded 2014,2014.0,"Rural, near a metro",2013,47.5,-2.5,27.0,15.7,10.74776657509999,0.98,15.34,18.93,10.841344062324843,4.0,46500.0,51090.0,7281.0,-9.454917335071384,-11.173359968198945,-7.736474701943831,688.4125311665474
32021,Mineral County,NV,Expanded 2014,2014.0,Remote rural,2013,39.7,-3.0,21.0,18.3,10.608958482784905,3.4,10.28,24.69,8.423541635334782,7.0,40500.0,4553.0,662.0,-10.453619550266474,-11.774946431494033,-9.132292669038911,69.20296142276406
32023,Nye County,NV,Expanded 2014,2014.0,"Rural, near a metro",2013,44.4,-2.0,26.9,18.5,10.668908881966093,2.92,13.75,26.68,10.665904232984527,4.0,43000.0,42869.0,6149.0,-8.230224276636008,-10.499046439644053,-5.96140211362795,506.07649077034813
32027,Pershing County,NV,Expanded 2014,2014.0,Remote rural,2013,51.2,-1.2999999999999972,26.4,21.2,10.850268691408282,3.79,22.73,13.27,8.830835365537549,9.0,51500.0,6842.0,694.0,-7.899984959414248,-9.312827414050208,-6.487142504778292,54.82589561833488
32029,Storey County,NV,Expanded 2014,2014.0,Metro,2013,48.4,-9.800000000000004,23.5,8.2,10.99851007235368,1.37,7.33,24.27,8.24143968982973,2.0,59800.0,3795.0,347.0,-9.743523702308382,-11.352689299811107,-8.13435810480565,33.81002724701008
32031,Washoe County,NV,Expanded 2014,2014.0,Metro,2013,46.0,-3.8999999999999986,28.0,15.1,10.888651148696658,2.2,23.15,14.01,12.974055925951655,2.0,53600.0,431083.0,60373.0,-7.419831061134982,-9.184215689143429,-5.6554464331265315,4479.574606539023
32033,White Pine County,NV,Expanded 2014,2014.0,Remote rural,2013,39.0,-8.299999999999997,22.7,13.5,10.870243235816496,4.31,14.75,15.71,9.21492982430999,7.0,52600.0,10046.0,983.0,-8.584596279511988,-9.449271296157088,-7.7199212628668885,84.38658142760285
32510,Carson City,NV,Expanded 2014,2014.0,Metro,2013,45.2,-4.299999999999997,28.0,15.4,10.767979599176396,1.84,22.56,18.38,10.891652334646002,3.0,47500.0,53726.0,6785.0,-8.07420960793812,-9.427346610064566,-6.721072605811672,547.8351218986014
33001,Belknap County,NH,Expanded 2015-2017,2015.0,"Rural, near a metro",2014,30.5,-5.5,19.9,9.3,10.96072213675026,0.57,1.41,19.05,11.006008857700953,4.0,57600.0,60235.0,5339.0,-5.641555328345577,-6.520191200917252,-4.762919455773905,301.20263898037035
33003,Carroll County,NH,Expanded 2015-2017,2015.0,"Rural, near a metro",2014,33.1,-6.699999999999996,21.6,10.4,10.831667328802697,0.39,1.3,23.66,10.768905954036526,6.0,50600.0,47520.0,4606.0,-6.442915105938875,-7.39571968935831,-5.490110522519439,296.76066977954457
33005,Cheshire County,NH,Expanded 2015-2017,2015.0,"Rural, near a metro",2014,27.1,-5.799999999999997,17.5,11.4,10.863718611872649,0.6,1.62,16.67,11.247813428833517,4.0,52200.0,76712.0,7452.0,-4.892020005260266,-5.575764400781901,-4.208275609738628,364.553330791995
33007,Coos County,NH,Expanded 2015-2017,2015.0,Remote rural,2014,28.3,-5.599999999999998,20.0,14.8,10.619300903594985,0.59,1.47,21.19,10.371896160411321,7.0,40900.0,31949.0,4091.0,-5.518629116085935,-6.433401536293355,-4.603856695878515,225.76711713907562
33009,Grafton County,NH,Expanded 2015-2017,2015.0,Remote rural,2014,30.2,-9.400000000000002,19.8,11.1,10.917467450363533,0.98,2.11,17.42,11.406386477409306,5.0,55100.0,89894.0,8604.0,-5.860393154592419,-6.583808447284183,-5.136977861900655,504.2282270211318
33011,Hillsborough County,NH,Expanded 2015-2017,2015.0,Metro,2014,31.2,-6.699999999999999,18.6,9.3,11.114862890378806,2.06,5.86,13.4,12.912335932662383,2.0,67200.0,405281.0,31799.0,-5.203136140128214,-6.2126700610279855,-4.193602219228438,1654.5452611993708
33013,Merrimack County,NH,Expanded 2015-2017,2015.0,"Rural, near a metro",2014,28.2,-7.300000000000001,17.6,9.1,11.067700298288187,1.19,1.81,15.32,11.90156311557212,4.0,64100.0,147497.0,12412.0,-5.331918294015789,-6.234797027721381,-4.429039560310198,661.7976986532398
33015,Rockingham County,NH,Expanded 2015-2017,2015.0,Metro,2014,30.6,-9.600000000000001,17.8,5.9,11.222372609093426,0.67,2.42,14.74,12.609722774225888,1.0,74800.0,299456.0,16029.0,-5.338054540578622,-6.08749075354047,-4.588618327616775,855.6367623093474
33017,Strafford County,NH,Expanded 2015-2017,2015.0,Metro,2014,28.7,-7.800000000000001,19.0,9.8,10.990195936701413,1.06,1.99,13.28,11.7363009893766,1.0,59300.0,125029.0,12534.0,-5.704322254906762,-6.854386980870526,-4.554257528942996,714.9797514300135
33019,Sullivan County,NH,Expanded 2015-2017,2015.0,Remote rural,2014,27.6,-7.899999999999999,17.3,10.4,10.861188905655832,0.55,1.38,18.35,10.670094280782367,7.0,52100.0,43049.0,4296.0,-4.75428181299189,-5.19559664915,-4.3129669768337795,204.24394668613158
34001,Atlantic County,NJ,Expanded 2014,2014.0,Metro,2013,39.0,5.0,25.7,17.1,10.852593913351907,14.89,17.92,15.45,12.522028714631634,2.0,51700.0,274314.0,33931.0,-4.266338552671366,-6.739140185493591,-1.7935369198491387,1447.611334306921
34003,Bergen County,NJ,Expanded 2014,2014.0,Metro,2013,46.0,-1.5,29.3,8.1,11.309768347588136,5.34,17.82,15.96,13.732075686737247,1.0,81600.0,919951.0,57986.0,-6.7209133099637235,-8.643183082858041,-4.798643537069424,3897.1887919155647
34005,Burlington County,NJ,Expanded 2014,2014.0,Metro,2013,34.3,-2.8000000000000043,18.6,6.2,11.249844944052318,16.2,7.21,15.17,13.014386107696666,1.0,76900.0,448824.0,24916.0,-5.251862828146354,-6.016901534735687,-4.486824121557018,1308.5541422609456
34007,Camden County,NJ,Expanded 2014,2014.0,Metro,2013,33.6,1.1000000000000014,23.9,14.7,10.961989399026116,18.54,15.28,13.94,13.141985596271024,1.0,57600.0,509908.0,54190.0,-3.557277135362134,-4.847960113664746,-2.2665941570595223,1927.6884796527402
34009,Cape May County,NJ,Expanded 2014,2014.0,Metro,2013,33.5,2.1999999999999993,22.5,10.8,10.942349836798464,4.26,6.82,23.36,11.46686058384115,3.0,56500.0,95498.0,9122.0,-5.46399848876346,-6.907612960500848,-4.0203840170260685,498.4259421450028
34011,Cumberland County,NJ,Expanded 2014,2014.0,Metro,2013,35.6,-2.1999999999999957,26.4,20.1,10.733130477684611,18.78,28.52,13.61,11.958239294121638,3.0,45900.0,156098.0,21848.0,-4.810311830522998,-7.623132478050511,-1.9974911829954856,1050.9569287326647
34013,Essex County,NJ,Expanded 2014,2014.0,Metro,2013,38.2,-0.6999999999999957,31.3,17.7,10.884779198627696,39.34,21.58,12.37,13.575537430454387,1.0,53400.0,786649.0,108685.0,-3.2640520402166735,-6.537435268553201,0.009331188119855671,3547.5349599094916
34015,Gloucester County,NJ,Expanded 2014,2014.0,Metro,2013,33.4,-0.8000000000000043,19.2,9.4,11.172362874244964,9.92,5.31,13.65,12.577232672279642,1.0,71100.0,289883.0,20631.0,-5.016349435804205,-6.4168686789541844,-3.615830192654226,1034.9230521007655
34017,Hudson County,NJ,Expanded 2014,2014.0,Metro,2013,43.6,1.7000000000000028,35.4,19.4,10.927717472432848,11.22,43.0,10.86,13.395510832198793,1.0,55700.0,657047.0,103147.0,-7.674320263654396,-9.758019422575233,-5.5906211047335646,7915.831122351599
34019,Hunterdon County,NJ,Expanded 2014,2014.0,Metro,2013,40.5,-0.20000000000000284,20.1,4.1,11.58247951230189,2.31,5.76,15.3,11.747016869248933,1.0,107200.0,126376.0,3959.0,-9.857127411706717,-11.599306635019646,-8.114948188393788,390.2436742294689
34021,Mercer County,NJ,Expanded 2014,2014.0,Metro,2013,40.2,1.5,26.9,11.8,11.16443125312169,19.61,16.01,13.57,12.81971384935076,2.0,70600.0,369429.0,33329.0,-5.5323446911689045,-8.159605249138831,-2.9050841331989763,1843.875162119684
34023,Middlesex County,NJ,Expanded 2014,2014.0,Metro,2013,44.9,1.7999999999999972,27.2,9.4,11.245242079025136,9.26,19.53,13.24,13.619182973084342,1.0,76500.0,821743.0,63460.0,-6.449445592164542,-7.994940584171291,-4.9039506001577955,4092.818172787618
34025,Monmouth County,NJ,Expanded 2014,2014.0,Metro,2013,42.7,2.200000000000003,26.3,7.8,11.33169131673323,6.94,10.1,15.26,13.348561458887758,1.0,83400.0,626912.0,39229.0,-7.097242408338102,-9.425890592426473,-4.768594224249734,2784.177224366954
34027,Morris County,NJ,Expanded 2014,2014.0,Metro,2013,44.9,-0.6000000000000014,23.6,4.9,11.512425339928546,3.02,12.29,15.16,13.114391687748956,1.0,100000.0,496030.0,20508.0,-8.255461379943746,-9.56291036480305,-6.948012395084442,1693.0300197988633
34029,Ocean County,NJ,Expanded 2014,2014.0,Metro,2013,37.9,2.799999999999997,23.0,10.5,11.00023143014421,2.95,8.68,21.74,13.274327096145967,1.0,59900.0,582059.0,44825.0,-5.534705805520474,-8.060516119004836,-3.0088954920361073,2480.9318773245527
34031,Passaic County,NJ,Expanded 2014,2014.0,Metro,2013,42.5,1.7000000000000028,33.3,16.6,10.958252441423962,10.81,39.0,13.05,13.13004777663576,1.0,57400.0,503857.0,67877.0,-6.394931064036038,-8.116461149426652,-4.673400978645418,4340.687358335742
34033,Salem County,NJ,Expanded 2014,2014.0,Metro,2013,31.9,3.1999999999999993,20.2,15.0,10.976491392697485,13.48,7.63,16.42,11.078844809615621,1.0,58500.0,64786.0,6838.0,-4.894446101019205,-6.787221151063213,-3.0016710509751965,334.6822243876932
34035,Somerset County,NJ,Expanded 2014,2014.0,Metro,2013,47.7,-0.09999999999999432,24.6,5.7,11.481919716406573,8.87,13.88,13.66,12.703955876687257,1.0,96900.0,329047.0,13616.0,-7.176884691241645,-8.720575122344599,-5.6331942601386915,977.2046195594623
34037,Sussex County,NJ,Expanded 2014,2014.0,Metro,2013,40.2,2.3000000000000043,20.9,6.1,11.359156378993442,1.76,6.95,14.23,11.88888623602026,1.0,85700.0,145639.0,7481.0,-9.095084534538175,-10.965292527184719,-7.224876541891644,680.4032740288009
34039,Union County,NJ,Expanded 2014,2014.0,Metro,2013,48.1,0.8000000000000043,33.0,11.5,11.070879356599063,21.17,29.25,13.2,13.210420041224612,1.0,64300.0,546025.0,53188.0,-5.321755744298477,-7.90905401317104,-2.7344574754259177,2830.5354452774736
34041,Warren County,NJ,Expanded 2014,2014.0,Metro,2013,38.7,1.3000000000000043,21.9,8.7,11.127424735781627,3.78,7.7,15.55,11.579621033008495,2.0,68000.0,106897.0,7459.0,-8.242845254071483,-9.524905675018466,-6.960784833124507,614.833827501192
35001,Bernalillo County,NM,Expanded 2014,2014.0,Metro,2013,43.4,-2.8000000000000043,27.5,18.7,10.780059847413037,2.44,48.94,13.57,13.424430487301365,2.0,48100.0,676326.0,104165.0,-9.110298573215033,-10.98835087937071,-7.232246267059345,9489.742508789439
35003,Catron County,NM,Expanded 2014,2014.0,Remote rural,2013,46.8,-3.700000000000003,28.8,21.7,10.393416350589133,0.73,19.3,33.21,8.184792654165078,9.0,32600.0,3586.0,618.0,-10.095132884350061,-11.733812953465764,-8.456452815234355,62.38792122528338
35005,Chaves County,NM,Expanded 2014,2014.0,Remote rural,2013,46.8,0.0,28.3,21.2,10.630746262724841,1.52,54.53,14.52,11.097546375348252,5.0,41400.0,66009.0,11114.0,-9.73235565526808,-11.395229921676112,-8.069481388860055,1081.6540075264943
35006,Cibola County,NM,Expanded 2014,2014.0,"Rural, near a metro",2013,41.9,-5.399999999999999,27.1,32.2,10.499765839127752,0.87,37.56,13.76,10.218809110791327,6.0,36300.0,27414.0,5018.0,-10.735974850191383,-11.716458265348864,-9.75549143503391,538.7312179826035
35007,Colfax County,NM,Expanded 2014,2014.0,Remote rural,2013,38.6,-5.199999999999996,22.3,20.1,10.522772884497618,0.54,48.68,22.6,9.477921772720961,7.0,37200.0,13068.0,2024.0,-10.574408865306093,-11.4297520756502,-9.719065654961984,214.02603543379533
35009,Curry County,NM,Expanded 2014,2014.0,Remote rural,2013,42.8,-2.200000000000003,25.5,21.1,10.576074819130712,5.55,40.14,11.44,10.835159386448586,5.0,39200.0,50775.0,8801.0,-9.787562581721742,-10.835436893657068,-8.739688269786434,861.4033828173306
35011,DeBaca County,NM,Expanded 2014,2014.0,Remote rural,2013,48.0,2.299999999999997,32.6,22.0,10.405625547904553,0.31,40.15,24.17,7.564238475170491,9.0,33000.0,1928.0,352.0,-9.900236123856821,-12.011838236619681,-7.788634011093976,34.848831155976015
35013,Dona Ana County,NM,Expanded 2014,2014.0,Metro,2013,49.2,-2.1999999999999957,29.9,27.0,10.51409516084895,1.4,66.97,13.48,12.275076183626904,3.0,36800.0,214288.0,44774.0,-10.784644626912991,-12.509712208993848,-9.059577044832137,4828.716785254022
35015,Eddy County,NM,Expanded 2014,2014.0,Remote rural,2013,42.2,-2.299999999999997,24.0,15.1,10.817074632835968,1.21,46.07,14.05,10.927052966881327,5.0,49900.0,55662.0,6768.0,-10.652951787533553,-11.728674435636265,-9.577229139430859,720.9917769802709
35017,Grant County,NM,Expanded 2014,2014.0,Remote rural,2013,37.0,-5.600000000000001,21.2,22.4,10.576942099750337,0.74,49.21,23.13,10.278630900757904,7.0,39200.0,29104.0,4585.0,-10.314552372216745,-11.815556539712858,-8.813548204720632,472.9222262661378
35019,Guadalupe County,NM,Expanded 2014,2014.0,Remote rural,2013,37.7,-2.5999999999999943,22.1,25.8,10.306416112992295,1.41,79.17,17.44,8.418697944667139,7.0,29900.0,4531.0,839.0,-10.826883088960756,-11.756571204648832,-9.897194973272683,90.83754911638073
35021,Harding County,NM,Expanded 2014,2014.0,Remote rural,2013,47.5,-4.700000000000003,22.9,15.2,10.532629403120161,0.14,42.11,30.97,6.53813982376767,9.0,37500.0,691.0,101.0,-10.463465193505897,-11.444726428953718,-9.48220395805809,10.568099845440956
35023,Hidalgo County,NM,Expanded 2014,2014.0,Remote rural,2013,41.9,-4.100000000000001,22.4,25.7,10.40405069673561,0.67,57.53,18.88,8.439015410352214,9.0,33000.0,4624.0,853.0,-11.232357729869268,-12.435395719822981,-10.029319739915554,95.81201143578485
35025,Lea County,NM,Expanded 2014,2014.0,Remote rural,2013,53.2,-1.5999999999999943,31.5,14.8,10.88848311441727,3.47,55.12,10.55,11.13623730013347,5.0,53600.0,68613.0,8369.0,-7.904868519701476,-10.34256114310935,-5.467175896293602,661.5584464138166
35027,Lincoln County,NM,Expanded 2014,2014.0,Remote rural,2013,49.2,-2.0999999999999943,31.2,18.8,10.615358347094176,0.46,31.4,25.49,9.902286831959609,7.0,40800.0,19976.0,3105.0,-10.225902009966479,-12.64402849165465,-7.8077755282783015,317.51425740945916
35028,Los Alamos County,NM,Expanded 2014,2014.0,"Rural, near a metro",2013,41.5,-3.3999999999999986,10.9,4.0,11.616654650732706,0.69,16.23,16.35,9.795178249029277,6.0,110900.0,17947.0,609.0,-7.375521762241785,-9.708215678703304,-5.042827845780257,44.91692753205247
35029,Luna County,NM,Expanded 2014,2014.0,"Rural, near a metro",2013,49.9,-1.3999999999999986,30.0,31.2,10.241387341148526,0.84,64.6,20.34,10.110176465778377,6.0,28000.0,24592.0,5044.0,-11.000135973898114,-12.524497570806396,-9.475774376989833,554.8468585234209
35031,McKinley County,NM,Expanded 2014,2014.0,Remote rural,2013,48.0,-3.1000000000000014,36.1,40.3,10.23243152273655,0.47,13.77,10.41,11.19361511706027,5.0,27800.0,72665.0,19251.0,-9.375775249437847,-10.513308686822457,-8.238241812053237,1804.9304932692799
35033,Mora County,NM,Expanded 2014,2014.0,Remote rural,2013,42.8,1.3999999999999986,20.7,23.8,10.28407919836827,0.26,80.85,21.96,8.454253391642363,9.0,29300.0,4695.0,977.0,-11.00651483414972,-12.390721825489965,-9.622307842809473,107.53364992964276
35035,Otero County,NM,Expanded 2014,2014.0,"Rural, near a metro",2013,44.3,-4.600000000000001,28.2,21.3,10.644472062510234,3.34,36.33,15.45,11.1020055061791,4.0,42000.0,66304.0,11438.0,-7.9987448908852175,-9.11221774998116,-6.885272031789282,914.8964406194511
35037,Quay County,NM,Expanded 2014,2014.0,Remote rural,2013,34.6,-8.899999999999999,22.4,25.8,10.325350806453928,1.19,43.85,22.93,9.06820060481506,7.0,30500.0,8675.0,1618.0,-9.51676069715801,-11.108407093777938,-7.9251143005380955,153.9811880800166
35039,Rio Arriba County,NM,Expanded 2014,2014.0,"Rural, near a metro",2013,47.9,1.1999999999999957,29.4,24.8,10.510967906338982,0.4,71.5,15.97,10.59823345445977,4.0,36700.0,40064.0,6782.0,-10.511293844048591,-12.21932098440519,-8.803266703691985,712.8759485033755
35041,Roosevelt County,NM,Expanded 2014,2014.0,Remote rural,2013,44.1,-2.6000000000000014,27.6,24.6,10.472261278256317,1.64,40.28,11.95,9.904537001671699,7.0,35300.0,20021.0,4180.0,-10.482543172536502,-11.77238585948164,-9.19270048559136,438.17030461202575
35043,Sandoval County,NM,Expanded 2014,2014.0,Metro,2013,46.1,-1.0,24.7,15.3,10.936494084106243,1.94,36.82,14.2,11.822694318756891,2.0,56200.0,136311.0,16298.0,-9.314778764416609,-10.204183094889569,-8.425374433943652,1518.122643024619
35045,San Juan County,NM,Expanded 2014,2014.0,Metro,2013,50.1,-8.100000000000001,34.1,21.8,10.701377558022253,0.59,19.55,12.07,11.771181301393176,3.0,44400.0,129467.0,19566.0,-8.901048702611217,-10.0714529688655,-7.730644436356944,1741.5791891529107
35047,San Miguel County,NM,Expanded 2014,2014.0,"Rural, near a metro",2013,38.3,1.0999999999999943,20.5,32.4,10.348878253516611,1.42,77.28,17.69,10.268790170825218,6.0,31200.0,28819.0,6129.0,-10.917957553188298,-12.562034179992514,-9.27388092638409,669.1616184349108
35049,Santa Fe County,NM,Expanded 2014,2014.0,Metro,2013,51.4,-2.6000000000000014,32.0,18.1,10.85315503173358,0.74,51.29,18.33,11.901346138469135,3.0,51700.0,147465.0,20593.0,-9.544927603618744,-11.302465622919376,-7.787389584318102,1965.586941413208
35051,Sierra County,NM,Expanded 2014,2014.0,"Rural, near a metro",2013,39.5,-3.799999999999997,24.1,26.9,10.298228697281317,0.56,29.47,32.84,9.35218709620442,6.0,29700.0,11524.0,2214.0,-10.486624125037094,-11.485335528240608,-9.487912721833581,232.17385812832129
35053,Socorro County,NM,Expanded 2014,2014.0,"Rural, near a metro",2013,40.9,-4.600000000000001,26.7,27.9,10.376299734103902,0.82,49.43,15.76,9.770470313426317,6.0,32100.0,17509.0,3801.0,-11.3816623391299,-12.823335254681803,-9.939989423577986,432.6169855103275
35055,Taos County,NM,Expanded 2014,2014.0,Remote rural,2013,42.8,-3.8000000000000043,28.3,26.2,10.4048990016915,0.42,56.62,20.57,10.402958960463414,7.0,33000.0,32957.0,6183.0,-10.854796031456187,-12.195168104557006,-9.514423958355389,671.152038624936
35057,Torrance County,NM,Expanded 2014,2014.0,Metro,2013,40.6,-5.100000000000001,24.9,27.8,10.464416763268364,1.27,41.41,17.09,9.669346247012378,2.0,35000.0,15825.0,3023.0,-11.458627822281066,-12.782893654172023,-10.134361990390124,346.39431906755664
35059,Union County,NM,Expanded 2014,2014.0,Remote rural,2013,41.4,-3.700000000000003,24.6,20.1,10.542759160126755,1.75,40.35,18.93,8.377241230988792,9.0,37900.0,4347.0,604.0,-10.44643444876293,-11.367998960330013,-9.524869937195863,63.09646407052811
35061,Valencia County,NM,Expanded 2014,2014.0,Metro,2013,48.1,-1.8999999999999986,26.6,23.4,10.631325972886003,1.01,59.38,14.66,11.244928365834845,2.0,41400.0,76491.0,12029.0,-10.497753886253332,-12.215426752390018,-8.780081020116649,1262.7748149774134
37001,Alamance County,NC,Not expanded by 2023,,Metro,2023,26.8,-7.400000000000002,16.8,19.8,10.668978650219241,18.76,11.71,15.68,11.945759276538084,3.0,43000.0,154162.0,18942.0,-4.43034482723349,-4.923740902827662,-3.9369487516393242,839.1959171745679
37003,Alexander County,NC,Not expanded by 2023,,Metro,2023,23.3,-4.800000000000001,15.3,14.0,10.737787012851957,5.6,4.38,17.58,10.51899746336892,2.0,46100.0,37012.0,3658.0,-4.925281829225449,-5.88032949951543,-3.9702341589354693,180.16680931306695
37005,Alleghany County,NC,Not expanded by 2023,,Remote rural,2023,30.9,-0.20000000000000284,21.1,21.2,10.520994818887328,1.25,8.99,23.98,9.296793259706382,9.0,37100.0,10903.0,1513.0,-6.111449647819149,-6.89736147686034,-5.325537818777961,92.46623317150373
37007,Anson County,NC,Not expanded by 2023,,"Rural, near a metro",2023,21.9,-1.5,16.0,28.8,10.417597776093334,48.42,3.31,15.85,10.16419660173648,6.0,33400.0,25957.0,3247.0,-6.819674515669815,-8.458465126909456,-5.180883904430175,221.43483152379892
37009,Ashe County,NC,Not expanded by 2023,,Remote rural,2023,25.1,-3.299999999999997,16.3,22.4,10.467522134633262,0.67,4.82,22.4,10.197648591085619,7.0,35200.0,26840.0,3331.0,-4.672120339980897,-5.118033840248955,-4.226206839712841,155.6283285247637
37011,Avery County,NC,Not expanded by 2023,,"Rural, near a metro",2023,26.9,-3.6000000000000014,18.3,20.4,10.46118722017071,4.26,4.71,19.17,9.778717665580178,8.0,34900.0,17654.0,1895.0,-5.743459580785586,-6.8119852868310815,-4.674933874740095,108.83855905588686
37013,Beaufort County,NC,Not expanded by 2023,,"Rural, near a metro",2023,21.6,-6.199999999999999,15.4,20.5,10.572418881836954,24.95,7.23,20.86,10.765997688725635,6.0,39000.0,47382.0,5281.0,-5.542437714036757,-6.423906344867965,-4.660969083205548,292.69613567828117
37015,Bertie County,NC,Not expanded by 2023,,Remote rural,2023,18.2,-2.6000000000000014,13.3,26.6,10.361228805209663,61.63,1.75,19.0,9.919656133697712,7.0,31600.0,20326.0,2432.0,-5.261102894008599,-6.2264316897935394,-4.295774098223662,127.95002238228912
37017,Bladen County,NC,Not expanded by 2023,,"Rural, near a metro",2023,18.9,-9.900000000000002,14.5,27.1,10.433262498460529,34.46,7.12,17.91,10.452129056986344,6.0,34000.0,34618.0,4126.0,-6.175902367743107,-7.560765395083362,-4.7910393404028495,254.8177316930806
37019,Brunswick County,NC,Not expanded by 2023,,Metro,2023,21.7,-5.600000000000001,13.9,16.1,10.774759997758618,10.96,4.73,25.56,11.652008916352857,2.0,47800.0,114922.0,11694.0,-4.208110439288139,-4.927829127606691,-3.488391750969587,492.09643477035496
37021,Buncombe County,NC,Not expanded by 2023,,Metro,2023,28.9,-4.399999999999999,18.2,15.7,10.73068474121633,6.28,6.21,17.38,12.416361933658148,2.0,45700.0,246807.0,27530.0,-5.191109913912554,-5.714412750465028,-4.667807077360079,1429.112559300126
37023,Burke County,NC,Not expanded by 2023,,Metro,2023,23.9,-8.600000000000001,16.6,20.6,10.49543222758691,6.48,5.46,17.75,11.400361287352736,2.0,36100.0,89354.0,10992.0,-5.1358700210791035,-5.7257719757965075,-4.5459680663616995,564.5348327170151
37025,Cabarrus County,NC,Not expanded by 2023,,Metro,2023,23.4,-10.800000000000004,13.9,12.1,10.915924478293796,15.82,9.52,12.25,12.140146495414006,1.0,55000.0,187240.0,18363.0,-4.030169629328909,-4.805798098789675,-3.2545411598681393,740.0600490336675
37027,Caldwell County,NC,Not expanded by 2023,,Metro,2023,25.4,-3.1000000000000014,17.5,18.3,10.457688707770052,4.69,4.79,17.41,11.315059720840287,2.0,34800.0,82048.0,9533.0,-5.483844100614547,-5.9806328321957825,-4.987055369033312,522.7748581115848
37029,Camden County,NC,Not expanded by 2023,,"Rural, near a metro",2023,24.0,-12.299999999999997,13.0,9.5,11.011010027333993,12.57,2.32,14.47,9.221873607789856,8.0,60500.0,10116.0,789.0,-4.294952177207363,-5.582987605979699,-3.0069167484350294,33.887172678166095
37031,Carteret County,NC,Not expanded by 2023,,"Rural, near a metro",2023,21.3,-4.399999999999999,14.9,15.2,10.741319321949963,5.85,3.95,21.06,11.132952649623,4.0,46200.0,68388.0,5874.0,-4.821843732338787,-5.555590485769605,-4.088096978907975,283.2351008375804
37033,Caswell County,NC,Not expanded by 2023,,"Rural, near a metro",2023,22.1,-5.199999999999999,15.0,25.5,10.521965064759044,33.18,3.41,18.11,10.047284820283895,8.0,37100.0,23093.0,2636.0,-6.396528924238396,-7.070199679325853,-5.722858169150939,168.6125024429241
37035,Catawba County,NC,Not expanded by 2023,,Metro,2023,27.8,-5.099999999999998,17.2,16.5,10.686863844288563,8.49,8.68,15.8,11.950954563951656,2.0,43800.0,154965.0,16155.0,-4.757077105489942,-5.35626379826096,-4.157890412718926,768.5058063919
37037,Chatham County,NC,Not expanded by 2023,,Metro,2023,34.4,-3.3999999999999986,20.2,15.6,10.95047315791545,12.68,12.73,21.32,11.085874039736575,2.0,57000.0,65243.0,4755.0,-6.1397512659400535,-7.139568893066968,-5.139933638813143,291.94517269544957
37039,Cherokee County,NC,Not expanded by 2023,,Remote rural,2023,21.5,-7.5,15.2,22.5,10.44801870876729,1.22,2.77,25.84,10.208211090842761,9.0,34500.0,27125.0,3653.0,-4.634049852662105,-5.029686828795477,-4.238412876528734,169.2818411177467
37041,Chowan County,NC,Not expanded by 2023,,"Rural, near a metro",2023,21.0,-1.8000000000000007,15.7,22.2,10.57497688594327,34.09,3.35,21.41,9.593423529191217,6.0,39100.0,14668.0,1670.0,-6.617198311109271,-7.364528585530744,-5.869868036687798,110.50721179552482
37043,Clay County,NC,Not expanded by 2023,,Remote rural,2023,22.9,-8.0,16.2,19.3,10.520779080792538,0.8,3.04,27.2,9.268326221174837,9.0,37100.0,10597.0,1307.0,-4.728175097383112,-5.1148182968145415,-4.341531897951682,61.79724852279727
37045,Cleveland County,NC,Not expanded by 2023,,"Rural, near a metro",2023,18.1,-9.099999999999998,13.5,19.6,10.609748372241457,20.47,3.06,16.62,11.481156121281243,4.0,40500.0,96873.0,12922.0,-5.092818079617268,-6.1507897750212654,-4.034846384213273,658.0939522481434
37047,Columbus County,NC,Not expanded by 2023,,"Rural, near a metro",2023,20.4,-7.600000000000001,17.6,25.3,10.46384592183261,30.07,4.7,17.23,10.952209071590772,6.0,35000.0,57080.0,7218.0,-6.24984677673549,-7.977138227358052,-4.522555326112931,451.1139403447676
37049,Craven County,NC,Not expanded by 2023,,Metro,2023,22.7,-7.699999999999999,15.2,16.6,10.714906538174109,21.18,6.91,16.41,11.554882814730735,3.0,45000.0,104285.0,10686.0,-4.8699673789376545,-5.900096648668411,-3.8398381092069074,520.4047141132777
37051,Cumberland County,NC,Not expanded by 2023,,Metro,2023,17.9,-6.5,13.0,18.0,10.69280817654473,35.43,10.78,10.12,12.71588875991299,2.0,44000.0,332997.0,42017.0,-3.563601073937591,-5.322934045598124,-1.8042681022770577,1497.3182632363576
37053,Currituck County,NC,Not expanded by 2023,,Metro,2023,25.9,-5.700000000000003,14.8,11.7,10.960878461384734,5.66,3.32,14.47,10.09629560005422,1.0,57600.0,24253.0,2054.0,-5.07550690783094,-5.623393162148502,-4.527620653513384,104.2509118868475
37055,Dare County,NC,Not expanded by 2023,,"Rural, near a metro",2023,27.7,-5.5000000000000036,15.2,11.1,10.860593878910057,2.58,6.89,17.62,10.457659980805484,4.0,52100.0,34810.0,2536.0,-4.4719538074673775,-5.517604239933722,-3.4263033750010314,113.4087485573727
37057,Davidson County,NC,Not expanded by 2023,,Metro,2023,25.2,-8.900000000000002,16.4,19.3,10.607178946971745,8.99,6.56,16.16,12.00331365999623,2.0,40400.0,163295.0,18798.0,-4.77818778862783,-5.4820383818095095,-4.07433719544615,898.2037405062594
37059,Davie County,NC,Not expanded by 2023,,Metro,2023,25.4,-11.0,15.3,13.9,10.813921164925885,6.01,6.22,18.61,10.631881213283142,2.0,49700.0,41435.0,3495.0,-4.976860239630627,-5.741564315816321,-4.2121561634449325,173.9412653750904
37061,Duplin County,NC,Not expanded by 2023,,"Rural, near a metro",2023,32.6,-10.799999999999997,22.1,25.4,10.54812702903103,25.19,20.78,15.81,10.990836648925526,6.0,38100.0,59328.0,6844.0,-5.347327089613599,-6.4728262379996035,-4.221827941227584,365.9710660131547
37063,Durham County,NC,Not expanded by 2023,,Metro,2023,28.2,-7.699999999999999,17.3,17.0,10.865344208681089,37.79,13.26,10.72,12.57322302995263,2.0,52300.0,288723.0,32063.0,-4.271103100739058,-5.006769426208621,-3.5354367752694955,1369.443787189964
37065,Edgecombe County,NC,Not expanded by 2023,,Metro,2023,19.0,-1.3000000000000007,13.1,27.3,10.406684149137627,57.48,4.02,16.24,10.922731905820665,3.0,33100.0,55422.0,7977.0,-4.665843185762765,-5.667678066295757,-3.664008305229773,372.19431092829575
37067,Forsyth County,NC,Not expanded by 2023,,Metro,2023,26.4,-4.5,16.4,20.5,10.739933890404625,25.64,12.11,14.14,12.795507950677818,2.0,46200.0,360594.0,42431.0,-4.149631487322214,-5.010637067620339,-3.2886259070240897,1760.7301363856886
37069,Franklin County,NC,Not expanded by 2023,,Metro,2023,27.2,-8.000000000000004,16.7,18.4,10.57928509476096,26.43,7.82,14.44,11.036082500701703,1.0,39300.0,62074.0,7097.0,-5.551160263526073,-6.743654953862331,-4.358665573189818,393.96584390244544
37071,Gaston County,NC,Not expanded by 2023,,Metro,2023,24.7,-4.900000000000002,16.2,19.2,10.656341286557868,15.32,6.17,14.68,12.251103370904477,1.0,42500.0,209212.0,24935.0,-4.826192513892072,-5.914149947773451,-3.738235080010697,1203.4111033389881
37073,Gates County,NC,Not expanded by 2023,,Metro,2023,22.1,-2.3999999999999986,11.3,18.2,10.782989810962448,32.91,1.77,17.37,9.367600498174767,1.0,48200.0,11703.0,1057.0,-2.407702990611295,-3.3741236841321003,-1.4412822970904868,25.449420610761386
37075,Graham County,NC,Not expanded by 2023,,Remote rural,2023,21.5,-10.3,18.0,24.7,10.42088155718015,0.25,2.78,21.52,9.073259831427816,9.0,33600.0,8719.0,947.0,-5.37777318239896,-6.178814083425759,-4.576732281372164,50.92751203731815
37077,Granville County,NC,Not expanded by 2023,,"Rural, near a metro",2023,26.0,-6.899999999999999,15.8,15.3,10.793023547101463,31.53,7.25,14.55,10.964086399006021,4.0,48700.0,57762.0,5978.0,-5.69935928442314,-6.708597408278243,-4.690121160568037,340.70769802281535
37079,Greene County,NC,Not expanded by 2023,,"Rural, near a metro",2023,29.8,-8.499999999999996,20.8,23.3,10.583574822507286,36.24,14.76,14.22,9.95280138908905,8.0,39500.0,21011.0,2728.0,-4.959572990640233,-6.4923965591489115,-3.4267494221315546,135.29715118466555
37081,Guilford County,NC,Not expanded by 2023,,Metro,2023,22.9,-5.800000000000001,15.6,19.2,10.738416373637513,33.03,7.36,13.43,13.135082149812103,2.0,46100.0,506400.0,59792.0,-4.485932271200031,-5.476056376819246,-3.4958081655808186,2682.2286235959227
37083,Halifax County,NC,Not expanded by 2023,,"Rural, near a metro",2023,18.0,-5.0,16.0,31.6,10.391975538580404,52.99,2.5,17.69,10.88156928456649,4.0,32600.0,53187.0,7304.0,-6.581693534273845,-7.625969030599842,-5.537418037947848,480.7268957433617
37085,Harnett County,NC,Not expanded by 2023,,"Rural, near a metro",2023,25.6,-3.1999999999999993,16.3,18.5,10.720112633296456,20.78,11.59,10.97,11.736292991200184,4.0,45300.0,125028.0,15569.0,-4.592116791918869,-5.603263187546903,-3.5809703962908324,714.9466633338487
37087,Haywood County,NC,Not expanded by 2023,,Metro,2023,23.1,-3.799999999999997,15.0,20.4,10.579488574261102,1.06,3.47,22.96,10.984648447590482,2.0,39300.0,58962.0,6484.0,-4.505350219835187,-4.896645743781592,-4.114054695888781,292.1269082541135
37089,Henderson County,NC,Not expanded by 2023,,Metro,2023,29.6,-8.899999999999999,17.9,15.5,10.704614316001061,3.03,9.64,23.88,11.597992452859952,2.0,44600.0,108879.0,10372.0,-5.375648334143795,-5.87446151134783,-4.8768351569397606,557.5622452173944
37091,Hertford County,NC,Not expanded by 2023,,"Rural, near a metro",2023,17.3,-4.399999999999999,13.4,24.9,10.422757423084782,59.99,3.28,16.9,10.109484945015367,6.0,33600.0,24575.0,2813.0,-5.654640801014559,-6.509847613851533,-4.799433988177588,159.06504573253955
37093,Hoke County,NC,Not expanded by 2023,,Metro,2023,22.5,-10.700000000000003,15.5,23.2,10.69164941469965,32.91,12.05,8.1,10.84261551831304,2.0,44000.0,51155.0,7330.0,-5.4238323389496825,-6.862046593273036,-3.985618084626329,397.56691044501173
37095,Hyde County,NC,Not expanded by 2023,,Remote rural,2023,28.2,-1.6999999999999993,21.0,22.9,10.510014188812299,29.45,7.61,16.68,8.640118538253535,9.0,36700.0,5654.0,582.0,-5.999973452962233,-6.943372032466152,-5.056574873458314,34.9198454962402
37097,Iredell County,NC,Not expanded by 2023,,Metro,2023,26.6,-9.0,16.8,12.7,10.819438226597178,11.72,7.06,14.14,12.01116420523072,1.0,50000.0,164582.0,15643.0,-4.838130237107038,-5.543113751753022,-4.133146722461054,756.8287129906539
37099,Jackson County,NC,Not expanded by 2023,,"Rural, near a metro",2023,24.4,-15.899999999999999,20.2,24.2,10.609328821154959,1.89,5.23,17.14,10.62135173563291,6.0,40500.0,41001.0,5436.0,-7.8070677622972,-8.8024631510045,-6.811672373589898,424.3922035584758
37101,Johnston County,NC,Not expanded by 2023,,Metro,2023,29.7,-3.6999999999999993,17.3,16.6,10.837696784912628,15.1,12.92,11.69,12.085186675749117,1.0,50900.0,177227.0,21328.0,-4.242587721684692,-5.223307465227641,-3.26186797814175,904.8591092809111
37103,Jones County,NC,Not expanded by 2023,,Metro,2023,24.1,-6.899999999999999,14.8,20.7,10.58663490101774,31.21,3.88,19.31,9.211040127090456,3.0,39600.0,10007.0,1327.0,-6.3277861248790925,-7.678391824583918,-4.977180425174267,83.96972187714556
37105,Lee County,NC,Not expanded by 2023,,"Rural, near a metro",2023,29.4,-7.600000000000001,18.4,17.9,10.780226316398169,19.21,19.6,14.48,10.998125286448827,4.0,48100.0,59762.0,8046.0,-5.07206909799222,-6.636258852169319,-3.5078793438151203,408.098679624454
37107,Lenoir County,NC,Not expanded by 2023,,"Rural, near a metro",2023,21.0,-4.300000000000001,15.8,21.7,10.437844138828483,40.6,6.69,17.47,10.980740002082829,4.0,34100.0,58732.0,8762.0,-6.171805153215879,-6.927433639921937,-5.4161766665098225,540.7735675247753
37109,Lincoln County,NC,Not expanded by 2023,,Metro,2023,26.8,-3.8999999999999986,16.3,14.6,10.83046102025675,5.51,6.9,15.46,11.278607208562525,1.0,50500.0,79111.0,7472.0,-4.923746178158813,-5.867108710184459,-3.98038364613317,367.90231443202657
37111,McDowell County,NC,Not expanded by 2023,,"Rural, near a metro",2023,23.3,-3.3000000000000007,15.2,21.9,10.514339490369244,3.67,5.61,18.04,10.7148843265641,6.0,36800.0,45021.0,5859.0,-5.02954508825439,-5.516804292847572,-4.542285883661214,294.6810467208247
37113,Macon County,NC,Not expanded by 2023,,Remote rural,2023,28.8,-3.599999999999998,18.7,20.4,10.524574662559651,1.35,6.42,25.99,10.426380077520257,7.0,37200.0,33738.0,4236.0,-5.598197479735431,-6.217393847665145,-4.9790011118057205,237.13964524159286
37115,Madison County,NC,Not expanded by 2023,,Metro,2023,20.6,-4.399999999999999,13.3,19.9,10.53153605509994,1.5,2.32,19.36,9.959253330441985,2.0,37500.0,21147.0,2507.0,-4.017349941612232,-4.308657582120123,-3.7260423011043393,100.71496303621865
37117,Martin County,NC,Not expanded by 2023,,"Rural, near a metro",2023,19.7,-2.3000000000000007,14.4,22.6,10.456251347665171,42.83,3.37,19.76,10.070568559913799,6.0,34800.0,23637.0,2801.0,-6.520486877209149,-7.551769571683344,-5.489204182734959,182.63883743062826
37119,Mecklenburg County,NC,Not expanded by 2023,,Metro,2023,32.1,-3.6000000000000014,20.2,15.5,10.908832573233795,31.03,12.37,9.73,13.806143826783684,1.0,54700.0,990677.0,96223.0,-4.214653734091495,-5.4854175297545575,-2.943889938428432,4055.4662625548594
37121,Mitchell County,NC,Not expanded by 2023,,Remote rural,2023,23.9,-3.6000000000000014,13.7,18.3,10.553283501082905,0.45,4.52,22.41,9.634430944207512,7.0,38300.0,15282.0,1704.0,-3.8420714601248633,-4.549707064788425,-3.134435855461301,65.46889768052768
37123,Montgomery County,NC,Not expanded by 2023,,"Rural, near a metro",2023,28.3,-5.300000000000001,17.9,22.1,10.480466018721645,18.54,14.8,17.66,10.219975716829579,6.0,35600.0,27446.0,3087.0,-4.561702651878899,-5.670959462270643,-3.452445841487157,140.8197608635016
37125,Moore County,NC,Not expanded by 2023,,"Rural, near a metro",2023,24.1,-8.5,15.0,14.3,10.823152585049232,13.02,6.12,23.57,11.422628696989069,4.0,50200.0,91366.0,7703.0,-4.731881944983572,-5.49863322343178,-3.9651306665353663,364.4968662220845
37127,Nash County,NC,Not expanded by 2023,,Metro,2023,23.6,-3.099999999999998,17.2,16.6,10.635254304061128,38.64,6.39,15.78,11.455518785020681,3.0,41600.0,94421.0,11153.0,-5.889051583530252,-6.817656018910181,-4.9604471481503225,656.805923111129
37129,New Hanover County,NC,Not expanded by 2023,,Metro,2023,24.0,-4.199999999999999,16.1,18.9,10.792427642387484,14.28,5.37,15.31,12.268676483875327,2.0,48700.0,212921.0,23716.0,-4.719342455145141,-5.525536586694397,-3.9131483235958857,1119.2392566622216
37131,Northampton County,NC,Not expanded by 2023,,Remote rural,2023,17.9,-3.900000000000002,11.5,29.0,10.365080914421894,58.04,1.9,22.47,9.945396955613338,9.0,31700.0,20856.0,2127.0,-2.9629478576219954,-4.197488905267269,-1.728406809976724,63.02190093161985
37133,Onslow County,NC,Not expanded by 2023,,Metro,2023,16.1,-8.7,10.8,16.9,10.719139935087785,14.48,11.69,7.75,12.167092703389226,3.0,45200.0,192354.0,22118.0,-1.9477233403829644,-2.660196099807944,-1.235250580957985,430.79744842590407
37135,Orange County,NC,Not expanded by 2023,,Metro,2023,25.2,0.0,15.8,15.5,10.993260892537034,11.83,8.13,11.12,11.845081256273541,2.0,59500.0,139397.0,13434.0,-4.41353225333167,-5.158523948607928,-3.668540558055408,592.9139229125766
37137,Pamlico County,NC,Not expanded by 2023,,Metro,2023,23.4,-5.700000000000003,14.2,19.0,10.68090694533025,19.7,3.22,25.12,9.463430999658344,3.0,43500.0,12880.0,1144.0,-5.364418150975358,-6.084259656786644,-4.644576645164079,61.3689436471581
37139,Pasquotank County,NC,Not expanded by 2023,,"Rural, near a metro",2023,18.9,-8.200000000000003,12.2,21.8,10.59898197616442,36.85,4.41,14.87,10.585270403017024,4.0,40100.0,39548.0,4667.0,-3.7803889732747793,-4.799935765842684,-2.7608421807068755,176.43075338273394
37141,Pender County,NC,Not expanded by 2023,,Metro,2023,27.0,-1.6999999999999993,16.5,18.3,10.713283792711254,16.85,6.15,16.62,10.911062187812915,2.0,44900.0,54779.0,5561.0,-5.559995508219673,-6.087073286511996,-5.032917729927353,309.19135021209604
37143,Perquimans County,NC,Not expanded by 2023,,"Rural, near a metro",2023,23.5,-1.1000000000000014,15.4,20.9,10.657353468130779,24.02,2.35,23.9,9.52032195192273,8.0,42500.0,13634.0,1390.0,-5.737544752608683,-6.61932863618918,-4.855760869028182,79.7518720612607
37145,Person County,NC,Not expanded by 2023,,Metro,2023,21.3,-5.899999999999999,14.0,18.4,10.647589220094883,26.97,4.09,16.79,10.577426429154775,2.0,42100.0,39239.0,4348.0,-5.30822438777178,-6.2885697355538515,-4.327879039989711,230.801596380317
37147,Pitt County,NC,Not expanded by 2023,,Metro,2023,20.8,-4.5,14.2,25.4,10.61986285921528,34.05,5.69,11.0,12.068992104981806,3.0,40900.0,174380.0,27433.0,-5.292386844568576,-7.04074400696789,-3.5440296821692705,1451.8604830704976
37149,Polk County,NC,Not expanded by 2023,,"Rural, near a metro",2023,27.3,-2.8000000000000007,16.6,14.7,10.684302144847834,4.19,5.57,27.18,9.922701771459932,8.0,43700.0,20388.0,1829.0,-5.2198372939316195,-5.8130598990420665,-4.626614688821171,95.47082410600932
37151,Randolph County,NC,Not expanded by 2023,,Metro,2023,26.4,-6.300000000000004,17.7,19.8,10.618787537737207,5.86,10.62,15.72,11.865749001752796,2.0,40900.0,142308.0,17787.0,-4.638996135567453,-5.143504341940929,-4.134487929193977,825.1382426333829
37153,Richmond County,NC,Not expanded by 2023,,Remote rural,2023,17.1,-9.599999999999998,15.0,27.3,10.398945699170996,30.7,5.98,15.79,10.739283808037968,5.0,32800.0,46133.0,6690.0,-6.2281780588267415,-7.834970081812836,-4.621386035840646,416.665112135509
37155,Robeson County,NC,Not expanded by 2023,,"Rural, near a metro",2023,19.1,-14.0,19.9,30.7,10.317185345570769,24.11,8.12,12.63,11.81403695773367,4.0,30200.0,135136.0,18411.0,-7.078174336896623,-7.801396873088371,-6.354951800704876,1303.1626771660372
37157,Rockingham County,NC,Not expanded by 2023,,Metro,2023,25.0,-2.3999999999999986,16.9,21.2,10.607723030081495,18.69,5.72,17.97,11.42841278182524,2.0,40400.0,91896.0,11681.0,-5.792211516956807,-6.765754205356408,-4.8186688285572,676.5882272957247
37159,Rowan County,NC,Not expanded by 2023,,Metro,2023,23.4,-5.0,15.6,18.8,10.632846115058646,15.91,7.83,15.8,11.832760060438417,1.0,41500.0,137690.0,17805.0,-4.591244486094508,-5.809492231770342,-3.37299674041867,817.4710807491272
37161,Rutherford County,NC,Not expanded by 2023,,"Rural, near a metro",2023,23.8,-2.3999999999999986,16.8,23.9,10.478526644615744,9.82,3.87,19.07,11.110161704933725,4.0,35500.0,66847.0,8780.0,-5.724383656782874,-6.497553142048242,-4.951214171517514,502.6008850655364
37163,Sampson County,NC,Not expanded by 2023,,"Rural, near a metro",2023,31.1,-5.5,23.1,24.3,10.488213984141654,26.22,17.84,15.55,11.065043340971267,6.0,35900.0,63898.0,8336.0,-4.6611436241083055,-6.691373885576585,-2.6309133626400283,388.55293250566837
37165,Scotland County,NC,Not expanded by 2023,,"Rural, near a metro",2023,15.5,-7.5,15.6,34.1,10.383255851836775,38.81,2.68,15.13,10.488798934228665,6.0,32300.0,35911.0,5127.0,-6.794351418411989,-8.035754352006538,-5.55294848481744,348.3463972219827
37167,Stanly County,NC,Not expanded by 2023,,"Rural, near a metro",2023,20.4,-8.3,14.5,17.7,10.664316745782925,10.96,3.72,17.12,11.012594578296879,6.0,42800.0,60633.0,6548.0,-4.935938178668357,-5.390227314883498,-4.481649042453215,323.205231939204
37169,Stokes County,NC,Not expanded by 2023,,Metro,2023,22.8,-7.800000000000001,14.5,14.4,10.704412325269505,4.01,2.66,18.34,10.747508621530201,2.0,44600.0,46514.0,4551.0,-4.724439057555329,-5.478196060425418,-3.9706820546852413,215.00922150934304
37171,Surry County,NC,Not expanded by 2023,,"Rural, near a metro",2023,27.3,-4.399999999999999,17.9,21.3,10.497394340112052,3.55,9.61,18.36,11.193312311981844,4.0,36200.0,72643.0,8957.0,-4.923882167644277,-5.702405792106318,-4.145358543182233,441.0321257558979
37173,Swain County,NC,Not expanded by 2023,,"Rural, near a metro",2023,20.4,-21.1,21.6,23.2,10.450220714640537,0.81,4.7,17.94,9.545168400484906,8.0,34600.0,13977.0,1722.0,-7.636129984425706,-8.571867304790706,-6.700392664060704,131.49415833181067
37175,Transylvania County,NC,Not expanded by 2023,,"Rural, near a metro",2023,22.8,-8.899999999999999,14.0,15.6,10.610981326802994,3.76,2.89,28.14,10.39900662648473,6.0,40600.0,32827.0,3159.0,-4.824425894625076,-5.686631690678759,-3.9622200985713913,152.40361401120614
37177,Tyrrell County,NC,Not expanded by 2023,,Remote rural,2023,29.0,-7.0,17.0,27.2,10.393355081710641,36.4,6.68,19.25,8.319717386850606,9.0,32600.0,4104.0,504.0,-6.25952640300696,-7.569693354001871,-4.949359452012058,31.548013071155076
37179,Union County,NC,Not expanded by 2023,,Metro,2023,29.1,-10.699999999999996,16.6,10.3,11.065262416161877,11.61,10.58,10.98,12.26528450516202,1.0,63900.0,212200.0,14463.0,-4.907201041938566,-5.683182746347267,-4.1312193375298705,709.7284866955748
37181,Vance County,NC,Not expanded by 2023,,"Rural, near a metro",2023,20.7,-5.199999999999999,14.8,27.3,10.479117287167616,49.88,6.87,15.97,10.7030422005086,4.0,35600.0,44491.0,6673.0,-6.129382248929943,-6.936980878984594,-5.321783618875289,409.0136774710951
37183,Wake County,NC,Not expanded by 2023,,Metro,2023,25.3,-6.699999999999999,14.8,10.9,11.088781997339963,20.57,9.74,9.77,13.789369847385935,1.0,65400.0,974198.0,77227.0,-4.33717208254683,-5.331535892120111,-3.342808272973549,3349.4678841884397
37185,Warren County,NC,Not expanded by 2023,,"Rural, near a metro",2023,22.4,-6.600000000000001,18.4,27.2,10.427239273188253,51.21,3.89,21.35,9.933046354777673,8.0,33800.0,20600.0,2517.0,-6.570552706152927,-7.992501946772872,-5.148603465532979,165.38081161386916
37187,Washington County,NC,Not expanded by 2023,,Remote rural,2023,17.0,-7.600000000000001,11.8,25.5,10.36078580928431,48.84,4.33,20.3,9.446913343602054,7.0,31600.0,12669.0,1632.0,-3.4217534180581235,-4.096935385376138,-2.746571450740105,55.843015782708584
37189,Watauga County,NC,Not expanded by 2023,,Remote rural,2023,23.0,-1.8999999999999986,14.6,27.3,10.555291769561691,1.64,3.34,13.73,10.864656043188369,5.0,38400.0,52295.0,8778.0,-4.810968889771268,-5.493756131291772,-4.128181648250762,422.3068491441219
37191,Wayne County,NC,Not expanded by 2023,,Metro,2023,27.4,-5.399999999999999,18.6,20.8,10.634075016069918,31.29,10.59,14.15,11.732759546023955,3.0,41500.0,124587.0,15650.0,-4.721581790195743,-5.873878047409556,-3.569285532981934,738.9275501656339
37193,Wilkes County,NC,Not expanded by 2023,,"Rural, near a metro",2023,26.7,-3.6000000000000014,18.3,23.1,10.488353289010583,4.14,5.72,18.97,11.136179000443898,6.0,35900.0,68609.0,8362.0,-5.523023018768455,-6.193802352109708,-4.852243685427201,461.83518482941815
37195,Wilson County,NC,Not expanded by 2023,,"Rural, near a metro",2023,24.9,-6.700000000000003,17.3,20.9,10.615750850288304,39.23,9.65,15.73,11.304535048992857,4.0,40800.0,81189.0,11368.0,-5.2366688632253995,-6.3873509638215715,-4.085986762629229,595.3045163714634
37197,Yadkin County,NC,Not expanded by 2023,,Metro,2023,26.3,-10.7,15.7,18.9,10.621278564008833,3.11,10.29,17.94,10.546997960654972,2.0,41000.0,38063.0,4202.0,-4.9208515097042556,-5.4006667729343825,-4.441036246474129,206.77418043777283
37199,Yancey County,NC,Not expanded by 2023,,"Rural, near a metro",2023,25.4,-3.8000000000000007,15.5,21.3,10.48754505050837,0.77,4.68,22.84,9.772752247213607,8.0,35900.0,17549.0,2221.0,-4.523166366838504,-5.000362780028219,-4.045969953648788,100.45952500748318
38001,Adams County,ND,Expanded 2014,2014.0,Remote rural,2013,33.2,-2.0999999999999943,17.7,10.2,10.710699754384043,0.79,1.0,25.01,7.779466967458324,9.0,44800.0,2391.0,235.0,-5.548264943660515,-6.342257846055115,-4.754272041265913,13.03842261760221
38003,Barnes County,ND,Expanded 2014,2014.0,"Rural, near a metro",2013,29.5,-2.5,14.8,10.9,10.85967184807196,1.34,1.77,19.95,9.316050826398296,6.0,52000.0,11115.0,1010.0,-4.3907664149870556,-4.954663177552775,-3.8268696524213377,44.34674079136926
38005,Benson County,ND,Expanded 2014,2014.0,Remote rural,2013,29.9,-0.8000000000000007,25.5,30.2,10.653156833420399,0.14,2.3,12.2,8.839131752546109,9.0,42300.0,6899.0,1277.0,-6.020264136208784,-7.963708499255546,-4.076819773162015,76.87877301938617
38007,Billings County,ND,Expanded 2014,2014.0,Remote rural,2013,47.1,5.899999999999999,26.9,8.2,11.220378243517139,0.0,1.1,18.09,6.815639990074331,9.0,74600.0,912.0,51.0,-10.637500233420296,-12.313222047738428,-8.961778419102167,5.425125119044351
38009,Bottineau County,ND,Expanded 2014,2014.0,Remote rural,2013,40.8,2.3999999999999986,21.5,10.0,11.023192485743465,0.62,1.74,21.19,8.815518423966498,9.0,61300.0,6738.0,456.0,-10.757359407066112,-12.180966239610646,-9.333752574521574,49.05355889622147
38011,Bowman County,ND,Expanded 2014,2014.0,Remote rural,2013,35.6,-0.7999999999999972,20.6,8.0,11.009224401146534,0.22,4.42,20.26,8.075271546297458,9.0,60400.0,3214.0,216.0,-6.755075657357086,-7.804329052849317,-5.705822261864855,14.590963419891306
38013,Burke County,ND,Expanded 2014,2014.0,Remote rural,2013,39.0,3.700000000000003,19.2,9.5,11.009009249505173,0.61,2.56,18.66,7.742835955430749,9.0,60400.0,2305.0,141.0,-8.86237986020356,-10.206123912898564,-7.518635807508554,12.49595560288702
38015,Burleigh County,ND,Expanded 2014,2014.0,Metro,2013,28.7,0.6999999999999993,15.9,8.3,11.058842427859304,0.96,1.65,14.23,11.389876086441317,3.0,63500.0,88422.0,6551.0,-4.415440892846841,-5.365577213834594,-3.4653045718590887,289.2555328903966
38017,Cass County,ND,Expanded 2014,2014.0,Metro,2013,25.5,-1.5,15.6,13.2,10.879498968386217,3.37,2.2,10.49,12.000504979455316,3.0,53100.0,162837.0,20554.0,-4.705002337849209,-5.201361263441036,-4.208643412257388,967.0661805215266
38019,Cavalier County,ND,Expanded 2014,2014.0,Remote rural,2013,36.9,-0.10000000000000142,17.8,8.6,10.888875150489609,0.26,1.09,25.65,8.257385655730436,9.0,53600.0,3856.0,214.0,-7.031191202360084,-8.164694334949287,-5.897688069770882,15.046749173050578
38021,Dickey County,ND,Expanded 2014,2014.0,Remote rural,2013,32.6,0.10000000000000142,18.0,12.2,10.866929010196616,0.58,3.18,21.58,8.555259392222693,9.0,52400.0,5194.0,484.0,-5.203602482120718,-5.846906679911411,-4.5602982843300275,25.185436013464276
38023,Divide County,ND,Expanded 2014,2014.0,Remote rural,2013,42.6,5.200000000000003,17.9,9.0,11.060620290016246,0.47,3.05,23.85,7.752335163302292,9.0,63600.0,2327.0,122.0,-10.971175758943845,-12.210695108701255,-9.73165640918645,13.38483442591149
38025,Dunn County,ND,Expanded 2014,2014.0,Remote rural,2013,44.9,2.6000000000000014,24.0,9.6,11.155021194290347,0.51,3.04,14.32,8.32845106681936,9.0,69900.0,4140.0,276.0,-11.217995324259455,-12.213508413111114,-10.222482235407789,30.9616670949561
38027,Eddy County,ND,Expanded 2014,2014.0,Remote rural,2013,33.8,0.3999999999999986,18.0,10.0,10.755239763272712,0.25,2.87,22.35,7.769378609513984,9.0,46900.0,2367.0,210.0,-5.519394497746689,-6.314744807467241,-4.724044188026138,11.590728445268049
38029,Emmons County,ND,Expanded 2014,2014.0,"Rural, near a metro",2013,40.0,0.8999999999999986,21.5,13.9,10.679089913032266,0.14,1.06,27.7,8.153637486385282,8.0,43400.0,3476.0,320.0,-11.103621748805992,-12.34250133579708,-9.8647421618149,35.531589596179174
38031,Foster County,ND,Expanded 2014,2014.0,Remote rural,2013,33.6,1.8000000000000007,15.3,8.3,10.91821085719541,0.24,1.1,22.27,8.118207049405783,9.0,55200.0,3355.0,250.0,-4.360353905930588,-5.240758012985829,-3.479949798875348,10.90088476482647
38033,Golden Valley County,ND,Expanded 2014,2014.0,Remote rural,2013,37.1,-1.0,22.1,11.7,10.78109982421129,0.66,2.68,19.4,7.509335266016592,9.0,48100.0,1825.0,178.0,-8.812877536254058,-9.766230011694553,-7.859525060813564,15.686922014532225
38035,Grand Forks County,ND,Expanded 2014,2014.0,Metro,2013,23.7,0.09999999999999787,16.6,15.1,10.813699848089813,2.79,3.74,10.95,11.143338952896963,3.0,49700.0,69102.0,10710.0,-4.648434235349299,-5.659498610939915,-3.637369859758682,497.8473066059099
38037,Grant County,ND,Expanded 2014,2014.0,"Rural, near a metro",2013,42.3,1.0999999999999943,28.5,15.1,10.734394672800558,0.13,0.92,27.66,7.780303087908373,8.0,45900.0,2393.0,279.0,-10.771403838318669,-12.763062996208305,-8.779744680429024,30.052216708909086
38039,Griggs County,ND,Expanded 2014,2014.0,Remote rural,2013,34.7,0.8000000000000043,18.0,9.4,10.831113794074028,0.39,0.74,28.11,7.7336835707759,9.0,50600.0,2284.0,167.0,-5.93113316458967,-6.674288703481177,-5.187977625698161,9.904992384864748
38041,Hettinger County,ND,Expanded 2014,2014.0,Remote rural,2013,40.6,-0.3999999999999986,19.0,10.5,11.004945787654156,0.42,1.89,23.34,7.880048200971577,9.0,60200.0,2644.0,170.0,-10.982981041213256,-12.114811615352542,-9.85115046707397,18.671067770062532
38043,Kidder County,ND,Expanded 2014,2014.0,"Rural, near a metro",2013,38.0,0.29999999999999716,20.9,13.1,10.766166514961634,0.45,3.97,21.81,7.8013913202914855,8.0,47400.0,2444.0,263.0,-9.14329266678192,-10.353112934837759,-7.933472398726094,24.046859713636447
38045,LaMoure County,ND,Expanded 2014,2014.0,Remote rural,2013,37.5,-1.3999999999999986,18.7,9.6,10.922118242774605,0.32,0.88,24.48,8.31898612539206,9.0,55400.0,4101.0,256.0,-8.11070770731962,-9.141481005314818,-7.079934409324421,20.763411730738227
38047,Logan County,ND,Expanded 2014,2014.0,Remote rural,2013,43.5,0.10000000000000142,24.8,11.9,10.789731363057987,0.1,0.98,27.23,7.566311014772463,9.0,48500.0,1932.0,191.0,-11.690326366512664,-12.630045376844885,-10.75060735618044,22.32852336003919
38049,McHenry County,ND,Expanded 2014,2014.0,Remote rural,2013,38.9,1.2999999999999972,20.7,11.1,10.801166148198302,0.36,2.22,19.65,8.68406264365127,9.0,49100.0,5908.0,568.0,-9.605861999447718,-10.858190385045816,-8.353533613849617,54.56129615686304
38051,McIntosh County,ND,Expanded 2014,2014.0,Remote rural,2013,36.6,-1.7999999999999972,19.8,15.2,10.610044420005991,0.29,1.75,31.81,7.914983005848394,9.0,40500.0,2738.0,273.0,-8.412236028178075,-9.436416553197862,-7.388055503158302,22.965404356926143
38053,McKenzie County,ND,Expanded 2014,2014.0,Remote rural,2013,35.7,-0.29999999999999716,23.3,9.9,11.234520229298656,0.57,4.69,10.35,9.135401285311689,9.0,75700.0,9278.0,546.0,-6.843611725329356,-8.24190889452567,-5.445314556133036,37.36612002029828
38055,McLean County,ND,Expanded 2014,2014.0,"Rural, near a metro",2013,36.0,-0.20000000000000284,19.1,10.6,10.889378971140118,0.26,2.07,21.29,9.155250405658222,8.0,53600.0,9464.0,709.0,-6.869030424978669,-8.302908332448357,-5.435152517508978,48.70142571309876
38057,Mercer County,ND,Expanded 2014,2014.0,Remote rural,2013,35.1,2.700000000000003,16.1,7.1,11.158391085530607,0.37,2.13,16.98,9.058237593766226,7.0,70100.0,8589.0,553.0,-5.578050414105189,-6.998153850681306,-4.157946977529082,30.8466187900017
38059,Morton County,ND,Expanded 2014,2014.0,Metro,2013,31.8,0.6000000000000014,17.3,8.3,10.996249427526061,0.66,2.26,14.77,10.272599831178495,3.0,59600.0,28929.0,2271.0,-4.920907239084348,-5.818268467918002,-4.0235460102506915,111.75380339960553
38061,Mountrail County,ND,Expanded 2014,2014.0,Remote rural,2013,37.3,5.799999999999997,25.7,11.5,11.090507465209402,0.59,5.42,11.61,9.142061531222888,9.0,65500.0,9340.0,757.0,-7.641248736437485,-9.059220863293849,-6.22327660958112,57.844252934831765
38063,Nelson County,ND,Expanded 2014,2014.0,"Rural, near a metro",2013,34.2,-1.1999999999999957,16.5,9.6,10.93158795946229,0.49,2.2,27.29,8.023552392404348,8.0,55900.0,3052.0,234.0,-5.357030314617014,-6.003337879789747,-4.710722749444284,12.535450936203814
38065,Oliver County,ND,Expanded 2014,2014.0,Metro,2013,42.7,2.5,20.2,10.4,11.098651674080669,0.16,1.91,18.16,7.543802867501509,3.0,66100.0,1889.0,143.0,-11.750790720781977,-13.244002340754028,-10.25757910080995,16.803630730718226
38067,Pembina County,ND,Expanded 2014,2014.0,Remote rural,2013,35.8,0.5,17.4,8.4,10.89642446116701,0.42,2.63,20.67,8.867568333206442,9.0,54000.0,7098.0,503.0,-6.19829733214807,-7.1849363082675115,-5.211658356028626,31.177435580704792
38069,Pierce County,ND,Expanded 2014,2014.0,Remote rural,2013,34.4,-0.8000000000000043,19.6,12.3,10.70515275856898,0.52,1.38,22.56,8.39366870513074,7.0,44600.0,4419.0,378.0,-6.468614210628563,-7.219627716154408,-5.71760070510272,24.45136171617597
38071,Ramsey County,ND,Expanded 2014,2014.0,Remote rural,2013,28.5,0.5,20.2,13.0,10.8056590758494,0.52,2.3,18.18,9.356948391612272,7.0,49300.0,11579.0,1138.0,-5.2262631046551595,-6.246304191612307,-4.206222017698015,59.474874130975714
38073,Ransom County,ND,Expanded 2014,2014.0,"Rural, near a metro",2013,30.0,-1.6000000000000014,15.0,8.8,10.978114478453726,0.55,1.49,20.32,8.611775833902186,8.0,58600.0,5496.0,456.0,-4.175944644844141,-4.5832841963525315,-3.7686050933357502,19.042307580489283
38075,Renville County,ND,Expanded 2014,2014.0,Remote rural,2013,34.1,-1.1999999999999957,16.0,7.6,11.027328895250013,0.42,2.14,18.87,7.868254265520613,9.0,61500.0,2613.0,179.0,-5.230860961018101,-5.992284120238733,-4.469437801797469,9.363241120222401
38077,Richland County,ND,Expanded 2014,2014.0,"Rural, near a metro",2013,29.2,-1.6000000000000014,16.2,10.6,10.902500475981483,0.77,2.33,15.75,9.69836808706617,6.0,54300.0,16291.0,1435.0,-4.725535662448683,-5.317779280354711,-4.133292044542655,67.8114367561386
38079,Rolette County,ND,Expanded 2014,2014.0,Remote rural,2013,29.7,2.5,27.2,29.6,10.458406613812631,0.22,1.86,10.15,9.594241302168507,9.0,34800.0,14680.0,3082.0,-5.19157119639135,-6.90823107280111,-3.474911319981585,160.0042242727814
38081,Sargent County,ND,Expanded 2014,2014.0,Remote rural,2013,30.8,-1.9999999999999964,13.2,6.5,10.979717890311107,0.39,2.89,19.67,8.263332667439967,9.0,58700.0,3879.0,266.0,-3.3650779601485774,-3.981083620316441,-2.7490722999807162,8.951107373995217
38083,Sheridan County,ND,Expanded 2014,2014.0,Remote rural,2013,43.0,0.0,24.5,16.5,10.676969705748347,0.0,1.58,30.29,7.190676034332207,9.0,43300.0,1327.0,142.0,-11.996641247429963,-13.343986041940394,-10.649296452919536,17.03523057135055
38085,Sioux County,ND,Expanded 2014,2014.0,Metro,2013,25.4,4.0,25.5,37.3,10.448453699421849,0.27,3.52,6.83,8.397057390176256,3.0,34500.0,4434.0,1118.0,-4.962165799951562,-6.191628232359067,-3.73270336754406,55.477013643458456
38087,Slope County,ND,Expanded 2014,2014.0,Remote rural,2013,42.9,-2.8999999999999986,18.4,9.1,10.99963012730331,0.39,2.2,20.62,6.647688373563329,9.0,59900.0,771.0,42.0,-11.010922604730709,-11.700614319316333,-10.321230890145085,4.624587493986898
38089,Stark County,ND,Expanded 2014,2014.0,Remote rural,2013,29.8,-1.0,16.6,8.7,11.15003122121758,1.51,3.98,13.63,10.251217609993054,7.0,69600.0,28317.0,1959.0,-4.96656349069887,-5.605183919423348,-4.327943061974391,97.29497878279086
38091,Steele County,ND,Expanded 2014,2014.0,"Rural, near a metro",2013,37.1,-2.6999999999999957,18.3,7.3,11.093310721257621,0.16,1.09,21.95,7.559038255443384,8.0,65700.0,1918.0,97.0,-7.437405789090282,-8.53501455198866,-6.339797026191905,7.214283615417573
38093,Stutsman County,ND,Expanded 2014,2014.0,Remote rural,2013,29.2,1.0,16.4,12.1,10.838423379279122,0.8,1.99,17.09,9.956174874815135,7.0,50900.0,21082.0,1900.0,-4.360075008466915,-4.781263342281942,-3.938886674651888,82.8414251608714
38095,Towner County,ND,Expanded 2014,2014.0,Remote rural,2013,34.8,-8.200000000000003,18.8,10.5,10.918700116159062,0.18,0.8,23.32,7.724888439323074,9.0,55200.0,2264.0,178.0,-6.345110791456834,-7.011330982521205,-5.678890600392465,11.294297208793166
38097,Traill County,ND,Expanded 2014,2014.0,"Rural, near a metro",2013,28.9,-1.7000000000000028,14.9,9.3,10.950911804434805,0.61,3.02,18.65,9.01042494678118,8.0,57000.0,8188.0,636.0,-4.156740691263865,-4.601039305841625,-3.712442076686105,26.43687079643818
38099,Walsh County,ND,Expanded 2014,2014.0,"Rural, near a metro",2013,32.8,-1.4000000000000057,20.7,11.2,10.785207543360087,0.32,10.65,20.35,9.312987208936326,6.0,48300.0,11081.0,993.0,-5.931733030382694,-6.602777428464139,-5.260688632301249,58.902108991700146
38101,Ward County,ND,Expanded 2014,2014.0,Remote rural,2013,28.0,1.3999999999999986,17.9,8.9,10.93652967699479,3.3,4.74,11.79,11.118370622869625,5.0,56200.0,67398.0,6148.0,-4.984090667131401,-5.7233395822207,-4.2448417520421,306.4218942152385
38103,Wells County,ND,Expanded 2014,2014.0,Remote rural,2013,33.4,-1.2000000000000028,16.0,10.3,10.90137670441254,0.17,0.87,26.75,8.330863613224745,9.0,54300.0,4150.0,326.0,-4.9391491768890825,-5.6514127795769085,-4.226885574201264,16.101626316658407
38105,Williams County,ND,Expanded 2014,2014.0,Remote rural,2013,32.3,-1.4000000000000057,18.8,7.8,11.341389533638104,1.24,4.45,10.38,10.295225540024292,7.0,84200.0,29591.0,1727.0,-5.49707682699741,-6.155743590383457,-4.838410063611363,94.93451680224527
39001,Adams County,OH,Expanded 2014,2014.0,"Rural, near a metro",2013,28.4,-2.700000000000003,17.4,24.1,10.525648805362787,0.41,0.89,16.03,10.243133319606999,6.0,37300.0,28089.0,5519.0,-4.755853628478244,-5.284632260925401,-4.227074996031089,262.4755617557143
39003,Allen County,OH,Expanded 2014,2014.0,Metro,2013,30.5,-3.0,16.0,16.1,10.675307271747375,12.04,2.69,15.62,11.56223930152315,3.0,43300.0,105055.0,14183.0,-5.511816593323129,-5.910843536845522,-5.112789649800736,781.7409474310193
39005,Ashland County,OH,Expanded 2014,2014.0,"Rural, near a metro",2013,32.4,-7.200000000000003,17.0,12.9,10.783031309043167,0.74,1.19,16.83,10.88092982620353,4.0,48200.0,53153.0,6394.0,-5.247224161949095,-5.7110975923814475,-4.7833507315167445,335.5075129150252
39007,Ashtabula County,OH,Expanded 2014,2014.0,"Rural, near a metro",2013,30.8,-2.8000000000000007,17.4,18.9,10.61886089185424,3.47,3.74,16.85,11.510382233697447,4.0,40900.0,99746.0,15175.0,-5.272198368745323,-5.84870534286969,-4.6956913946209555,800.0561024571027
39009,Athens County,OH,Expanded 2014,2014.0,"Rural, near a metro",2013,26.9,-2.700000000000003,16.9,31.0,10.485228199271722,2.65,1.77,11.08,11.075876806200181,4.0,35800.0,64594.0,15795.0,-5.180722023577068,-5.721784967730754,-4.639659079423385,818.2950436239978
39011,Auglaize County,OH,Expanded 2014,2014.0,"Rural, near a metro",2013,29.5,-9.200000000000003,13.0,9.7,10.896924493586937,0.41,1.38,16.29,10.732061203925053,4.0,54000.0,45801.0,4224.0,-3.246532200504644,-3.8037951433967363,-2.6892692576125503,137.13352014931615
39013,Belmont County,OH,Expanded 2014,2014.0,Metro,2013,31.2,-0.8000000000000007,16.1,16.8,10.578063347510637,4.03,0.79,18.44,11.14998809577284,3.0,39300.0,69563.0,8910.0,-5.046086496931363,-5.64482110096994,-4.447351892892785,449.60630687658437
39015,Brown County,OH,Expanded 2014,2014.0,Metro,2013,32.1,-0.5,16.8,17.8,10.670117509855876,0.86,0.74,15.99,10.694464463438248,1.0,43000.0,44111.0,6214.0,-4.987417669685769,-5.525890446046935,-4.448944893324603,309.91813399427366
39017,Butler County,OH,Expanded 2014,2014.0,Metro,2013,32.9,-3.1000000000000014,17.6,13.3,10.932964102369375,7.59,4.29,12.81,12.825021465236077,1.0,56000.0,371395.0,43207.0,-5.146857512579223,-6.171056832777948,-4.122658192380499,2223.802725460105
39019,Carroll County,OH,Expanded 2014,2014.0,Metro,2013,34.7,-4.599999999999994,17.8,15.5,10.705982289931356,0.57,1.11,18.53,10.249096493490926,2.0,44600.0,28257.0,3584.0,-6.4281641118870825,-7.0102165170076125,-5.846111706766545,230.38540177003307
39021,Champaign County,OH,Expanded 2014,2014.0,"Rural, near a metro",2013,29.9,-5.200000000000003,14.3,12.0,10.789648919428771,2.12,1.42,15.98,10.583068121374101,6.0,48500.0,39461.0,4673.0,-4.629005724389873,-5.087299307562029,-4.1707121412177175,216.31343750073876
39023,Clark County,OH,Expanded 2014,2014.0,Metro,2013,30.0,-4.200000000000003,17.1,18.2,10.692603786704465,8.76,3.03,17.39,11.825090371912934,3.0,44000.0,136638.0,19979.0,-5.198123772295451,-5.585803690267555,-4.8104438543233545,1038.5331484669082
39025,Clermont County,OH,Expanded 2014,2014.0,Metro,2013,30.2,-9.400000000000002,15.8,9.7,11.02513254031481,1.23,1.66,13.58,12.208305151632889,1.0,61400.0,200447.0,19161.0,-5.1319905898762785,-5.707858466518902,-4.556122713233652,983.3407169261937
39027,Clinton County,OH,Expanded 2014,2014.0,"Rural, near a metro",2013,29.2,-2.900000000000002,15.8,17.3,10.748088923518438,2.11,1.55,14.86,10.642181548052044,6.0,46500.0,41864.0,5776.0,-5.001093680705489,-5.684219971329222,-4.317967390081753,288.86317099754905
39029,Columbiana County,OH,Expanded 2014,2014.0,"Rural, near a metro",2013,33.2,-1.8999999999999986,18.2,17.8,10.645329654634832,2.24,1.42,17.94,11.570807505817879,4.0,42000.0,105959.0,14421.0,-6.165304478991608,-7.045559422634984,-5.285049535348233,889.0985589153798
39031,Coshocton County,OH,Expanded 2014,2014.0,"Rural, near a metro",2013,33.6,-3.799999999999997,18.3,14.4,10.5839546799387,1.05,0.89,17.41,10.511158540743622,6.0,39500.0,36723.0,5613.0,-6.0328466447686235,-6.938998118188538,-5.126695171348709,338.6236821708628
39033,Crawford County,OH,Expanded 2014,2014.0,"Rural, near a metro",2013,29.0,-5.5,16.2,18.2,10.556359464094182,0.87,1.4,19.01,10.662258602530038,4.0,38400.0,42713.0,6141.0,-4.637686048674275,-4.9588420425975945,-4.316530054750953,284.80030024908723
39035,Cuyahoga County,OH,Expanded 2014,2014.0,Metro,2013,30.7,-6.0000000000000036,18.2,19.2,10.684027287428389,29.53,5.28,16.24,14.050932026229932,1.0,43700.0,1265442.0,182114.0,-4.482465446363286,-5.375637763021875,-3.5892931297046995,8163.197122990035
39037,Darke County,OH,Expanded 2014,2014.0,"Rural, near a metro",2013,32.4,-3.3999999999999986,16.5,14.6,10.679711295513165,0.51,1.4,18.03,10.864866366226208,6.0,43500.0,52306.0,6278.0,-4.988333657003579,-5.408767881624907,-4.567899432382246,313.1675869866846
39039,Defiance County,OH,Expanded 2014,2014.0,"Rural, near a metro",2013,33.2,-2.0999999999999943,15.8,11.4,10.798983565153577,1.68,9.49,16.24,10.560074477784271,4.0,49000.0,38564.0,4470.0,-5.0186220470868275,-5.4307095622415265,-4.606534531932134,224.33240550478118
39041,Delaware County,OH,Expanded 2014,2014.0,Metro,2013,41.1,-0.6999999999999957,14.9,5.6,11.396571407837536,3.3,2.32,11.12,12.130163051429824,1.0,89000.0,185380.0,7816.0,-9.264218905715426,-10.32111641237142,-8.207321399059436,724.0913496707176
39043,Erie County,OH,Expanded 2014,2014.0,"Rural, near a metro",2013,31.1,-4.0,16.7,15.0,10.747100058912297,8.4,3.9,19.03,11.239185744641153,4.0,46500.0,76053.0,9225.0,-5.531645737341451,-6.135702400331468,-4.927589074351435,510.2943192697489
39045,Fairfield County,OH,Expanded 2014,2014.0,Metro,2013,30.0,-6.0,15.5,11.8,10.945476578263147,6.76,1.89,13.95,11.910331519299378,1.0,56700.0,148796.0,15038.0,-5.3108737030931525,-5.685819874007931,-4.935927532178383,798.6491874711483
39047,Fayette County,OH,Expanded 2014,2014.0,"Rural, near a metro",2013,27.9,-6.200000000000003,16.5,17.9,10.597409432938644,2.1,1.77,15.94,10.264164477854159,6.0,40000.0,28686.0,4746.0,-4.990139451173132,-5.352346039804266,-4.627932862541997,236.83201835267684
39049,Franklin County,OH,Expanded 2014,2014.0,Metro,2013,33.9,-1.2000000000000028,20.2,17.7,10.848482352538639,21.72,5.03,10.66,14.013441321420412,1.0,51500.0,1218878.0,183596.0,-3.9894110695157443,-6.2674240040154885,-1.7113981350160006,7324.399147188125
39051,Fulton County,OH,Expanded 2014,2014.0,Metro,2013,34.4,-4.899999999999999,15.5,10.8,10.848443483624047,0.42,8.26,15.28,10.650151803060869,2.0,51500.0,42199.0,4167.0,-5.211431327368613,-6.0383387733440514,-4.384523881393175,217.1603434114501
39053,Gallia County,OH,Expanded 2014,2014.0,"Rural, near a metro",2013,29.2,-2.6000000000000014,16.1,20.3,10.582713277755028,2.44,1.24,16.98,10.331529214823197,6.0,39400.0,30685.0,5006.0,-4.902185037885803,-5.335839898187991,-4.468530177583618,245.40338299656332
39055,Geauga County,OH,Expanded 2014,2014.0,Metro,2013,45.2,-2.0999999999999943,20.1,7.4,11.14299157990172,1.27,1.24,17.35,11.449410419902296,1.0,69100.0,93846.0,6024.0,-11.480997880174995,-13.13413434764421,-9.82786141270579,691.6153123017417
39057,Greene County,OH,Expanded 2014,2014.0,Metro,2013,32.2,-3.1999999999999957,15.9,12.8,11.003648641194088,7.03,2.55,14.98,12.007054472788802,2.0,60100.0,163907.0,16753.0,-5.311383973559801,-5.749413948872572,-4.873353998247028,889.8161570904734
39059,Guernsey County,OH,Expanded 2014,2014.0,"Rural, near a metro",2013,29.5,-2.8999999999999986,16.6,22.6,10.590616660770511,1.45,1.0,17.43,10.589257588757023,6.0,39800.0,39706.0,5948.0,-4.823036769741204,-5.414718378162491,-4.231355161319915,286.8742270642068
39061,Hamilton County,OH,Expanded 2014,2014.0,Metro,2013,32.3,-3.8000000000000043,18.7,18.7,10.760516483531394,25.9,2.8,13.95,13.598823617803419,1.0,47100.0,805182.0,111839.0,-5.142174069369125,-6.117216110548511,-4.1671320281897435,5750.9560574417355
39063,Hancock County,OH,Expanded 2014,2014.0,"Rural, near a metro",2013,31.3,-6.800000000000001,14.8,12.6,10.794029614387506,1.49,4.97,15.28,11.232960207829446,4.0,48700.0,75581.0,8835.0,-4.91320005121685,-5.485243541304498,-4.341156561129204,434.08122452500874
39065,Hardin County,OH,Expanded 2014,2014.0,"Rural, near a metro",2013,30.3,-3.099999999999998,15.8,15.7,10.656647403002244,0.83,1.43,14.51,10.36555351166757,6.0,42500.0,31747.0,4413.0,-4.973797695219647,-5.331557195241611,-4.616038195197682,219.49369229004304
39067,Harrison County,OH,Expanded 2014,2014.0,"Rural, near a metro",2013,31.4,-0.40000000000000213,15.9,16.5,10.605173176616129,2.08,0.78,19.24,9.655154390148258,6.0,40300.0,15602.0,2266.0,-4.690561897786901,-5.201206857368899,-4.179916938204902,106.28813260385117
39069,Henry County,OH,Expanded 2014,2014.0,"Rural, near a metro",2013,32.3,-6.900000000000006,15.1,11.2,10.841637618763176,0.53,7.23,16.24,10.233654236594065,6.0,51100.0,27824.0,2936.0,-4.7204096948597165,-5.083545205400136,-4.35727418431929,138.59122864108127
39071,Highland County,OH,Expanded 2014,2014.0,"Rural, near a metro",2013,29.9,-4.899999999999999,17.4,21.2,10.607055250423958,1.33,0.85,16.36,10.673480026792985,6.0,40400.0,43195.0,7455.0,-4.9614817165858485,-5.544063911809635,-4.37889952136206,369.878461971475
39073,Hocking County,OH,Expanded 2014,2014.0,Metro,2013,30.3,-2.1999999999999993,16.2,16.2,10.654337443224362,0.58,0.87,16.76,10.263013428702846,1.0,42400.0,28653.0,4254.0,-4.7902747516353745,-5.195147023827575,-4.385402479443172,203.77828793456885
39075,Holmes County,OH,Expanded 2014,2014.0,Remote rural,2013,43.6,-8.0,30.0,12.4,10.801980845379703,0.33,0.85,12.12,10.68290416824825,7.0,49100.0,43604.0,5794.0,-9.503596618438738,-12.090860560663163,-6.916332676214308,550.6383880723405
39077,Huron County,OH,Expanded 2014,2014.0,"Rural, near a metro",2013,34.3,-2.4000000000000057,17.5,14.6,10.710521298473333,1.05,5.93,14.91,10.982322213595562,4.0,44800.0,58825.0,7707.0,-5.998189773921139,-6.491967403501457,-5.5044121443408205,462.28048587610215
39079,Jackson County,OH,Expanded 2014,2014.0,Remote rural,2013,27.4,-2.6000000000000014,15.6,21.4,10.540672662176004,0.63,0.96,15.21,10.39821428171237,7.0,37800.0,32801.0,6111.0,-4.414755362529025,-4.857966477162212,-3.971544247895838,269.7857002041487
39081,Jefferson County,OH,Expanded 2014,2014.0,Metro,2013,29.7,-2.5000000000000036,14.9,18.4,10.547286913465735,5.42,1.29,19.33,11.129730525507792,3.0,38100.0,68168.0,9551.0,-5.091313025118426,-5.666588216038557,-4.516037834198293,486.2713070290609
39083,Knox County,OH,Expanded 2014,2014.0,"Rural, near a metro",2013,33.3,-4.600000000000001,17.2,14.5,10.759029904936185,0.86,1.38,15.89,11.016298560604051,4.0,47100.0,60858.0,7401.0,-5.580876800107559,-6.320861224078005,-4.8408923761371145,413.0406919759604
39085,Lake County,OH,Expanded 2014,2014.0,Metro,2013,35.2,-5.399999999999999,16.6,9.4,10.923723799426726,3.54,3.87,17.5,12.346160621707057,1.0,55500.0,230075.0,19332.0,-5.696637914714673,-6.107562719095341,-5.285713110334003,1101.2740416726406
39087,Lawrence County,OH,Expanded 2014,2014.0,Metro,2013,28.5,-2.6000000000000014,16.0,20.6,10.624663238817353,2.11,0.87,16.79,11.032596714646242,2.0,41100.0,61858.0,9628.0,-4.850728905059555,-5.224729697953803,-4.476728112165313,467.0281789791339
39089,Licking County,OH,Expanded 2014,2014.0,Metro,2013,32.1,-6.0,16.6,11.2,10.913432548488071,3.6,1.59,14.7,12.034459547979006,1.0,54900.0,168461.0,17831.0,-5.341030875148334,-6.049036530353145,-4.633025219943524,952.3592153476995
39091,Logan County,OH,Expanded 2014,2014.0,"Rural, near a metro",2013,33.5,-3.0,16.6,13.2,10.8213170998263,1.71,1.35,16.02,10.723113187119681,6.0,50100.0,45393.0,5922.0,-5.554392213494491,-6.161813134597342,-4.946971292391641,328.93110688314374
39093,Lorain County,OH,Expanded 2014,2014.0,Metro,2013,31.9,-2.8999999999999986,17.1,14.6,10.873546513618466,7.86,9.03,15.83,12.621811464541775,1.0,52800.0,303098.0,33733.0,-4.593482383660101,-5.338979772586563,-3.847984994733644,1549.5194124800619
39095,Lucas County,OH,Expanded 2014,2014.0,Metro,2013,30.3,-4.4999999999999964,18.7,21.6,10.615235658245211,18.97,6.56,14.18,12.98575525650181,2.0,40800.0,436156.0,72525.0,-4.785735663253223,-5.876563762843187,-3.694907563663259,3470.8547897744
39097,Madison County,OH,Expanded 2014,2014.0,Metro,2013,32.0,-11.299999999999997,16.2,12.2,10.897461287091668,6.23,1.75,13.72,10.67489123106184,1.0,54000.0,43256.0,4181.0,-5.993818592808087,-6.846722385897523,-5.14091479971865,250.60155536530613
39099,Mahoning County,OH,Expanded 2014,2014.0,Metro,2013,27.9,-5.700000000000003,16.1,18.0,10.623179288318186,15.16,5.21,18.75,12.364754472757843,2.0,41100.0,234393.0,32286.0,-4.850420882221252,-5.577364359986372,-4.123477404456131,1566.0068860339534
39101,Marion County,OH,Expanded 2014,2014.0,"Rural, near a metro",2013,30.4,-1.6000000000000014,16.5,16.3,10.665740931494621,6.06,2.3,15.61,11.09686441764866,4.0,42900.0,65964.0,9686.0,-5.479286450366672,-5.985940256645289,-4.97263264408806,530.7236855825158
39103,Medina County,OH,Expanded 2014,2014.0,Metro,2013,36.0,-3.799999999999997,15.2,6.6,11.108260037032629,1.24,1.82,14.94,12.070476265142384,1.0,66700.0,174639.0,11652.0,-5.71671240989378,-6.684122160296703,-4.749302659490854,666.1113300008232
39105,Meigs County,OH,Expanded 2014,2014.0,"Rural, near a metro",2013,29.9,-4.300000000000004,16.7,20.6,10.597209567846916,0.83,0.5,16.96,10.062327221849518,6.0,40000.0,23443.0,4162.0,-4.754152114200762,-5.247486522258893,-4.260817706142633,197.86781099303573
39107,Mercer County,OH,Expanded 2014,2014.0,Remote rural,2013,33.3,-4.800000000000004,14.8,9.4,10.917086466877281,0.32,1.65,16.2,10.611892735485053,7.0,55100.0,40615.0,3557.0,-4.746417403931399,-5.184402524433601,-4.3084322834292035,168.83006705783984
39109,Miami County,OH,Expanded 2014,2014.0,Metro,2013,31.4,-6.5,16.3,10.1,10.856919914690904,2.08,1.47,16.83,11.54455009308842,2.0,51900.0,103213.0,11055.0,-5.161411024713795,-5.799903183611974,-4.522918865815617,570.59398878211
39111,Monroe County,OH,Expanded 2014,2014.0,"Rural, near a metro",2013,34.3,-0.10000000000000142,14.9,16.7,10.621327345686446,0.48,0.44,20.66,9.58211080356025,8.0,41000.0,14503.0,1804.0,-4.945094864789101,-6.046694086363789,-3.8434956432144154,89.20951136079537
39113,Montgomery County,OH,Expanded 2014,2014.0,Metro,2013,31.1,-5.5,18.5,18.8,10.67134787923793,20.89,2.55,16.21,13.18865660813816,2.0,43100.0,534270.0,78791.0,-4.6788344887869755,-5.6719952834785925,-3.685673694095362,3686.5004820601457
39115,Morgan County,OH,Expanded 2014,2014.0,"Rural, near a metro",2013,32.1,-1.0,16.5,22.8,10.492856298620898,2.82,0.79,18.52,9.60871372627059,6.0,36100.0,14894.0,2458.0,-5.316065455360577,-5.852275857315254,-4.7798550534059,130.66888889276296
39117,Morrow County,OH,Expanded 2014,2014.0,Metro,2013,33.0,-3.799999999999997,16.8,13.3,10.819378204388943,0.51,1.39,15.03,10.45869363198285,1.0,50000.0,34846.0,4102.0,-5.272360007364579,-5.72322576083455,-4.821494253894609,216.27220750209506
39119,Muskingum County,OH,Expanded 2014,2014.0,"Rural, near a metro",2013,28.3,-1.8000000000000007,16.1,20.6,10.606560311167646,3.76,0.9,16.18,11.358012828260874,4.0,40400.0,85649.0,13495.0,-5.0011133066993825,-5.247476282618771,-4.754750330779992,674.9002407390817
39121,Noble County,OH,Expanded 2014,2014.0,Remote rural,2013,33.1,-4.299999999999997,16.6,17.3,10.655493090102427,2.65,0.46,23.62,9.594105053105007,7.0,42400.0,14678.0,1381.0,-5.461972607557788,-5.873596037544301,-5.050349177571276,75.42984171037305
39123,Ottawa County,OH,Expanded 2014,2014.0,"Rural, near a metro",2013,36.2,-3.5,15.8,10.4,10.854894431499561,0.84,4.67,21.18,10.622180640063812,4.0,51800.0,41035.0,3684.0,-5.931198730363639,-6.582715386385378,-5.2796820743419,218.50536122659645
39125,Paulding County,OH,Expanded 2014,2014.0,"Rural, near a metro",2013,33.3,-1.9000000000000057,16.1,12.3,10.756220615413271,0.88,4.47,16.25,9.859692392536456,6.0,46900.0,19143.0,2351.0,-5.277590306363468,-5.810294347977089,-4.744886264749852,124.07614810260513
39127,Perry County,OH,Expanded 2014,2014.0,Metro,2013,31.7,0.6999999999999993,16.9,17.8,10.63551885114604,0.37,0.69,14.5,10.491274217438248,1.0,41600.0,36000.0,5615.0,-4.950407035557638,-5.545667217384767,-4.355146853730509,277.96535504656134
39129,Pickaway County,OH,Expanded 2014,2014.0,Metro,2013,31.8,-1.9000000000000021,16.1,13.6,10.87172536503303,3.58,1.31,14.22,10.93942624667618,1.0,52700.0,56355.0,6006.0,-5.362465717309478,-6.295667886595901,-4.429263548023048,322.06969098160727
39131,Pike County,OH,Expanded 2014,2014.0,Remote rural,2013,26.9,-1.6000000000000014,15.5,24.3,10.623568734336155,0.95,0.9,15.9,10.249627194559478,7.0,41100.0,28272.0,5596.0,-4.334120751562053,-4.667961331104941,-4.000280172019165,242.5373972574125
39133,Portage County,OH,Expanded 2014,2014.0,Metro,2013,29.4,-7.100000000000001,15.3,16.9,10.870015020836995,4.24,1.54,14.17,11.993467123627628,2.0,52600.0,161695.0,21399.0,-4.780467248656479,-5.379138684957629,-4.1817958123553325,1022.97218654
39135,Preble County,OH,Expanded 2014,2014.0,"Rural, near a metro",2013,31.9,-6.5,15.3,13.1,10.763229096719098,0.48,0.71,16.64,10.637560722208704,6.0,47300.0,41671.0,4880.0,-4.684261536079022,-5.1768657504238735,-4.19165732173417,228.59196296065628
39137,Putnam County,OH,Expanded 2014,2014.0,"Rural, near a metro",2013,33.3,-4.100000000000001,13.5,7.2,11.01142291266509,0.29,5.86,15.17,10.437726922711134,6.0,60600.0,34123.0,2511.0,-4.025883931573862,-4.7164238909804075,-3.3353439721673133,101.08994552181967
39139,Richland County,OH,Expanded 2014,2014.0,Metro,2013,30.6,-4.100000000000001,16.9,17.6,10.60187099989132,9.26,1.65,17.7,11.714346787732115,3.0,40200.0,122314.0,15968.0,-5.298429851615131,-5.690396099327879,-4.906463603902376,846.0532787059041
39141,Ross County,OH,Expanded 2014,2014.0,"Rural, near a metro",2013,28.2,-5.599999999999998,15.4,19.4,10.66265652863807,5.86,1.11,14.69,11.255229288008705,4.0,42700.0,77283.0,11548.0,-5.087859986836974,-5.441972004242545,-4.733747969431403,587.5460712799338
39143,Sandusky County,OH,Expanded 2014,2014.0,"Rural, near a metro",2013,32.9,-4.399999999999999,15.6,12.9,10.753638481905739,2.79,9.45,16.45,11.002916174580129,4.0,46800.0,60049.0,7415.0,-5.033694823369579,-5.461685760902641,-4.6057038858365145,373.2484711528543
39145,Scioto County,OH,Expanded 2014,2014.0,"Rural, near a metro",2013,28.4,-3.8000000000000043,17.3,24.5,10.510041450510977,2.55,1.21,16.4,11.268353966242397,4.0,36700.0,78304.0,14646.0,-5.061230694747745,-5.457015005737276,-4.665446383758216,741.2678475527547
39147,Seneca County,OH,Expanded 2014,2014.0,"Rural, near a metro",2013,31.1,-5.399999999999999,15.7,13.9,10.760474040511141,2.28,4.7,15.85,10.930371087745765,4.0,47100.0,55847.0,6926.0,-5.18948096998989,-5.934036076157817,-4.444925863821968,359.42345198149974
39149,Shelby County,OH,Expanded 2014,2014.0,"Rural, near a metro",2013,30.3,-7.099999999999998,14.7,10.0,10.849900034962806,2.07,1.48,14.2,10.803709876231219,4.0,51500.0,49203.0,5256.0,-4.882633066979493,-5.401173625282379,-4.36409250867661,256.6311940004422
39151,Stark County,OH,Expanded 2014,2014.0,Metro,2013,29.1,-6.199999999999996,16.5,15.4,10.718830241681781,7.63,1.8,17.3,12.834969263488508,2.0,45200.0,375108.0,47583.0,-4.938540060812609,-5.735008158301149,-4.142071963324069,2349.9055171364635
39153,Summit County,OH,Expanded 2014,2014.0,Metro,2013,31.0,-4.799999999999997,17.4,14.8,10.80675383328753,14.52,1.83,15.75,13.202884739735214,2.0,49400.0,541926.0,68223.0,-4.890328052784237,-6.109381557636292,-3.6712745479321818,3336.32850745099
39155,Trumbull County,OH,Expanded 2014,2014.0,Metro,2013,33.2,-2.5,17.9,18.7,10.6442575495135,8.27,1.55,18.75,12.237222414522389,2.0,42000.0,206328.0,27873.0,-5.917195312842911,-6.488566497738294,-5.345824127947525,1649.2998495487047
39157,Tuscarawas County,OH,Expanded 2014,2014.0,"Rural, near a metro",2013,32.9,-4.800000000000004,18.2,14.3,10.694691138568423,0.75,2.18,17.48,11.43606601867317,4.0,44100.0,92602.0,11291.0,-5.745518952571444,-6.786228111748116,-4.704809793394771,648.7265449348416
39159,Union County,OH,Expanded 2014,2014.0,Metro,2013,35.0,-5.600000000000001,13.5,7.8,11.136776411196116,2.32,1.44,10.8,10.886239955109703,1.0,68600.0,53436.0,3886.0,-5.097293514128671,-5.932631410534964,-4.261955617722376,198.08082595904014
39161,Van Wert County,OH,Expanded 2014,2014.0,"Rural, near a metro",2013,33.2,-5.5,14.6,13.3,10.761492176138386,0.91,2.79,17.49,10.252276483450736,6.0,47200.0,28347.0,3028.0,-5.066700250691752,-5.5918961823561935,-4.541504319027303,153.41968359094625
39163,Vinton County,OH,Expanded 2014,2014.0,"Rural, near a metro",2013,27.7,-2.1000000000000014,15.6,22.2,10.541174875891706,0.44,0.65,15.22,9.495744852683906,8.0,37800.0,13303.0,2547.0,-4.325847415318686,-4.689212916440563,-3.96248191419681,110.17933366816692
39165,Warren County,OH,Expanded 2014,2014.0,Metro,2013,38.6,-5.100000000000001,15.4,7.3,11.225789909817326,3.36,2.45,12.33,12.29781282409289,1.0,75000.0,219216.0,12815.0,-7.149388905683044,-8.515291718188829,-5.783486093177258,916.1941882632822
39167,Washington County,OH,Expanded 2014,2014.0,"Rural, near a metro",2013,32.9,-0.6000000000000014,16.4,16.3,10.627066940216276,1.15,0.95,18.69,11.024578622964665,4.0,41200.0,61364.0,8537.0,-5.147357813490177,-5.67881836223338,-4.615897264746976,439.42993653765643
39169,Wayne County,OH,Expanded 2014,2014.0,"Rural, near a metro",2013,34.3,-5.600000000000001,18.7,13.1,10.811342805589181,1.49,1.79,15.69,11.656159633056136,4.0,49600.0,115400.0,12633.0,-6.506606511431652,-7.517978443502938,-5.495234579360365,821.9796005891606
39171,Williams County,OH,Expanded 2014,2014.0,"Rural, near a metro",2013,29.1,-9.100000000000001,14.6,12.1,10.725687361010687,1.05,3.84,17.03,10.530120929037734,6.0,45500.0,37426.0,4657.0,-4.746724656617601,-5.099208664076807,-4.394240649158398,221.05496725868167
39173,Wood County,OH,Expanded 2014,2014.0,Metro,2013,29.3,-2.099999999999998,14.7,13.0,10.870053060283906,2.49,5.08,13.27,11.767668453460129,2.0,52600.0,129013.0,16555.0,-4.3960220470533535,-4.8775746153269885,-3.914469478779715,727.7614498896827
39175,Wyandot County,OH,Expanded 2014,2014.0,Remote rural,2013,31.7,-6.900000000000002,14.9,11.2,10.748668888951572,0.29,2.56,17.36,10.019491228292434,7.0,46600.0,22460.0,2384.0,-4.695801809225068,-5.304878983553646,-4.086724634896489,111.94791513192561
40001,Adair County,OK,Expanded 2019-2022,2022.0,"Rural, near a metro",2021,35.4,-3.3999999999999986,25.3,30.4,10.373397427387058,0.37,5.94,14.22,10.019491228292434,6.0,32000.0,22460.0,3178.0,-7.716197802564353,-9.524327352117481,-5.908068253011228,245.22076616549515
40003,Alfalfa County,OK,Expanded 2019-2022,2022.0,Remote rural,2021,29.1,-9.299999999999997,21.2,15.9,10.823571082648979,4.06,4.92,18.49,8.675222055641148,9.0,50200.0,5856.0,676.0,-6.1434479082834645,-6.975785588240376,-5.311110228326553,41.529707859996215
40005,Atoka County,OK,Expanded 2019-2022,2022.0,Remote rural,2021,36.5,2.700000000000003,26.1,20.8,10.462331614195987,3.63,3.09,18.09,9.539716058977092,9.0,35000.0,13901.0,2133.0,-8.245363975787068,-10.540371545184458,-5.9503564063896786,175.87361360353816
40007,Beaver County,OK,Expanded 2019-2022,2022.0,Remote rural,2021,49.5,3.0,29.4,10.4,10.920148368552894,0.67,21.25,16.81,8.623892810075294,9.0,55300.0,5563.0,497.0,-9.17658069120301,-10.719780484880085,-7.633380897525937,45.60760603527896
40009,Beckham County,OK,Expanded 2019-2022,2022.0,Remote rural,2021,35.2,1.7000000000000028,24.8,15.9,10.81130246592924,3.99,13.65,12.06,10.06339307004575,7.0,49600.0,23468.0,3108.0,-6.859696376920926,-8.209091732936269,-5.510301020905584,213.1993633947024
40011,Blaine County,OK,Expanded 2019-2022,2022.0,"Rural, near a metro",2021,35.8,-1.5,22.8,16.8,10.628036496235605,3.04,9.38,17.78,9.188605879830176,6.0,41300.0,9785.0,1019.0,-8.49953953980394,-9.142018407252483,-7.857060672355399,86.61030791060216
40013,Bryan County,OK,Expanded 2019-2022,2022.0,"Rural, near a metro",2021,39.1,3.0,26.3,19.2,10.50783084142058,1.55,5.44,16.74,10.694623141424277,6.0,36600.0,44118.0,6772.0,-9.289997554465922,-11.392128412284997,-7.187866696646844,629.1186343884322
40015,Caddo County,OK,Expanded 2019-2022,2022.0,"Rural, near a metro",2021,39.1,4.399999999999999,26.3,21.1,10.526694984891392,2.82,11.43,15.48,10.294853736264791,6.0,37300.0,29580.0,3489.0,-8.687093690322875,-10.429355300686302,-6.94483207995945,303.0926988553651
40017,Canadian County,OK,Expanded 2019-2022,2022.0,Metro,2021,36.2,-1.5999999999999943,19.3,7.3,11.06490248157219,2.47,7.78,11.77,11.743584702626102,1.0,63900.0,125943.0,11722.0,-6.633226032147503,-8.14318739877094,-5.123264665524065,777.5467554883303
40019,Carter County,OK,Expanded 2019-2022,2022.0,Remote rural,2021,36.6,-3.299999999999997,24.0,17.3,10.669652825832646,6.55,6.43,15.35,10.788597166926708,5.0,43000.0,48465.0,6216.0,-8.381761417504512,-9.49807227228509,-7.265450562723928,521.0102897120804
40021,Cherokee County,OK,Expanded 2019-2022,2022.0,"Rural, near a metro",2021,39.3,-1.0,26.7,22.0,10.508977693165527,1.35,6.6,14.59,10.776244282386555,6.0,36600.0,47870.0,7566.0,-9.415252747812373,-10.968009950809519,-7.862495544815228,712.3580228994841
40023,Choctaw County,OK,Expanded 2019-2022,2022.0,Remote rural,2021,32.0,0.0,23.9,27.3,10.340838849506614,10.89,3.59,19.17,9.619332585860503,7.0,31000.0,15053.0,2360.0,-6.048126269196967,-7.677695366728097,-4.41855717166584,142.73577995304842
40025,Cimarron County,OK,Expanded 2019-2022,2022.0,Remote rural,2021,41.0,-1.6000000000000014,25.6,17.5,10.58701359805202,0.34,19.42,21.65,7.752764808851328,9.0,39600.0,2328.0,256.0,-10.84786697863565,-12.920861898854804,-8.774872058416497,27.770539465307266
40027,Cleveland County,OK,Expanded 2019-2022,2022.0,Metro,2021,30.2,-0.10000000000000142,18.4,12.7,10.9126309014249,4.57,7.77,11.31,12.505658584984777,1.0,54900.0,269860.0,33018.0,-4.50520764465647,-5.5948121084420945,-3.415603180870844,1487.5294601126732
40029,Coal County,OK,Expanded 2019-2022,2022.0,Remote rural,2021,39.2,2.5,27.3,18.1,10.47835782550502,0.66,3.7,19.54,8.659213451436667,9.0,35500.0,5763.0,823.0,-9.70909897168678,-11.497100460067381,-7.921097483306179,79.9058845369822
40031,Comanche County,OK,Expanded 2019-2022,2022.0,Metro,2021,30.4,2.599999999999998,19.8,20.2,10.662726734458161,16.51,12.34,10.84,11.735660933029791,3.0,42700.0,124949.0,16525.0,-4.482192325038242,-5.7658817617618965,-3.1985028883145876,740.6822817125695
40033,Cotton County,OK,Expanded 2019-2022,2022.0,Metro,2021,32.9,0.29999999999999716,20.9,16.1,10.611720370514114,2.22,6.68,18.02,8.726481196440007,3.0,40600.0,6164.0,733.0,-6.154715545739929,-6.795922219271925,-5.513508872207933,45.11406495027368
40035,Craig County,OK,Expanded 2019-2022,2022.0,"Rural, near a metro",2021,33.3,0.5,23.0,19.9,10.516833662892518,3.07,3.05,18.72,9.595670797663967,6.0,36900.0,14701.0,2049.0,-7.335040499942226,-8.048643341872204,-6.621437658012245,150.2949798438162
40037,Creek County,OK,Expanded 2019-2022,2022.0,Metro,2021,35.1,3.400000000000002,22.6,14.9,10.705668494120196,2.23,3.58,16.18,11.16443125312169,2.0,44600.0,70575.0,8169.0,-7.683452758046418,-9.680097763907598,-5.686807752185246,627.6612558048118
40039,Custer County,OK,Expanded 2019-2022,2022.0,Remote rural,2021,36.6,-2.6999999999999957,25.0,15.1,10.76635641041421,2.87,16.35,12.76,10.285684033704937,7.0,47400.0,29310.0,4006.0,-7.761817240708515,-9.505524491994139,-6.018109989422893,310.93839866278313
40041,Delaware County,OK,Expanded 2019-2022,2022.0,"Rural, near a metro",2021,36.2,-3.799999999999997,25.1,22.0,10.497504767188882,0.31,3.34,22.61,10.638136496521085,6.0,36200.0,41695.0,5687.0,-9.271755898454842,-10.120685162551188,-8.42282663435851,527.2847579451269
40043,Dewey County,OK,Expanded 2019-2022,2022.0,Remote rural,2021,37.1,-6.899999999999999,20.6,12.4,10.80584161867141,0.43,5.72,19.52,8.488176242345745,9.0,49300.0,4857.0,474.0,-7.530942133228502,-8.342243569560718,-6.7196406968962865,35.6966657115031
40045,Ellis County,OK,Expanded 2019-2022,2022.0,Remote rural,2021,39.4,-1.3000000000000043,26.1,11.9,10.815850581072302,0.6,7.55,20.23,8.326758814511733,9.0,49800.0,4133.0,409.0,-9.895356490711954,-11.59124543062275,-8.199467550801154,40.47200804701189
40047,Garfield County,OK,Expanded 2019-2022,2022.0,Remote rural,2021,41.7,3.1000000000000014,25.8,13.7,10.778143459633002,3.02,10.5,15.18,11.04083966952017,5.0,48000.0,62370.0,7010.0,-9.792347003965286,-12.146400552300156,-7.438293455630417,686.4435249779666
40049,Garvin County,OK,Expanded 2019-2022,2022.0,"Rural, near a metro",2021,36.3,-3.3000000000000043,24.4,19.8,10.556177255464798,2.46,7.43,17.2,10.219356126832537,6.0,38400.0,27429.0,3509.0,-9.026964184945705,-9.850954334245376,-8.202974035646033,316.7561732497448
40051,Grady County,OK,Expanded 2019-2022,2022.0,Metro,2021,37.1,3.0,22.1,13.0,10.792838649154332,2.37,5.08,14.66,10.88999440741993,1.0,48700.0,53637.0,5437.0,-8.383598044290368,-9.594750996663947,-7.172445091916794,455.81622566806726
40053,Grant County,OK,Expanded 2019-2022,2022.0,Remote rural,2021,32.9,2.3999999999999986,19.2,12.4,10.841911527044745,1.28,4.18,20.28,8.416488487294606,9.0,51100.0,4521.0,407.0,-5.3461768614968355,-6.334511701987635,-4.357842021006043,21.75893982629212
40055,Greer County,OK,Expanded 2019-2022,2022.0,Remote rural,2021,27.4,0.5,17.9,21.7,10.45754506469412,7.35,10.43,17.95,8.722417141427496,7.0,34800.0,6139.0,715.0,-5.264193407260546,-6.666943808176461,-3.8614430063446314,37.6389828619129
40057,Harmon County,OK,Expanded 2019-2022,2022.0,Remote rural,2021,38.0,-2.3999999999999986,25.2,23.5,10.364292755677457,7.09,26.77,18.51,7.969357742016346,9.0,31700.0,2891.0,355.0,-8.488644594120862,-11.241008379632007,-5.736280808609717,30.134688309129057
40059,Harper County,OK,Expanded 2019-2022,2022.0,Remote rural,2021,49.9,-0.6000000000000014,30.3,10.1,10.723157245805858,0.13,20.07,17.67,8.261268150577648,9.0,45400.0,3871.0,349.0,-9.367327070391593,-11.591188345885836,-7.143465794897363,32.69197147566666
40061,Haskell County,OK,Expanded 2019-2022,2022.0,"Rural, near a metro",2021,33.4,-2.8999999999999986,23.6,22.3,10.464388228934425,0.51,4.03,18.6,9.466299552232016,6.0,35000.0,12917.0,1919.0,-7.507860541006586,-8.339702196534384,-6.676018885478789,144.0758437819164
40063,Hughes County,OK,Expanded 2019-2022,2022.0,Remote rural,2021,30.0,-5.399999999999999,21.5,22.5,10.453226149800717,5.67,4.7,18.03,9.520981848562874,7.0,34700.0,13643.0,2192.0,-6.515222701802898,-8.005397695339443,-5.025047708266351,142.8136816235195
40065,Jackson County,OK,Expanded 2019-2022,2022.0,Remote rural,2021,35.3,2.6999999999999957,23.2,17.3,10.62490629943787,7.02,22.52,13.43,10.170035361457623,7.0,41100.0,26109.0,3099.0,-7.109779434769885,-8.648675108092096,-5.570883761447674,220.33206468351872
40067,Jefferson County,OK,Expanded 2019-2022,2022.0,"Rural, near a metro",2021,33.0,-3.799999999999997,23.5,21.7,10.370862730428172,0.82,8.98,19.6,8.757311846936409,8.0,31900.0,6357.0,855.0,-7.239792222939583,-8.322848887615928,-6.156735558263239,61.90022350613343
40069,Johnston County,OK,Expanded 2019-2022,2022.0,Remote rural,2021,36.6,2.0,23.5,20.5,10.467977158387665,2.01,4.42,17.41,9.304377013902565,9.0,35200.0,10986.0,1463.0,-9.047369490508459,-10.881698913148144,-7.21304006786878,132.36301564613873
40071,Kay County,OK,Expanded 2019-2022,2022.0,Remote rural,2021,32.2,-1.7999999999999972,21.6,19.6,10.623714737499816,1.97,7.1,17.79,10.726368298094252,5.0,41100.0,45541.0,5631.0,-6.4682497481929975,-7.507490001760879,-5.429009494625117,364.2271433207477
40073,Kingfisher County,OK,Expanded 2019-2022,2022.0,"Rural, near a metro",2021,47.5,-0.10000000000000142,28.6,10.4,10.914761137921928,1.27,14.4,15.29,9.635608107380527,6.0,55000.0,15300.0,1328.0,-9.008562675926878,-10.026264133637092,-7.990861218216654,119.63371233630895
40075,Kiowa County,OK,Expanded 2019-2022,2022.0,"Rural, near a metro",2021,28.0,-1.3000000000000007,19.2,21.5,10.451926829595399,4.02,10.15,18.56,9.142489705068009,6.0,34600.0,9344.0,1398.0,-5.3892750353612096,-6.559496729364318,-4.2190533413581,75.34206499434971
40077,Latimer County,OK,Expanded 2019-2022,2022.0,Remote rural,2021,34.3,0.19999999999999574,23.1,19.2,10.496178836771703,0.94,3.18,19.79,9.286745703178589,7.0,36200.0,10794.0,1392.0,-8.004014928211548,-9.010838891148058,-6.997190965275038,111.41588780070477
40079,Le Flore County,OK,Expanded 2019-2022,2022.0,Metro,2021,36.5,-1.1000000000000014,26.0,24.3,10.4665829937358,2.17,6.78,16.2,10.825780236605917,2.0,35100.0,50301.0,7683.0,-8.083152295608222,-9.32448469328707,-6.8418198979293745,621.0285908715798
40081,Lincoln County,OK,Expanded 2019-2022,2022.0,Metro,2021,36.1,1.7000000000000028,23.5,15.8,10.654384638636976,1.76,2.97,16.79,10.441003791555163,1.0,42400.0,34235.0,4190.0,-8.566364647521606,-9.721176740639184,-7.411552554404026,358.9306787311553
40083,Logan County,OK,Expanded 2019-2022,2022.0,Metro,2021,36.5,0.8999999999999986,20.8,12.8,10.959366298617336,8.82,5.4,13.58,10.688050977729352,1.0,57500.0,43829.0,4689.0,-7.15527918586613,-8.078523540477482,-6.232034831254776,335.51104102526284
40085,Love County,OK,Expanded 2019-2022,2022.0,Remote rural,2021,43.0,2.200000000000003,25.2,14.7,10.739738910064524,1.85,14.03,17.86,9.179881164491475,9.0,46200.0,9700.0,1334.0,-9.772161405265884,-11.16017602125208,-8.384146789279669,130.3606331462469
40087,McClain County,OK,Expanded 2019-2022,2022.0,Metro,2021,38.8,-0.6000000000000014,22.0,10.0,10.964467199730683,0.79,7.57,14.17,10.503888762894483,1.0,57800.0,36457.0,3427.0,-9.026405102363297,-11.029404209497338,-7.02340599522926,309.3349028579902
40089,McCurtain County,OK,Expanded 2019-2022,2022.0,Remote rural,2021,34.1,-3.1000000000000014,24.7,25.4,10.351980221114811,8.39,5.28,16.64,10.411148172958962,7.0,31300.0,33228.0,4812.0,-6.515450899225113,-8.507753734615292,-4.523148063834931,313.5234972707124
40091,McIntosh County,OK,Expanded 2019-2022,2022.0,"Rural, near a metro",2021,34.8,-1.6000000000000014,23.7,18.8,10.547812068398505,3.17,2.47,23.64,9.908972482766698,6.0,38100.0,20110.0,3062.0,-8.36874244023922,-9.227239018552968,-7.5102458619254735,256.2508935201249
40093,Major County,OK,Expanded 2019-2022,2022.0,Remote rural,2021,39.9,-0.30000000000000426,23.1,12.0,10.863335734159111,0.67,8.72,19.17,8.950273466557375,9.0,52200.0,7710.0,726.0,-10.347468885917353,-11.931101458661844,-8.763836313172858,75.12262411175999
40095,Marshall County,OK,Expanded 2019-2022,2022.0,"Rural, near a metro",2021,45.6,-0.3999999999999986,29.9,19.2,10.546787760701491,1.48,15.85,20.85,9.68439827154996,6.0,38100.0,16065.0,1969.0,-8.657561426678594,-10.952805694011957,-6.362317159345232,170.46738449130152
40097,Mayes County,OK,Expanded 2019-2022,2022.0,"Rural, near a metro",2021,36.2,1.8000000000000043,24.8,20.0,10.624784776512419,0.47,3.11,16.77,10.620424499218812,6.0,41100.0,40963.0,5015.0,-8.796725033776832,-10.614129628082583,-6.979320439471079,441.15576044390815
40099,Murray County,OK,Expanded 2019-2022,2022.0,Remote rural,2021,39.3,5.0,26.0,15.1,10.816091496552287,1.55,5.61,18.59,9.52390946537981,7.0,49800.0,13683.0,1554.0,-9.164605630417542,-10.956916723365376,-7.372294537469709,142.4179714966886
40101,Muskogee County,OK,Expanded 2019-2022,2022.0,"Rural, near a metro",2021,32.5,-3.200000000000003,23.5,19.9,10.560333753369742,10.99,5.58,15.58,11.158704650049076,4.0,38600.0,70172.0,9623.0,-5.994344174077555,-6.697290889409554,-5.291397458745554,576.8357398714832
40103,Noble County,OK,Expanded 2019-2022,2022.0,"Rural, near a metro",2021,32.6,0.6000000000000014,19.3,13.4,10.758498447987632,1.65,3.16,17.53,9.343296599224809,6.0,47000.0,11422.0,1137.0,-5.735139455404923,-6.577882045871847,-4.892396864937995,65.20853560795398
40105,Nowata County,OK,Expanded 2019-2022,2022.0,"Rural, near a metro",2021,35.1,-1.5,22.3,18.2,10.610611600026868,2.23,2.76,18.56,9.264544425989694,6.0,40600.0,10557.0,1211.0,-8.6436785184592,-10.354085934159082,-6.933271102759319,104.67494685854092
40107,Okfuskee County,OK,Expanded 2019-2022,2022.0,"Rural, near a metro",2021,29.5,-4.0,22.0,25.3,10.462588922467008,7.62,3.72,16.88,9.417191926513414,6.0,35000.0,12298.0,1873.0,-6.596701813962167,-8.434397056276374,-4.759006571647963,123.5562249755114
40109,Oklahoma County,OK,Expanded 2019-2022,2022.0,Metro,2021,36.2,-2.0,23.7,17.5,10.73613577187363,15.28,16.04,12.38,13.536043979071945,1.0,46000.0,756187.0,96545.0,-4.767672923545589,-6.5219574476126585,-3.013388399478522,4602.949824037089
40111,Okmulgee County,OK,Expanded 2019-2022,2022.0,Metro,2021,33.6,2.700000000000003,23.6,19.7,10.507475596776255,8.35,3.5,16.67,10.581419567289593,2.0,36600.0,39396.0,5291.0,-6.424122157536782,-7.565241524491258,-5.283002790582309,339.90030335527115
40113,Osage County,OK,Expanded 2019-2022,2022.0,Metro,2021,30.1,-2.6000000000000014,19.1,14.0,10.81975828421028,11.23,3.25,16.88,10.766187616237207,2.0,50000.0,47391.0,5016.0,-5.86787764189576,-6.709951048613242,-5.025804235178276,294.33274251749134
40115,Ottawa County,OK,Expanded 2019-2022,2022.0,"Rural, near a metro",2021,37.5,2.1000000000000014,25.4,22.6,10.489077361672273,0.93,5.06,17.24,10.378572002524349,6.0,35900.0,32163.0,4565.0,-9.324871356756944,-11.625885431518876,-7.023857281995016,425.6803774359545
40117,Pawnee County,OK,Expanded 2019-2022,2022.0,Metro,2021,33.0,0.20000000000000284,21.2,15.4,10.668187658180978,0.77,2.57,17.42,9.708445431332793,2.0,43000.0,16456.0,2009.0,-6.41858275416927,-7.386935161333643,-5.450230347004897,128.94932753126065
40119,Payne County,OK,Expanded 2019-2022,2022.0,"Rural, near a metro",2021,31.6,2.700000000000003,20.8,23.0,10.58681164414731,3.63,4.36,11.07,11.285999770360558,4.0,39600.0,79698.0,16360.0,-5.6283102091370765,-6.7318131999101425,-4.524807218364009,920.7915502148257
40121,Pittsburg County,OK,Expanded 2019-2022,2022.0,Remote rural,2021,37.6,1.7000000000000028,25.3,18.1,10.623885047586233,3.39,4.44,18.36,10.720333569181761,5.0,41100.0,45267.0,5621.0,-9.064764788745693,-11.338150781092335,-6.791378796399048,509.53042877539536
40123,Pontotoc County,OK,Expanded 2019-2022,2022.0,Remote rural,2021,33.3,-2.4000000000000057,23.3,20.5,10.608538600098896,2.22,4.66,15.47,10.54951691976812,7.0,40500.0,38159.0,4539.0,-7.062637732593252,-8.273090711051417,-5.852184754135087,320.5731266824077
40125,Pottawatomie County,OK,Expanded 2019-2022,2022.0,"Rural, near a metro",2021,31.1,0.6000000000000014,21.9,19.0,10.701107354692605,2.93,4.66,15.06,11.169110335173754,4.0,44400.0,70906.0,9377.0,-6.229877452634611,-6.990623085841651,-5.469131819427563,584.1756087335474
40127,Pushmataha County,OK,Expanded 2019-2022,2022.0,Remote rural,2021,33.8,-2.3000000000000043,23.5,24.4,10.384431121820198,0.78,3.02,21.72,9.32420462812523,9.0,32400.0,11206.0,1712.0,-7.505890415799771,-8.333379331889798,-6.678401499709743,128.50084391849208
40129,Roger Mills County,OK,Expanded 2019-2022,2022.0,Remote rural,2021,32.5,-4.899999999999999,20.5,12.2,10.896035374127038,0.54,6.14,18.54,8.224699561967235,9.0,54000.0,3732.0,424.0,-6.054103707829374,-6.668323305627517,-5.439884110031231,25.669399721196548
40131,Rogers County,OK,Expanded 2019-2022,2022.0,Metro,2021,39.7,3.4000000000000057,22.0,9.2,10.930693344981439,1.04,4.12,14.59,11.393319518821643,2.0,55900.0,88727.0,7878.0,-9.786309307160012,-11.343237555991154,-8.229381058328864,770.9654472180658
40133,Seminole County,OK,Expanded 2019-2022,2022.0,Remote rural,2021,33.5,-0.10000000000000142,23.6,23.7,10.455387938873837,4.37,4.5,16.74,10.14399939801143,7.0,34700.0,25438.0,3966.0,-6.961420555400373,-8.50038328873002,-5.422457822070729,276.0899392271788
40135,Sequoyah County,OK,Expanded 2019-2022,2022.0,Metro,2021,34.5,-0.3999999999999986,25.1,25.0,10.431524213032473,1.64,3.59,16.42,10.640986490666574,2.0,33900.0,41814.0,6404.0,-7.2011727114096775,-8.49944826104901,-5.902897161770344,461.1631004386757
40137,Stephens County,OK,Expanded 2019-2022,2022.0,"Rural, near a metro",2021,37.1,1.3000000000000043,24.6,15.9,10.727816492493142,1.83,6.81,17.83,10.713884293146313,4.0,45600.0,44976.0,5572.0,-8.864552979724003,-9.988520529872295,-7.740585429575711,493.9328920302214
40139,Texas County,OK,Expanded 2019-2022,2022.0,Remote rural,2021,52.2,-1.7999999999999972,32.4,13.7,10.756071417352569,3.42,45.11,10.22,10.000977173813386,7.0,46900.0,22048.0,2531.0,-7.710071154646119,-9.978744831709438,-5.441397477582811,195.1419009240933
40141,Tillman County,OK,Expanded 2019-2022,2022.0,"Rural, near a metro",2021,37.7,-1.0,24.1,22.1,10.464645008633122,7.34,24.72,18.59,8.952605375892354,6.0,35100.0,7728.0,1048.0,-8.500796689999234,-10.553475388965337,-6.448117991033132,89.08834931119196
40143,Tulsa County,OK,Expanded 2019-2022,2022.0,Metro,2021,39.5,2.6000000000000014,24.9,15.7,10.780663165681714,10.43,11.59,12.82,13.343432779156764,2.0,48100.0,623705.0,75456.0,-5.864155574380521,-7.145859817025225,-4.58245133173581,4424.857230204566
40145,Wagoner County,OK,Expanded 2019-2022,2022.0,Metro,2021,40.1,2.8000000000000043,21.9,11.5,10.879894541737267,3.59,5.25,14.22,11.233925592901281,2.0,53100.0,75654.0,7129.0,-10.659925390231901,-12.241482115260572,-9.078368665203227,759.9460810696322
40147,Washington County,OK,Expanded 2019-2022,2022.0,"Rural, near a metro",2021,38.0,0.10000000000000142,22.6,13.8,10.754407416968615,2.44,5.45,18.54,10.852168027211935,4.0,46800.0,51646.0,5961.0,-9.226036396967304,-10.291128326526866,-8.160944467407738,549.964029623221
40149,Washita County,OK,Expanded 2019-2022,2022.0,Remote rural,2021,34.7,-2.8999999999999986,22.6,15.6,10.75239839707897,0.73,9.44,16.62,9.367429587218957,7.0,46700.0,11701.0,1434.0,-7.866618501902782,-8.971259971368275,-6.76197703243729,112.8073093172859
40151,Woods County,OK,Expanded 2019-2022,2022.0,Remote rural,2021,29.2,-3.5000000000000036,19.3,14.4,10.791028954457627,3.14,5.94,16.37,9.104979856318357,7.0,48600.0,9000.0,970.0,-5.706694032842143,-6.932095705755768,-4.481292359928514,55.35493211856879
40153,Woodward County,OK,Expanded 2019-2022,2022.0,Remote rural,2021,40.2,-1.2999999999999972,25.5,14.6,10.899660979282453,1.86,11.44,14.02,9.963641475355875,7.0,54200.0,21240.0,2246.0,-10.151772477509532,-12.124320205555634,-8.179224749463422,228.00880984486406
41001,Baker County,OR,Expanded 2014,2014.0,Remote rural,2013,32.0,-8.200000000000003,21.3,14.5,10.650175500024103,0.55,3.67,23.58,9.681343501555002,7.0,42200.0,16016.0,2440.0,-6.694752282346566,-7.482893836887295,-5.90661072780584,163.35195568925622
41003,Benton County,OR,Expanded 2014,2014.0,Metro,2013,26.0,-13.399999999999999,17.8,20.8,10.833957285583553,0.97,6.8,13.65,11.364042552726982,3.0,50700.0,86167.0,16998.0,-6.486522720142207,-7.726307215503099,-5.246738224781316,1102.5791319697723
41005,Clackamas County,OR,Expanded 2014,2014.0,Metro,2013,39.3,-6.200000000000003,21.8,9.7,11.10516773080218,0.83,8.07,15.49,12.8673214391534,1.0,66500.0,387442.0,35474.0,-7.3337141257647485,-9.12377405046629,-5.543654201063219,2601.561748973787
41007,Clatsop County,OR,Expanded 2014,2014.0,"Rural, near a metro",2013,37.3,-8.800000000000004,22.7,16.7,10.670071051169256,0.58,7.91,18.69,10.521722591530942,4.0,43000.0,37113.0,5687.0,-9.201304211705338,-11.193646911103182,-7.208961512307492,523.2781705196826
41009,Columbia County,OR,Expanded 2014,2014.0,Metro,2013,35.1,-7.399999999999999,19.4,11.8,10.91911670358958,0.5,4.57,16.54,10.804847371021863,1.0,55200.0,49259.0,5689.0,-6.3412279682709025,-7.077154680265195,-5.6053012562766105,360.7524591149317
41011,Coos County,OR,Expanded 2014,2014.0,Remote rural,2013,32.8,-4.400000000000006,22.9,19.6,10.534307099477882,0.43,5.91,23.04,11.040935864989436,5.0,37600.0,62376.0,10373.0,-7.2518715655554855,-8.127879139151405,-6.375863991959565,752.2366374950706
41013,Crook County,OR,Expanded 2014,2014.0,"Rural, near a metro",2013,34.3,-11.900000000000006,22.0,17.4,10.67690049281473,0.24,7.49,23.3,9.937840668907791,6.0,43300.0,20699.0,3196.0,-8.302991723385718,-9.598213322715013,-7.007770124056419,265.36361547940754
41015,Curry County,OR,Expanded 2014,2014.0,Remote rural,2013,32.9,-9.200000000000003,23.0,18.7,10.523391771328356,0.4,6.36,30.41,10.009018053745592,7.0,37200.0,22226.0,3267.0,-7.7634691935140125,-9.055536076997605,-6.471402310030424,253.63253855210277
41017,Deschutes County,OR,Expanded 2014,2014.0,Metro,2013,41.5,-4.899999999999999,25.1,15.2,10.80825211257166,0.39,7.6,17.26,12.015511234184041,3.0,49400.0,165299.0,21827.0,-9.057313079274106,-10.291692140179068,-7.822934018369149,1976.939725813159
41019,Douglas County,OR,Expanded 2014,2014.0,"Rural, near a metro",2013,32.5,-5.399999999999999,21.9,19.5,10.602691354678605,0.34,5.08,22.94,11.576866932907004,4.0,40200.0,106603.0,16807.0,-6.946567719165591,-7.688131929280712,-6.205003509050461,1167.509636560161
41021,Gilliam County,OR,Expanded 2014,2014.0,Remote rural,2013,37.6,-6.899999999999999,19.0,11.9,10.82031813866275,0.31,6.18,23.26,7.57198844937744,9.0,50000.0,1943.0,237.0,-7.48106219618992,-7.998314783804205,-6.963809608575635,17.73011740497011
41023,Grant County,OR,Expanded 2014,2014.0,Remote rural,2013,36.2,-5.799999999999997,23.5,18.0,10.61075950714147,0.19,3.47,26.23,8.891511570527564,9.0,40600.0,7270.0,1085.0,-9.374084413160858,-10.690207795603513,-8.057961030718207,101.70881588279532
41025,Harney County,OR,Expanded 2014,2014.0,Remote rural,2013,36.7,-6.0,26.6,18.1,10.519780686235853,0.56,4.52,21.37,8.87640491500694,7.0,37000.0,7161.0,1233.0,-9.64298029881478,-11.074258422875342,-8.211702174754215,118.89794708438625
41027,Hood River County,OR,Expanded 2014,2014.0,"Rural, near a metro",2013,49.1,-4.799999999999997,29.6,14.8,10.837441369615792,0.32,30.55,13.53,10.024686967937972,6.0,50900.0,22577.0,3115.0,-9.70671958010072,-11.1927152819453,-8.220723878256148,302.36431492013736
41029,Jackson County,OR,Expanded 2014,2014.0,Metro,2013,39.5,-7.200000000000003,25.8,18.7,10.678053416757233,0.62,11.63,19.29,12.241338432879719,3.0,43400.0,207179.0,33135.0,-8.603216756051639,-10.156001861475945,-7.050431650627341,2850.6758721177107
41031,Jefferson County,OR,Expanded 2014,2014.0,"Rural, near a metro",2013,41.6,-8.699999999999996,30.2,21.8,10.623933702283855,0.7,19.45,17.49,9.992916837362552,6.0,41100.0,21871.0,3588.0,-9.894449780266992,-12.125074328849013,-7.66382523168496,355.01285811597967
41033,Josephine County,OR,Expanded 2014,2014.0,Metro,2013,31.1,-8.899999999999999,20.8,19.4,10.535264520896195,0.38,6.8,24.2,11.3281729558044,3.0,37600.0,83131.0,14528.0,-6.46446106172542,-7.258732710298893,-5.670189413151947,939.156903047469
41035,Klamath County,OR,Expanded 2014,2014.0,Remote rural,2013,37.8,-4.400000000000006,25.9,18.2,10.533215585226419,0.64,11.6,18.7,11.092580194332612,5.0,37500.0,65682.0,11318.0,-10.079938055595825,-11.652294421362063,-8.507581689829587,1140.8473891323354
41037,Lake County,OR,Expanded 2014,2014.0,Remote rural,2013,39.4,-5.300000000000004,26.3,20.9,10.541544766778113,0.49,7.49,22.63,8.961237781491876,7.0,37900.0,7795.0,1246.0,-10.659758763015672,-11.684494549454687,-9.635022976576646,132.8205941871753
41039,Lane County,OR,Expanded 2014,2014.0,Metro,2013,35.0,-8.100000000000001,23.2,21.1,10.6868866870731,0.9,7.96,16.63,12.781227080946238,2.0,43800.0,355481.0,66187.0,-6.609098233858389,-7.382131018530012,-5.836065449186765,4374.363848043852
41041,Lincoln County,OR,Expanded 2014,2014.0,Remote rural,2013,37.8,-6.5,26.1,20.1,10.591647316585027,0.51,8.33,23.92,10.743372289207658,5.0,39800.0,46322.0,7491.0,-10.429438455979033,-11.467534909693097,-9.39134200226497,781.2692347373894
41043,Linn County,OR,Expanded 2014,2014.0,Metro,2013,33.3,-9.0,20.9,19.0,10.713105797383161,0.46,8.18,16.74,11.681866230270122,3.0,44900.0,118405.0,17603.0,-6.496732880931262,-7.644698701309656,-5.348767060552865,1143.6198890303301
41045,Malheur County,OR,Expanded 2014,2014.0,"Rural, near a metro",2013,41.6,-9.5,26.7,29.4,10.450596888379366,1.12,32.52,15.84,10.3298657822245,6.0,34600.0,30634.0,5409.0,-11.25543367184956,-13.555712476814865,-8.955154866884255,608.8064073103426
41047,Marion County,OR,Expanded 2014,2014.0,Metro,2013,39.4,-8.800000000000004,26.0,18.8,10.756177989667314,1.05,25.3,13.89,12.680662616414056,2.0,46900.0,321471.0,48628.0,-7.4797048009700395,-8.809458705796763,-6.14995089614332,3637.230850615711
41049,Morrow County,OR,Expanded 2014,2014.0,"Rural, near a metro",2013,46.4,-9.0,25.1,16.8,10.845231583215277,0.58,33.72,14.06,9.323311850635344,6.0,51300.0,11196.0,1630.0,-10.693453971135924,-11.555116327007738,-9.831791615264112,174.30329972951554
41051,Multnomah County,OR,Expanded 2014,2014.0,Metro,2013,37.6,-8.5,24.2,18.2,10.889752008037794,5.4,11.03,11.51,13.549631724628705,1.0,53600.0,766532.0,124380.0,-6.1712212705554474,-7.600112450241428,-4.742330090869463,7675.7650163168655
41053,Polk County,OR,Expanded 2014,2014.0,Metro,2013,37.5,-1.7000000000000028,23.4,18.3,10.843963451198638,0.69,12.78,16.24,11.24562101787025,2.0,51200.0,76544.0,10279.0,-9.035081601394404,-10.323159450385857,-7.747003752402953,928.7160378073308
41055,Sherman County,OR,Expanded 2014,2014.0,Remote rural,2013,41.8,-5.100000000000001,23.1,17.1,10.87197217314098,0.17,6.67,24.99,7.45298232946546,9.0,52700.0,1725.0,220.0,-10.799405334718793,-11.809641291047043,-9.789169378390529,23.758691736381348
41057,Tillamook County,OR,Expanded 2014,2014.0,"Rural, near a metro",2013,42.8,-2.9000000000000057,26.5,16.6,10.635470756881272,0.35,9.83,22.63,10.140257836764995,6.0,41600.0,25343.0,3780.0,-10.547907476295975,-11.632798513223563,-9.463016439368403,398.7109026039879
41059,Umatilla County,OR,Expanded 2014,2014.0,"Rural, near a metro",2013,40.9,-7.5,26.8,17.1,10.759029904936185,0.74,25.12,13.83,11.249936005108818,4.0,47100.0,76875.0,10571.0,-10.427467514430992,-11.704898225121054,-9.150036803740933,1102.2875909505
41061,Union County,OR,Expanded 2014,2014.0,Remote rural,2013,35.1,-3.1999999999999957,20.8,19.4,10.629368102712709,0.5,4.32,18.12,10.147452819542636,7.0,41300.0,25526.0,4246.0,-8.215500276025908,-9.12350477917337,-7.307495772878447,348.83014172006006
41063,Wallowa County,OR,Expanded 2014,2014.0,Remote rural,2013,35.5,-7.600000000000001,21.8,15.1,10.663147865904188,0.43,2.39,25.74,8.820404065485645,9.0,42800.0,6771.0,965.0,-8.365793728809772,-9.34601028897158,-7.385577168647959,80.7299094830143
41065,Wasco County,OR,Expanded 2014,2014.0,"Rural, near a metro",2013,41.5,-7.399999999999999,27.0,17.2,10.656341286557868,0.45,16.27,18.85,10.13946835265183,6.0,42500.0,25323.0,4295.0,-10.346304887062917,-12.204350646079789,-8.488259128046032,444.3737948993523
41067,Washington County,OR,Expanded 2014,2014.0,Metro,2013,43.9,-8.899999999999999,23.7,10.9,11.060871767447471,1.76,16.1,11.3,13.227198955306436,1.0,63600.0,555264.0,58290.0,-8.318710262627416,-9.593794572675334,-7.043625952579498,4848.97621208552
41069,Wheeler County,OR,Expanded 2014,2014.0,Remote rural,2013,36.4,-6.5,25.2,22.6,10.406230600108763,0.22,5.22,31.42,7.228388451573604,9.0,33100.0,1378.0,250.0,-9.362551777713406,-10.648373785164338,-8.076729770262489,23.406379444283516
41071,Yamhill County,OR,Expanded 2014,2014.0,Metro,2013,40.6,-6.600000000000001,23.7,14.3,10.958269854987387,0.82,15.33,15.08,11.511614606170127,1.0,57400.0,99869.0,12326.0,-10.478147506708599,-11.56789792856452,-9.388397084852688,1291.5364616769018
42001,Adams County,PA,Expanded 2015-2017,2015.0,Metro,2014,28.3,-8.2,13.8,9.5,10.963445634222696,1.5,6.4,17.42,11.524231312339198,3.0,57700.0,101137.0,8393.0,-3.8753934808111903,-4.675961262907695,-3.0748256987146827,325.26177484448317
42003,Allegheny County,PA,Expanded 2015-2017,2015.0,Metro,2014,22.1,-4.899999999999999,11.7,13.5,10.847393451443256,13.16,1.8,17.11,14.025528342059555,1.0,51400.0,1233700.0,131949.0,-1.28514850949018,-2.7094093096192964,0.13911229063893504,1695.7406067871975
42005,Armstrong County,PA,Expanded 2015-2017,2015.0,Metro,2014,22.7,-5.900000000000002,11.8,14.7,10.667256277574845,0.83,0.65,19.44,11.126733432205649,1.0,42900.0,67964.0,7683.0,-2.103733417399759,-2.715465709374347,-1.4920011254251708,161.62983845882349
42007,Beaver County,PA,Expanded 2015-2017,2015.0,Metro,2014,22.6,-5.5,11.9,11.3,10.803953734063311,6.23,1.37,19.26,12.04194065103642,1.0,49200.0,169726.0,16744.0,-1.6881708404239855,-2.5749805111667845,-0.801361169681186,282.66732552059216
42009,Bedford County,PA,Expanded 2015-2017,2015.0,"Rural, near a metro",2014,26.2,-5.300000000000001,13.7,13.5,10.779018787936984,0.54,1.06,20.37,10.80604440495564,6.0,48000.0,49318.0,5660.0,-3.584978784765418,-4.303367545290765,-2.86659002424007,202.90979921772265
42011,Berks County,PA,Expanded 2015-2017,2015.0,Metro,2014,29.9,-2.1000000000000014,15.8,14.0,10.926549804133506,4.13,18.19,15.6,12.933415917717983,2.0,55600.0,413915.0,44570.0,-4.577149221509777,-5.54004358947471,-3.6142548535448378,2040.0354080269076
42013,Blair County,PA,Expanded 2015-2017,2015.0,Metro,2014,21.7,-3.1000000000000014,11.9,16.2,10.639598432528189,1.69,1.09,18.65,11.742734750831538,3.0,41800.0,125836.0,15439.0,-2.0237248343577385,-2.6917497415171274,-1.355699927198349,312.44287717649127
42015,Bradford County,PA,Expanded 2015-2017,2015.0,"Rural, near a metro",2014,24.2,-5.800000000000001,14.2,13.5,10.80196048603731,0.51,1.42,19.0,11.043081822925858,6.0,49100.0,62510.0,7096.0,-3.7545546861987362,-4.276270660679635,-3.2328387117178377,266.42320053266235
42017,Bucks County,PA,Expanded 2015-2017,2015.0,Metro,2014,27.2,-7.199999999999999,12.7,6.4,11.207242341408895,3.65,4.67,16.14,13.345526128534221,1.0,73700.0,625012.0,32603.0,-2.9386228000088392,-3.9921413746009353,-1.8851042254167434,958.0791914868819
42019,Butler County,PA,Expanded 2015-2017,2015.0,Metro,2014,22.9,-7.800000000000001,11.0,9.4,10.975584735548482,1.13,1.27,16.36,12.128667705885679,1.0,58400.0,185103.0,14838.0,-1.653429633078853,-2.23552553830048,-1.0713337278572261,245.33588895624018
42021,Cambria County,PA,Expanded 2015-2017,2015.0,Metro,2014,20.5,-6.0,11.0,16.2,10.619618569486448,3.27,1.48,19.9,11.840976629397389,3.0,40900.0,138826.0,15769.0,-1.8391579781324117,-2.601904114437567,-1.0764118418272566,290.0168215717
42023,Cameron County,PA,Expanded 2015-2017,2015.0,Remote rural,2014,23.5,-4.199999999999999,11.1,14.6,10.542468895852291,0.45,0.79,23.16,8.502485562543963,7.0,37900.0,4927.0,595.0,-2.2322188531820726,-2.6870829344168317,-1.7773547719473155,13.281702176433331
42025,Carbon County,PA,Expanded 2015-2017,2015.0,Metro,2014,25.2,-5.199999999999999,13.0,14.1,10.699597376153898,1.52,3.88,18.99,11.075009476591555,2.0,44300.0,64538.0,7053.0,-3.277152849731843,-3.9812157450877557,-2.573089954375928,231.13759049158688
42027,Centre County,PA,Expanded 2015-2017,2015.0,Metro,2014,18.7,-3.1000000000000014,11.4,18.4,10.869691627102307,3.5,2.67,12.14,11.971811269607107,3.0,52600.0,158231.0,26289.0,-1.2599053876895832,-2.1487108782176616,-0.37109989716150493,331.2165273697145
42029,Chester County,PA,Expanded 2015-2017,2015.0,Metro,2014,34.8,-5.700000000000003,16.1,7.0,11.335889912605511,5.83,6.89,14.15,13.14040956109539,1.0,83800.0,509105.0,29590.0,-5.316600058587163,-6.103509359518285,-4.529690757656043,1573.1819573359414
42031,Clarion County,PA,Expanded 2015-2017,2015.0,"Rural, near a metro",2014,23.1,-4.599999999999998,13.0,18.7,10.59770915569734,0.97,0.73,17.59,10.57321256315158,6.0,40000.0,39074.0,5688.0,-3.4172351900126103,-3.846749713809251,-2.987720666215972,194.37233760791727
42033,Clearfield County,PA,Expanded 2015-2017,2015.0,"Rural, near a metro",2014,23.0,-5.399999999999999,12.2,16.5,10.594432309540874,2.45,2.85,18.32,11.307474473186938,4.0,39900.0,81428.0,10087.0,-2.6593798950145673,-3.324122911164286,-1.9946368788648488,268.2516500101194
42035,Clinton County,PA,Expanded 2015-2017,2015.0,"Rural, near a metro",2014,22.9,-5.400000000000002,13.2,14.2,10.711903499513792,1.59,1.32,16.9,10.592400782564011,4.0,44900.0,39831.0,5150.0,-3.182924749464187,-3.83276675629903,-2.533082742629345,163.9206245974056
42037,Columbia County,PA,Expanded 2015-2017,2015.0,Metro,2014,21.4,-4.900000000000002,11.6,17.1,10.726873210019802,1.75,2.42,17.14,11.115324354418851,3.0,45600.0,67193.0,9153.0,-1.8919610730228915,-2.7491025215036036,-1.0348196245421777,173.17119701378527
42039,Crawford County,PA,Expanded 2015-2017,2015.0,"Rural, near a metro",2014,26.2,-3.6000000000000014,15.0,14.4,10.687229266240786,1.72,1.13,17.99,11.379485496737797,4.0,43800.0,87508.0,11269.0,-4.6786628766385965,-5.1065123457135595,-4.250813407563635,527.2385195684035
42041,Cumberland County,PA,Expanded 2015-2017,2015.0,Metro,2014,27.1,-3.6999999999999993,13.0,8.6,11.004330684355597,3.38,3.2,16.63,12.39279699578892,2.0,60100.0,241059.0,18096.0,-2.8807222096292375,-3.85769252748336,-1.9037518917751153,521.2954910545068
42043,Dauphin County,PA,Expanded 2015-2017,2015.0,Metro,2014,26.0,-5.0,14.0,13.8,10.88706303121588,17.21,7.87,14.89,12.51146324240975,2.0,53500.0,271431.0,29769.0,-3.917731096768463,-4.683851948631455,-3.1516102449054704,1166.2693701970036
42045,Delaware County,PA,Expanded 2015-2017,2015.0,Metro,2014,28.0,-5.0,14.8,10.9,11.069540397361827,20.35,3.33,14.85,13.238365272215148,1.0,64200.0,561499.0,47151.0,-4.833890697564084,-5.845584826038324,-3.8221965690898445,2279.227802808441
42047,Elk County,PA,Expanded 2015-2017,2015.0,Remote rural,2014,22.6,-7.399999999999999,10.4,9.8,10.744796084076594,0.37,0.72,19.9,10.356503962502515,7.0,46400.0,31461.0,3001.0,-1.914433877144337,-2.2953104531195723,-1.533557301169102,57.45216065310156
42049,Erie County,PA,Expanded 2015-2017,2015.0,Metro,2014,24.7,-3.1000000000000014,14.0,17.9,10.697000294715387,7.16,3.74,15.38,12.545102323394635,2.0,44200.0,280717.0,36834.0,-4.6378910381653435,-5.44061418480405,-3.8351678915266367,1708.3207849978226
42051,Fayette County,PA,Expanded 2015-2017,2015.0,Metro,2014,21.4,-4.300000000000001,12.8,19.2,10.543471269980007,4.56,0.97,18.86,11.810070125585671,1.0,37900.0,134601.0,19744.0,-3.484469070802968,-4.480812298026832,-2.4881258435791036,687.973573339338
42053,Forest County,PA,Expanded 2015-2017,2015.0,Remote rural,2014,26.1,-4.199999999999999,11.8,24.5,10.547628295541239,18.4,5.89,20.29,8.928507824313293,9.0,38100.0,7544.0,696.0,-2.9529022057868644,-4.021906224762274,-1.883898186811455,20.552199352276574
42055,Franklin County,PA,Expanded 2015-2017,2015.0,Metro,2014,31.1,-5.799999999999997,16.9,11.8,10.895126915200132,3.12,4.82,17.75,11.9312738922425,3.0,53900.0,151945.0,14587.0,-5.216304653702233,-5.7933002488902465,-4.639309058514219,760.9023598355446
42057,Fulton County,PA,Expanded 2015-2017,2015.0,"Rural, near a metro",2014,23.7,-6.100000000000001,12.1,12.5,10.737092085791328,1.08,1.01,19.27,9.59014573330377,8.0,46000.0,14620.0,1691.0,-2.351960296907407,-2.915321837456605,-1.7885987563582093,39.771648620704255
42059,Greene County,PA,Expanded 2015-2017,2015.0,"Rural, near a metro",2014,21.2,-3.900000000000002,11.4,16.3,10.717878440381437,3.36,1.35,16.36,10.541544766778113,6.0,45200.0,37856.0,4309.0,-1.8745899947475637,-2.483645675210356,-1.26553431428477,80.77608287367252
42061,Huntingdon County,PA,Expanded 2015-2017,2015.0,"Rural, near a metro",2014,24.2,-4.900000000000002,12.3,14.8,10.656765115149097,5.44,1.8,18.16,10.732912351388622,6.0,42500.0,45840.0,4913.0,-2.6357738050555497,-3.2156880663667775,-2.05585954374432,129.49556704237915
42063,Indiana County,PA,Expanded 2015-2017,2015.0,"Rural, near a metro",2014,24.3,0.6000000000000014,13.5,14.7,10.70333435175513,2.68,1.25,16.7,11.386681738395978,4.0,44500.0,88140.0,12879.0,-3.458435825496049,-3.9344872047088817,-2.98238444628321,445.4119499656362
42065,Jefferson County,PA,Expanded 2015-2017,2015.0,Remote rural,2014,21.9,-7.400000000000002,11.8,15.5,10.63674447402395,0.37,0.74,18.87,10.711747540196578,7.0,41600.0,44880.0,5544.0,-2.087977308918269,-2.48081535306893,-1.6951392647676076,115.75746200642885
42067,Juniata County,PA,Expanded 2015-2017,2015.0,"Rural, near a metro",2014,28.9,-3.6000000000000014,15.2,11.8,10.740367043985996,0.53,2.86,18.35,10.105611736626262,6.0,46200.0,24480.0,2757.0,-4.385056812459748,-4.899357620397464,-3.8707560045220317,120.89601631951524
42069,Lackawanna County,PA,Expanded 2015-2017,2015.0,Metro,2014,23.1,-5.399999999999999,13.0,14.8,10.712771970725116,2.41,5.92,18.34,12.272445420894435,2.0,44900.0,213725.0,25277.0,-2.903770382328855,-3.4028381381732222,-2.4047026264844877,733.9860395412646
42071,Lancaster County,PA,Expanded 2015-2017,2015.0,Metro,2014,30.3,-0.8000000000000007,18.0,10.5,10.946692833932499,3.31,9.51,16.03,13.180654926781424,2.0,56800.0,530012.0,47725.0,-4.446565188741973,-5.486788805193744,-3.4063415722902013,2122.1232363271065
42073,Lawrence County,PA,Expanded 2015-2017,2015.0,"Rural, near a metro",2014,22.1,-5.5,11.5,13.8,10.673572625816131,3.94,1.19,19.85,11.399286331479175,4.0,43200.0,89258.0,10190.0,-1.8392076292548238,-2.4104269291513702,-1.2679883293582783,187.41525742106657
42075,Lebanon County,PA,Expanded 2015-2017,2015.0,Metro,2014,27.6,0.40000000000000213,15.3,11.2,10.914215355893717,1.75,11.16,17.82,11.818967948753942,3.0,55000.0,135804.0,12152.0,-3.836943547417493,-4.4456058711149735,-3.2282812237200122,466.26537988217376
42077,Lehigh County,PA,Expanded 2015-2017,2015.0,Metro,2014,30.4,-5.0,16.2,14.2,10.891577880026057,5.26,21.02,15.54,12.78083317079205,2.0,53700.0,355341.0,37795.0,-4.771779323233603,-5.619849489488156,-3.923709156979054,1803.49399521614
42079,Luzerne County,PA,Expanded 2015-2017,2015.0,Metro,2014,25.4,-4.700000000000003,13.8,16.1,10.708489117870215,3.29,8.65,18.65,12.674941255885601,2.0,44700.0,319637.0,38066.0,-3.983301376528275,-4.564326476152437,-3.4022762769041135,1516.2835019892534
42081,Lycoming County,PA,Expanded 2015-2017,2015.0,Metro,2014,25.2,-4.100000000000001,14.1,14.0,10.750706838407863,4.41,1.67,17.18,11.666487400092759,3.0,46700.0,116598.0,13838.0,-4.790043011593304,-5.315187131665059,-4.26489889152155,662.8461519442815
42083,Mc Kean County,PA,Expanded 2015-2017,2015.0,Remote rural,2014,23.0,-3.1000000000000014,12.2,19.0,10.637128673812564,2.42,2.0,17.62,10.66448027999114,7.0,41700.0,42808.0,5479.0,-2.750350140217155,-3.4296188865064536,-2.071081393927857,150.6916841824979
42085,Mercer County,PA,Expanded 2015-2017,2015.0,Metro,2014,22.5,-4.899999999999999,12.2,14.1,10.690489308567697,5.6,1.29,19.39,11.653808517796582,2.0,43900.0,115129.0,13222.0,-2.1295570690643437,-2.9064228328587616,-1.352691305269928,281.57003567168755
42087,Mifflin County,PA,Expanded 2015-2017,2015.0,"Rural, near a metro",2014,26.5,-3.0,15.3,14.5,10.658834584175423,0.65,1.28,19.83,10.749977944151007,4.0,42600.0,46629.0,6458.0,-4.230132136562217,-4.579902706513792,-3.880361566610642,273.18193337918797
42089,Monroe County,PA,Expanded 2015-2017,2015.0,Metro,2014,29.9,-9.600000000000001,15.2,12.0,10.920039822348286,12.55,14.16,14.76,12.02787258369539,3.0,55300.0,167355.0,18118.0,-4.611413724563041,-5.193770788436159,-4.029056660689926,835.4959386163318
42091,Montgomery County,PA,Expanded 2015-2017,2015.0,Metro,2014,27.4,-7.100000000000001,12.3,6.8,11.251833390925226,8.84,4.6,15.97,13.607977033738567,1.0,77000.0,812586.0,44062.0,-2.46036902130335,-3.413989966265114,-1.5067480763415855,1084.087798166682
42093,Montour County,PA,Expanded 2015-2017,2015.0,Metro,2014,25.4,-4.900000000000002,10.1,10.3,10.884235552246894,1.36,2.19,19.42,9.820051594294094,3.0,53300.0,18399.0,1638.0,-2.103201594903747,-2.7096276588453994,-1.4967755309620956,34.45044212452338
42095,Northampton County,PA,Expanded 2015-2017,2015.0,Metro,2014,28.2,-5.800000000000001,14.4,10.1,10.995494742152102,4.82,11.63,16.99,12.60804833937407,2.0,59600.0,298955.0,24560.0,-4.281439047156093,-5.001390664187649,-3.561487430124543,1051.5214299815364
42097,Northumberland County,PA,Expanded 2015-2017,2015.0,"Rural, near a metro",2014,25.9,-3.8000000000000007,14.6,14.7,10.623227977365595,2.16,2.89,19.28,11.449740693766254,4.0,41100.0,93877.0,11584.0,-4.937301964878184,-5.4974327766568365,-4.377171153099532,571.9370596114888
42099,Perry County,PA,Expanded 2015-2017,2015.0,Metro,2014,28.5,-6.299999999999997,15.3,10.2,10.942774375119424,0.7,1.63,15.58,10.728736979978141,2.0,56500.0,45649.0,4065.0,-4.537384576470433,-4.839094557951402,-4.235674594989465,184.44468303352306
42101,Philadelphia County,PA,Expanded 2015-2017,2015.0,Metro,2014,25.9,-2.5,18.6,26.0,10.516454515968546,41.95,13.39,12.5,14.259114383823345,1.0,36900.0,1558313.0,319805.0,-3.52218913089579,-4.670650983990292,-2.3737272778012892,11264.136950061282
42103,Pike County,PA,Expanded 2015-2017,2015.0,Metro,2014,31.2,-7.900000000000002,14.7,10.4,11.004895928506238,5.37,9.75,19.19,10.934195662590366,1.0,60200.0,56061.0,4839.0,-4.802949046342286,-5.3724738299921695,-4.2334242626924015,232.41470435250324
42105,Potter County,PA,Expanded 2015-2017,2015.0,Remote rural,2014,22.2,-6.300000000000001,11.9,15.4,10.591144690352435,0.4,1.17,20.79,9.767266832624836,9.0,39800.0,17453.0,2248.0,-2.3239617434456137,-2.8584242625797156,-1.7894992243115118,52.2426599926574
42107,Schuylkill County,PA,Expanded 2015-2017,2015.0,"Rural, near a metro",2014,24.2,-6.0,13.3,13.6,10.633785998726866,2.77,3.4,18.71,11.895926808094103,4.0,41500.0,146668.0,15896.0,-3.4941803045442787,-4.469371430464463,-2.518989178624096,555.4349012103586
42109,Snyder County,PA,Expanded 2015-2017,2015.0,Remote rural,2014,29.8,-3.099999999999998,17.1,12.0,10.726741518441289,0.97,1.99,16.71,10.599705014953292,7.0,45600.0,40123.0,4299.0,-5.019264891979528,-5.6637168243200255,-4.374812959639029,215.7781977061999
42111,Somerset County,PA,Expanded 2015-2017,2015.0,"Rural, near a metro",2014,24.3,-5.300000000000001,13.3,12.7,10.662235190180022,2.67,1.3,19.69,11.246182628532104,4.0,42700.0,76587.0,7874.0,-3.496195708212764,-4.158892452741971,-2.8334989636835526,275.29045006467305
42113,Sullivan County,PA,Expanded 2015-2017,2015.0,"Rural, near a metro",2014,29.0,-1.6999999999999993,14.7,14.3,10.637488727104339,2.84,1.68,26.0,8.748463629942055,8.0,41700.0,6301.0,751.0,-4.626701657139595,-5.038260982291168,-4.215142331988022,34.74652944511836
42115,Susquehanna County,PA,Expanded 2015-2017,2015.0,"Rural, near a metro",2014,27.2,-4.900000000000002,15.0,14.4,10.804542811767506,0.42,1.61,19.96,10.654832883999834,6.0,49200.0,42397.0,4752.0,-4.059495942810342,-4.606708950310924,-3.5122829353097593,192.90724720234746
42117,Tioga County,PA,Expanded 2015-2017,2015.0,"Rural, near a metro",2014,24.9,-5.5,13.9,13.2,10.715572657167588,0.76,1.21,19.22,10.650436129564383,6.0,45100.0,42211.0,5136.0,-3.710179278222028,-4.2473783839332855,-3.1729801725107696,190.55480772948337
42119,Union County,PA,Expanded 2015-2017,2015.0,"Rural, near a metro",2014,25.2,-3.6999999999999993,13.8,13.5,10.80948549492485,6.58,5.55,15.96,10.708511471981696,4.0,49500.0,44735.0,3991.0,-3.970329278913526,-4.988963908929438,-2.951694648897608,158.45584152143883
42121,Venango County,PA,Expanded 2015-2017,2015.0,"Rural, near a metro",2014,23.5,-2.8000000000000007,12.7,15.8,10.639119344702229,1.03,1.09,19.28,10.893233186217124,4.0,41700.0,53811.0,6769.0,-2.929097597241043,-3.3209129035549902,-2.5372822909270947,198.2706163572462
42123,Warren County,PA,Expanded 2015-2017,2015.0,"Rural, near a metro",2014,22.6,-8.2,11.7,14.2,10.646448183053785,0.44,0.93,20.27,10.620204764608506,6.0,42000.0,40954.0,4633.0,-2.0596516471655004,-2.520253584530617,-1.599049709800385,95.42366081317763
42125,Washington County,PA,Expanded 2015-2017,2015.0,Metro,2014,24.0,-5.399999999999999,11.7,10.9,10.913614651413148,3.13,1.4,18.44,12.245514488078703,1.0,54900.0,208046.0,18692.0,-1.7699537327779686,-2.4671944396402665,-1.0727130259156743,330.8397517308579
42127,Wayne County,PA,Expanded 2015-2017,2015.0,"Rural, near a metro",2014,24.4,-6.300000000000001,13.0,11.8,10.73219219685162,3.11,3.87,20.92,10.862914399287419,6.0,45800.0,52204.0,5249.0,-3.221990995319285,-3.985377936604398,-2.4586040540341703,169.12230734430926
42129,Westmoreland County,PA,Expanded 2015-2017,2015.0,Metro,2014,22.5,-5.600000000000001,11.6,10.7,10.847626887230023,2.32,1.02,20.13,12.795699283310181,1.0,51400.0,360663.0,32059.0,-1.535406076435266,-2.3883208099770012,-0.6824913428935313,492.23583404438193
42131,Wyoming County,PA,Expanded 2015-2017,2015.0,Metro,2014,24.5,-4.199999999999999,12.6,11.3,10.758158167252745,0.69,1.68,17.86,10.244698543504514,2.0,47000.0,28133.0,2965.0,-2.717633969865015,-3.155220179359052,-2.2800477603709783,80.57784720649771
42133,York County,PA,Expanded 2015-2017,2015.0,Metro,2014,23.9,-10.899999999999999,12.6,10.8,10.950157213238244,5.29,6.36,15.46,12.992099782565147,2.0,57000.0,438932.0,37350.0,-2.55928522418653,-3.542365398336651,-1.5762050500364089,955.8930312336689
44001,Bristol County,RI,Expanded 2014,2014.0,Metro,2013,39.5,0.6000000000000014,20.0,8.2,11.13334737781391,0.87,2.36,18.23,10.804603731039336,1.0,68400.0,49247.0,2987.0,-9.587968424595593,-11.113441471505023,-8.062495377686158,286.39261684267035
44003,Kent County,RI,Expanded 2014,2014.0,Metro,2013,32.0,-0.29999999999999716,16.3,8.1,11.05456578110754,1.4,3.92,16.85,12.009802254512504,1.0,63200.0,164358.0,12879.0,-4.874772345590757,-5.833356965968126,-3.9161877252133883,627.8219303886335
44005,Newport County,RI,Expanded 2014,2014.0,Metro,2013,34.5,2.3999999999999986,18.9,10.1,11.11678177712113,3.44,5.17,19.0,11.332110772286079,1.0,67300.0,83459.0,6209.0,-5.85119562313241,-7.31538419258208,-4.387007053682741,363.30073624029137
44007,Providence County,RI,Expanded 2014,2014.0,Metro,2013,34.9,0.19999999999999574,23.5,18.6,10.771470004116164,8.25,20.5,14.0,13.355986228553833,1.0,47600.0,631584.0,86198.0,-5.506816224734268,-6.3971893325381295,-4.6164431169304105,4746.765449396445
44009,Washington County,RI,Expanded 2014,2014.0,Metro,2013,29.8,-3.400000000000002,16.3,9.6,11.145723881287113,1.13,2.78,17.35,11.747467802569867,1.0,69300.0,126433.0,9189.0,-5.053283051948004,-5.78298431566886,-4.323581788227154,464.34617964350207
45001,Abbeville County,SC,Not expanded by 2023,,"Rural, near a metro",2023,22.7,-7.400000000000002,15.1,20.3,10.496455217294162,28.02,1.21,18.57,10.122582921003769,6.0,36200.0,24899.0,2884.0,-6.30977369974022,-7.436321088523594,-5.183226310956843,181.97387350050795
45003,Aiken County,SC,Not expanded by 2023,,Metro,2023,25.1,-2.0,15.1,18.3,10.689122752531224,24.56,5.26,16.81,12.005802980755577,2.0,43900.0,163702.0,18961.0,-5.286110716450395,-6.265222522225146,-4.306998910675642,1002.2994529461594
45005,Allendale County,SC,Not expanded by 2023,,"Rural, near a metro",2023,16.9,-1.9000000000000021,12.5,42.4,10.156306404160087,72.69,2.78,15.73,9.192685436737461,6.0,25800.0,9825.0,1348.0,-3.8951685440346315,-5.423079153513475,-2.3672579345557887,52.50687197358683
45007,Anderson County,SC,Not expanded by 2023,,Metro,2023,25.4,-6.5,16.2,16.7,10.635639076689303,16.24,3.27,16.55,12.154805666585842,2.0,41600.0,190005.0,22749.0,-5.217242259702749,-6.103106741466152,-4.331377777939342,1186.8704416597782
45009,Bamberg County,SC,Not expanded by 2023,,Remote rural,2023,21.5,-0.8999999999999986,15.7,30.7,10.334035441011755,61.15,1.7,17.78,9.641863014403636,7.0,30800.0,15396.0,2046.0,-6.852495699040152,-7.635522531131792,-6.069468866948513,140.20206200236152
45011,Barnwell County,SC,Not expanded by 2023,,"Rural, near a metro",2023,21.4,-3.8000000000000007,16.3,25.0,10.370329940319197,44.09,2.17,15.73,10.008297916888473,6.0,31900.0,22210.0,3291.0,-6.987478774766331,-8.270697568317292,-5.70425998121537,229.95792647755997
45013,Beaufort County,SC,Not expanded by 2023,,Metro,2023,28.2,-7.199999999999999,18.0,14.1,10.939408501864317,18.62,11.33,23.44,12.049196588567558,3.0,56400.0,170962.0,12563.0,-4.9343990981915375,-5.588415531266094,-4.28038266511698,619.9085587058029
45015,Berkeley County,SC,Not expanded by 2023,,Metro,2023,22.8,-8.7,14.2,15.7,10.83553351635479,24.33,6.0,11.62,12.175773219094227,2.0,50800.0,194031.0,22729.0,-4.343811359334485,-5.632356492125505,-3.0552662265434654,987.3048838631352
45017,Calhoun County,SC,Not expanded by 2023,,Metro,2023,21.4,-5.300000000000001,13.2,19.7,10.611350916931753,41.35,3.37,18.66,9.615071877730596,2.0,40600.0,14989.0,1725.0,-5.316778051903957,-6.3112237888204445,-4.322332314987463,91.71442139534325
45019,Charleston County,SC,Not expanded by 2023,,Metro,2023,24.6,-1.7999999999999972,16.0,17.4,10.84361199166168,28.79,4.98,14.14,12.825850427277793,2.0,51200.0,371703.0,37037.0,-4.784096744670593,-6.0427519493652735,-3.5254415399759136,1771.8859113236474
45021,Cherokee County,SC,Not expanded by 2023,,"Rural, near a metro",2023,21.1,-8.7,14.6,24.3,10.53810479090567,20.3,3.84,14.79,10.93410647005037,4.0,37700.0,56056.0,8035.0,-6.301484210783194,-7.029525629411395,-5.57344279215499,506.32425633642964
45023,Chester County,SC,Not expanded by 2023,,Metro,2023,20.8,-3.8000000000000007,14.9,21.6,10.505697478103938,36.99,1.84,16.35,10.39626121569437,1.0,36500.0,32737.0,4594.0,-6.492667751163188,-7.631909813047365,-5.353425689279012,298.2731564884368
45025,Chesterfield County,SC,Not expanded by 2023,,"Rural, near a metro",2023,22.3,-6.5,15.3,26.5,10.422013452928306,32.13,3.92,15.54,10.738915240352844,6.0,33600.0,46116.0,6595.0,-6.505917148885994,-7.8002882652146805,-5.211546032557306,429.0652359690313
45027,Clarendon County,SC,Not expanded by 2023,,"Rural, near a metro",2023,19.9,-4.400000000000002,14.6,27.3,10.31214755154081,48.25,2.88,19.42,10.441733771878111,6.0,30100.0,34260.0,4508.0,-6.615388936447602,-7.22690990578266,-6.003867967112549,298.2217332550579
45029,Colleton County,SC,Not expanded by 2023,,"Rural, near a metro",2023,24.4,-3.1000000000000014,17.8,24.0,10.42871891360972,38.46,2.8,17.66,10.536460010060003,6.0,33800.0,37664.0,5969.0,-6.835544653599763,-7.6768728124457155,-5.994216494753806,408.0136603733699
45031,Darlington County,SC,Not expanded by 2023,,Metro,2023,19.4,-2.900000000000002,13.8,28.2,10.440244046325468,41.19,1.77,16.12,11.124435461068026,3.0,34200.0,67808.0,9178.0,-6.0505694292834145,-6.639685910522402,-5.461452948044419,555.3212622196318
45033,Dillon County,SC,Not expanded by 2023,,"Rural, near a metro",2023,19.1,-11.299999999999997,15.7,27.1,10.425134414933702,46.24,2.66,14.36,10.354913429020494,6.0,33700.0,31411.0,5215.0,-7.852911424667112,-8.826118517076853,-6.879704332257349,409.5293307963899
45035,Dorchester County,SC,Not expanded by 2023,,Metro,2023,25.2,-6.699999999999999,15.5,13.3,10.918591412629715,25.22,4.72,11.59,11.888192499880038,2.0,55200.0,145538.0,15412.0,-5.4358974809396425,-7.349767001858013,-3.5220279600212754,837.7805197624176
45037,Edgefield County,SC,Not expanded by 2023,,Metro,2023,29.3,0.10000000000000142,17.3,19.7,10.71134639022797,36.45,5.39,15.94,10.187425123082926,2.0,44900.0,26567.0,3097.0,-5.695572644616408,-6.69594651434712,-4.695198774885696,176.39188480377015
45039,Fairfield County,SC,Not expanded by 2023,,Metro,2023,18.2,-6.199999999999999,12.7,23.1,10.478160833848387,58.61,1.85,17.28,10.051648903516648,2.0,35500.0,23194.0,2791.0,-4.665562522066544,-5.992121274154115,-3.339003769978971,130.21584999087725
45041,Florence County,SC,Not expanded by 2023,,Metro,2023,20.5,-5.100000000000001,14.3,20.1,10.622010039427302,41.74,2.35,14.41,11.836297988063382,3.0,41000.0,138178.0,17694.0,-6.167190310585515,-7.270081622644332,-5.064298998526699,1091.222653555001
45043,Georgetown County,SC,Not expanded by 2023,,"Rural, near a metro",2023,22.4,-7.800000000000001,15.4,21.3,10.626509019547823,32.55,2.92,23.15,11.010001871100092,4.0,41200.0,60476.0,6387.0,-6.221419648836636,-7.16242755762572,-5.28041174004755,397.36207297119597
45045,Greenville County,SC,Not expanded by 2023,,Metro,2023,28.1,-7.299999999999997,17.1,16.2,10.8092429824949,17.98,8.51,13.92,13.066880265344716,2.0,49500.0,473014.0,49931.0,-4.395793263717807,-5.2390018080478615,-3.5525847193877507,2194.8635345069383
45047,Greenwood County,SC,Not expanded by 2023,,"Rural, near a metro",2023,22.4,-5.100000000000001,15.0,25.6,10.524520925120765,31.48,5.57,16.53,11.153718747366996,4.0,37200.0,69823.0,8722.0,-5.991617700419633,-7.18182045047475,-4.801414950364516,522.5888958306004
45049,Hampton County,SC,Not expanded by 2023,,"Rural, near a metro",2023,24.2,-1.0,17.3,27.3,10.40247336149791,53.21,3.81,15.44,9.922603669728359,6.0,32900.0,20386.0,2805.0,-6.989396643469159,-7.657255069851773,-6.321538217086546,196.0525758493099
45051,Horry County,SC,Not expanded by 2023,,Metro,2023,26.3,-4.699999999999999,16.8,19.1,10.640842987760394,13.44,5.91,19.58,12.573430820002311,2.0,41800.0,288783.0,42417.0,-4.759828111273032,-5.586481413448757,-3.933174809097312,2018.9762899586822
45053,Jasper County,SC,Not expanded by 2023,,Metro,2023,31.1,-7.199999999999996,19.5,27.2,10.458865803351177,44.36,13.38,13.69,10.178464252490356,3.0,34900.0,26330.0,3907.0,-4.638569630586729,-6.469970282839993,-2.8071689783334617,181.22891546702348
45055,Kershaw County,SC,Not expanded by 2023,,Metro,2023,23.8,-3.6999999999999993,15.0,16.3,10.709673197721699,24.31,3.9,16.08,11.044392753394488,2.0,44800.0,62592.0,7409.0,-5.678363595602362,-6.719622026653548,-4.637105164551177,420.709958798179
45057,Lancaster County,SC,Not expanded by 2023,,Metro,2023,27.4,-2.200000000000003,15.8,18.8,10.617343812185764,22.78,4.71,18.22,11.29786168422044,1.0,40800.0,80649.0,9010.0,-5.812722416589122,-6.43114098496085,-5.194303848217398,523.7262897346799
45059,Laurens County,SC,Not expanded by 2023,,Metro,2023,23.7,-4.900000000000002,16.8,23.0,10.512464770009275,25.6,4.16,16.42,11.099665052270861,2.0,36800.0,66149.0,9338.0,-6.046522256201798,-7.669454284736299,-4.423590227667297,564.624248284124
45061,Lee County,SC,Not expanded by 2023,,"Rural, near a metro",2023,22.5,2.1999999999999993,15.2,32.8,10.340838849506614,63.27,2.17,15.5,9.819072801393764,6.0,31000.0,18381.0,2619.0,-6.7192352000603055,-7.63622311188709,-5.802247288233521,175.9767698895794
45063,Lexington County,SC,Not expanded by 2023,,Metro,2023,22.2,-6.600000000000001,13.8,12.8,10.8945146305243,14.48,5.57,13.7,12.518135086707332,2.0,53900.0,273248.0,28812.0,-3.5762411277414285,-4.701022122226024,-2.451460133256833,1030.3865937248604
45065,McCormick County,SC,Not expanded by 2023,,"Rural, near a metro",2023,20.3,-3.599999999999998,12.0,21.9,10.55022423527341,49.31,1.15,28.59,9.19755903761145,8.0,38200.0,9873.0,849.0,-3.4803888634547984,-4.811106661861071,-2.149671065048528,29.548501450731237
45067,Marion County,SC,Not expanded by 2023,,"Rural, near a metro",2023,18.7,-5.900000000000002,13.1,30.7,10.258360874528233,56.04,2.59,16.58,10.376050404176787,6.0,28500.0,32082.0,5353.0,-4.870499818363101,-5.7128491195965765,-4.0281505171296175,260.7178552769768
45069,Marlboro County,SC,Not expanded by 2023,,"Rural, near a metro",2023,15.9,-6.700000000000001,13.1,31.3,10.347692488960224,50.91,3.22,15.15,10.242100353656452,6.0,31200.0,28060.0,4341.0,-4.989777732862902,-5.801775844187164,-4.177779621538642,216.60625138357855
45071,Newberry County,SC,Not expanded by 2023,,"Rural, near a metro",2023,26.0,-8.100000000000001,16.5,19.8,10.542442504012646,30.69,7.12,17.49,10.531055670783255,6.0,37900.0,37461.0,4461.0,-5.984531022142875,-6.629652618892616,-5.339409425393131,266.96992889779364
45073,Oconee County,SC,Not expanded by 2023,,"Rural, near a metro",2023,25.6,-6.099999999999998,16.8,16.8,10.647256552094476,7.52,4.79,20.95,11.224403039520755,4.0,42100.0,74937.0,9365.0,-5.295861410624911,-5.644292690747125,-4.9474301305026955,495.95742110502295
45075,Orangeburg County,SC,Not expanded by 2023,,"Rural, near a metro",2023,18.9,-4.100000000000001,14.1,25.7,10.379100420546374,62.05,2.02,16.68,11.415014907111598,4.0,32200.0,90673.0,12400.0,-6.344665395700618,-7.403848749897129,-5.285482041504108,786.7385090668765
45077,Pickens County,SC,Not expanded by 2023,,Metro,2023,23.2,-3.400000000000002,15.8,18.7,10.654903641220049,6.51,3.35,15.03,11.688969022971193,2.0,42400.0,119249.0,18473.0,-5.0194329957409884,-5.923864044575041,-4.115001946906939,927.2398573032327
45079,Richland County,SC,Not expanded by 2023,,Metro,2023,21.1,-3.3999999999999986,13.2,18.6,10.768316554785683,46.17,4.92,10.85,12.89107928158525,2.0,47500.0,396757.0,51787.0,-4.213387292450718,-5.598421708070507,-2.8283528768309285,2181.9868771414535
45081,Saluda County,SC,Not expanded by 2023,,Metro,2023,31.2,-14.400000000000002,20.0,22.1,10.605743125460064,25.84,14.75,17.54,9.90658275744343,2.0,40400.0,20062.0,2510.0,-7.240577724173776,-8.390316010476223,-6.090839437871324,181.73850087676178
45083,Spartanburg County,SC,Not expanded by 2023,,Metro,2023,26.2,-2.900000000000002,16.3,18.7,10.660501153424487,20.52,6.15,14.67,12.579062770137135,2.0,42600.0,290414.0,39437.0,-4.8521478872588295,-5.750471334858121,-3.953824439659533,1913.5415622982646
45085,Sumter County,SC,Not expanded by 2023,,Metro,2023,17.9,-11.200000000000003,12.3,20.8,10.575972736647978,46.76,3.55,14.11,11.587541165351015,3.0,39200.0,107747.0,13938.0,-4.116394505301487,-5.082346256468806,-3.1504427541341715,573.7430661489213
45087,Union County,SC,Not expanded by 2023,,Metro,2023,19.6,-2.6999999999999993,14.0,18.7,10.435350335367918,31.24,1.2,18.17,10.240102636097088,2.0,34000.0,28004.0,4150.0,-6.156518072344246,-6.875331113885183,-5.4377050308033095,255.4955000022862
45089,Williamsburg County,SC,Not expanded by 2023,,"Rural, near a metro",2023,22.1,0.20000000000000284,14.7,33.4,10.288443784012753,65.3,2.25,16.88,10.406502754210141,6.0,29400.0,33074.0,4518.0,-6.527239198537157,-7.187646457867424,-5.86683193920689,294.90066698990876
45091,York County,SC,Not expanded by 2023,,Metro,2023,24.5,-6.5,14.7,12.7,10.913760309880715,18.99,4.8,12.68,12.38256474400057,1.0,54900.0,238605.0,21630.0,-4.7183634483169605,-6.225287396429285,-3.211439500204638,1020.5820138709586
46003,Aurora County,SD,Not expanded by 2023,,Remote rural,2023,29.9,-4.399999999999999,13.8,10.8,10.747057042609113,0.55,4.35,20.37,7.906547232368036,9.0,46500.0,2715.0,254.0,-3.8651046633637383,-4.56303815101432,-3.167171175713155,9.817365844943895
46005,Beadle County,SD,Not expanded by 2023,,Remote rural,2023,30.4,-6.800000000000004,17.0,16.5,10.684691396916357,0.87,8.72,16.53,9.809231816610408,7.0,43700.0,18201.0,2034.0,-5.112640997429244,-5.642516519855084,-4.5827654750034,103.99111788771081
46007,Bennett County,SD,Not expanded by 2023,,Remote rural,2023,17.9,-8.5,17.5,35.5,10.465471961643733,0.26,4.19,11.9,8.149890544402423,9.0,35100.0,3463.0,553.0,-5.001725249794031,-6.096551784410993,-3.9068987151770695,27.659540631360994
46009,Bon Homme County,SD,Not expanded by 2023,,Remote rural,2023,23.6,-5.0,11.5,14.9,10.732104870140509,1.05,2.29,19.35,8.851233902846035,9.0,45800.0,6983.0,420.0,-2.202570229416238,-2.7498332002025623,-1.6553072586299158,9.2507949635482
46011,Brookings County,SD,Not expanded by 2023,,Remote rural,2023,25.1,0.5,10.3,13.6,10.85693918529841,1.18,2.47,10.33,10.404747571432418,5.0,51900.0,33016.0,3632.0,-1.9615149782841228,-2.7960280419913666,-1.1270019145768795,71.24222401127933
46013,Brown County,SD,Not expanded by 2023,,Remote rural,2023,25.0,-7.0,13.5,10.6,10.82071784288695,1.23,2.38,15.77,10.54891399688466,5.0,50000.0,38136.0,2906.0,-3.670180200432429,-4.227987223315591,-3.1123731775492693,106.65543662456639
46015,Brule County,SD,Not expanded by 2023,,Remote rural,2023,23.1,-8.399999999999999,18.3,13.9,10.733740978314072,0.37,2.39,16.09,8.58653266949485,9.0,45900.0,5359.0,550.0,-5.0616324549047285,-6.040766871705335,-4.082498038104121,27.838978501976005
46017,Buffalo County,SD,Not expanded by 2023,,Remote rural,2023,15.0,-13.3,15.7,41.0,9.979151456457117,0.64,3.41,7.6,7.613324979540639,9.0,21600.0,2025.0,346.0,-6.106122691691943,-6.793725799021131,-5.418519584362752,21.12718451325412
46019,Butte County,SD,Not expanded by 2023,,"Rural, near a metro",2023,26.6,-1.0999999999999979,18.4,14.3,10.631350120184527,0.51,3.4,17.35,9.238052810542719,6.0,41400.0,10281.0,1122.0,-5.143386974323239,-5.930722657401595,-4.356051291244885,57.70880185190674
46021,Campbell County,SD,Not expanded by 2023,,Remote rural,2023,24.7,1.1999999999999993,12.6,9.8,10.770146766401952,0.07,1.32,26.97,7.221105098182496,9.0,47600.0,1368.0,81.0,-2.29108923324096,-2.745295118161391,-1.8368833483205287,1.8557822789251774
46023,Charles Mix County,SD,Not expanded by 2023,,Remote rural,2023,21.4,-8.200000000000003,17.8,24.3,10.545236170010073,0.36,2.58,18.18,9.125544720271467,9.0,38000.0,9187.0,973.0,-5.052850284075112,-5.946334801705427,-4.1593657664448,49.16423326405084
46025,Clark County,SD,Not expanded by 2023,,Remote rural,2023,29.8,4.0,14.1,12.0,10.727487541514835,1.13,2.68,21.05,8.195609567288775,9.0,45600.0,3625.0,292.0,-3.4944715133267534,-3.9002591045205923,-3.0886839221329137,10.20385681891412
46027,Clay County,SD,Not expanded by 2023,,"Rural, near a metro",2023,24.3,-5.099999999999998,14.3,20.8,10.644710356327636,1.5,2.57,10.3,9.53935630792094,6.0,42000.0,13896.0,2197.0,-4.638209739614245,-5.106331569643586,-4.170087909584905,101.90146797932496
46029,Codington County,SD,Not expanded by 2023,,Remote rural,2023,22.9,-6.400000000000002,13.3,10.1,10.800024455923422,0.71,1.9,15.36,10.235054922800046,5.0,49000.0,27863.0,2398.0,-3.096183712648881,-3.749441666924782,-2.4429257583729775,74.24648542932017
46031,Corson County,SD,Not expanded by 2023,,Remote rural,2023,17.7,1.3000000000000007,16.2,43.0,10.355136256059884,0.29,4.54,10.58,8.344742754417545,9.0,31400.0,4208.0,729.0,-4.5312763458366785,-5.238340776668203,-3.8242119150051583,33.03300456114939
46033,Custer County,SD,Not expanded by 2023,,Metro,2023,26.3,-9.499999999999996,15.0,10.8,10.845952725379746,0.74,2.9,23.68,9.036463061964891,3.0,51300.0,8404.0,577.0,-4.6049695667501345,-5.261242326925848,-3.9486968065744135,26.570674400148278
46035,Davison County,SD,Not expanded by 2023,,Remote rural,2023,21.8,-8.899999999999999,14.7,12.6,10.768611297835038,0.82,2.56,16.91,9.900533192709691,7.0,47500.0,19941.0,1914.0,-4.254062686361996,-4.648875321921731,-3.8592500508022605,81.4227598169686
46037,Day County,SD,Not expanded by 2023,,Remote rural,2023,24.9,-2.5,15.3,14.3,10.696208537992165,0.34,2.04,23.28,8.62604759632832,9.0,44200.0,5575.0,453.0,-4.06612925957458,-4.461787218165126,-3.6704713009840337,18.419565545872846
46039,Deuel County,SD,Not expanded by 2023,,Remote rural,2023,24.6,0.5,11.3,9.2,10.869082602094426,0.72,3.09,20.42,8.368693183097793,9.0,52500.0,4310.0,341.0,-1.9517690532188534,-2.298153463478504,-1.6053846429592027,6.65553247147629
46041,Dewey County,SD,Not expanded by 2023,,Remote rural,2023,17.1,-8.399999999999999,19.2,28.7,10.44549202478312,0.29,3.6,9.86,8.628018746505122,9.0,34400.0,5586.0,801.0,-5.2209802124810345,-6.0567560799369,-4.385204345025169,41.82005150197308
46043,Douglas County,SD,Not expanded by 2023,,Remote rural,2023,26.7,0.6999999999999993,13.3,11.0,10.786097398041395,0.4,1.61,24.14,7.9976631270201,9.0,48300.0,2974.0,206.0,-2.788052871531226,-3.333538837199259,-2.242566905863193,5.743388915354325
46045,Edmunds County,SD,Not expanded by 2023,,Remote rural,2023,27.9,4.099999999999998,14.3,10.9,10.846459162991614,0.17,1.91,20.78,8.299783171949787,9.0,51400.0,4023.0,287.0,-3.1987197992264678,-3.784354278163372,-2.613085320289561,9.180325823779961
46047,Fall River County,SD,Not expanded by 2023,,"Rural, near a metro",2023,23.2,-4.300000000000001,15.1,14.6,10.585371540817363,0.98,3.39,25.87,8.82555985506085,6.0,39600.0,6806.0,771.0,-4.501150890026181,-4.876220830730869,-4.1260809493214925,34.70387336210185
46049,Faulk County,SD,Not expanded by 2023,,Remote rural,2023,27.4,15.599999999999998,12.5,11.6,10.821616593683924,0.34,0.94,22.82,7.761744984658913,9.0,50100.0,2349.0,146.0,-2.067316033632181,-2.4801016900730164,-1.6545303771913429,3.0182814091029844
46051,Grant County,SD,Not expanded by 2023,,Remote rural,2023,31.5,-5.100000000000001,15.6,10.5,10.8408546100122,0.49,3.53,19.05,8.90734159541251,7.0,51100.0,7386.0,492.0,-4.861127096464612,-5.544806136858864,-4.177448056070362,23.91674531460589
46053,Gregory County,SD,Not expanded by 2023,,Remote rural,2023,24.6,-4.5,17.2,17.6,10.479791880329213,0.21,1.37,23.96,8.350429973538136,9.0,35600.0,4232.0,423.0,-4.652251612210539,-5.041735769368377,-4.262767455052702,19.67902431965058
46055,Haakon County,SD,Not expanded by 2023,,"Rural, near a metro",2023,23.6,2.200000000000003,12.9,12.2,10.72450010409397,0.32,1.28,23.07,7.53955882930103,8.0,45500.0,1881.0,157.0,-2.3261445368851126,-2.913790152337258,-1.7384989214329674,3.652046922909627
46057,Hamlin County,SD,Not expanded by 2023,,Remote rural,2023,31.8,-4.4999999999999964,13.2,10.3,10.948347385204992,0.4,4.17,16.19,8.687442166975924,9.0,56900.0,5928.0,390.0,-3.509726527984245,-4.199856707051496,-2.819596348916996,13.687933459138556
46059,Hand County,SD,Not expanded by 2023,,Remote rural,2023,26.4,4.199999999999999,11.8,9.3,10.834410706454594,0.15,1.21,24.05,8.124446855715847,9.0,50700.0,3376.0,235.0,-1.8232451607692794,-2.3386445988739863,-1.3078457226645712,4.284626127807807
46061,Hanson County,SD,Not expanded by 2023,,"Rural, near a metro",2023,26.4,3.8999999999999986,11.4,8.9,10.96474405466047,0.41,0.53,14.14,8.132118772955806,8.0,57800.0,3402.0,242.0,-1.7650314324324992,-2.3027394454381795,-1.2273234194268179,4.271376066486647
46063,Harding County,SD,Not expanded by 2023,,Remote rural,2023,22.7,-6.400000000000002,11.7,11.7,10.688758021971879,0.4,2.22,15.09,7.138073034044347,9.0,43900.0,1259.0,154.0,-2.035171611845802,-2.501036032557458,-1.5693071911341472,3.1341642822425353
46065,Hughes County,SD,Not expanded by 2023,,Remote rural,2023,18.2,-14.2,9.2,10.3,10.960200878072532,1.02,2.79,14.7,9.765833387237333,7.0,57500.0,17428.0,1233.0,-2.0756869193308387,-2.8275578413143183,-1.323815997347361,25.593219715349242
46067,Hutchinson County,SD,Not expanded by 2023,,"Rural, near a metro",2023,23.6,-0.8999999999999986,10.9,13.1,10.713483999592366,0.78,1.64,24.08,8.880446450715093,8.0,45000.0,7190.0,552.0,-2.01874619444516,-2.484752110839773,-1.552740278050548,11.143478993337283
46069,Hyde County,SD,Not expanded by 2023,,Remote rural,2023,22.1,-2.3999999999999986,12.0,11.0,10.759433623401165,0.36,1.02,23.71,7.229113877793302,9.0,47100.0,1379.0,95.0,-2.1601337985255697,-2.5757854617747173,-1.7444821352764195,2.0521271085992914
46071,Jackson County,SD,Not expanded by 2023,,"Rural, near a metro",2023,21.8,-1.6999999999999993,18.7,30.2,10.474099800037397,0.46,2.91,13.27,8.081165777725433,8.0,35400.0,3233.0,463.0,-5.2328203903281105,-5.977757694259308,-4.487883086396911,24.227958407219152
46073,Jerauld County,SD,Not expanded by 2023,,Remote rural,2023,24.8,11.8,9.4,14.5,10.78157785059498,0.14,5.22,24.78,7.635303886259415,9.0,48100.0,2070.0,137.0,-1.650385077728147,-2.0745255730429504,-1.2262445824133437,2.2610275564875613
46075,Jones County,SD,Not expanded by 2023,,Remote rural,2023,17.7,-7.0,7.4,13.4,10.716526654599809,0.21,2.06,20.37,6.879355804460439,9.0,45100.0,972.0,96.0,-1.9201756590949814,-2.3489620053350175,-1.491389312854949,1.843368632731182
46077,Kingsbury County,SD,Not expanded by 2023,,Remote rural,2023,25.2,0.3000000000000007,13.2,9.7,10.82067787965312,0.36,2.15,21.38,8.530109416682784,9.0,50000.0,5065.0,389.0,-2.7927734604592405,-3.197834763773346,-2.3877121571451347,10.863888761186445
46079,Lake County,SD,Not expanded by 2023,,"Rural, near a metro",2023,22.6,-4.0,12.6,12.3,10.880233480110219,0.86,2.22,18.29,9.385133662349347,6.0,53100.0,11910.0,753.0,-2.527073080433281,-3.1096865527765702,-1.9444596080899927,19.028860295662607
46081,Lawrence County,SD,Not expanded by 2023,,"Rural, near a metro",2023,25.7,-6.800000000000001,14.4,14.9,10.66585757813708,0.98,3.24,17.63,10.124188122199199,6.0,42900.0,24939.0,2404.0,-4.5002663714151145,-5.058929468852484,-3.9416032739777433,108.18640356881936
46083,Lincoln County,SD,Not expanded by 2023,,Metro,2023,26.2,-7.300000000000001,10.9,4.3,11.271707042928487,1.05,1.66,9.99,10.817595904751217,3.0,78600.0,49891.0,3454.0,-2.588701467079932,-3.487067837637625,-1.6903350965222408,89.41374867294084
46085,Lyman County,SD,Not expanded by 2023,,Remote rural,2023,21.6,-6.099999999999998,16.6,21.7,10.59805871874709,0.39,2.16,14.94,8.255308811785596,9.0,40100.0,3848.0,473.0,-4.59344620607895,-5.148860531203061,-4.03803188095484,21.72700055475343
46087,McCook County,SD,Not expanded by 2023,,Metro,2023,25.7,0.8000000000000007,12.1,9.6,10.887025633358773,0.43,3.22,18.32,8.629449873761905,3.0,53500.0,5594.0,362.0,-2.058117805287797,-2.415680100169456,-1.7005555104061385,7.4503864551418255
46089,McPherson County,SD,Not expanded by 2023,,Remote rural,2023,24.6,9.000000000000002,12.8,14.9,10.551166545048927,0.37,1.07,28.63,7.793174347189205,9.0,38200.0,2424.0,183.0,-2.5171345240827314,-3.1154835789603936,-1.9187854692050685,4.6063561790713985
46091,Marshall County,SD,Not expanded by 2023,,Remote rural,2023,28.4,5.899999999999999,15.1,12.5,10.804745861576322,0.48,8.38,19.19,8.475328987317539,9.0,49300.0,4795.0,317.0,-3.6596939031187166,-4.404668628669369,-2.9147191775680663,11.601229672886332
46093,Meade County,SD,Not expanded by 2023,,Metro,2023,24.2,-4.800000000000001,12.5,10.6,10.833898128570965,1.7,4.07,12.95,10.181157167204903,3.0,50700.0,26401.0,2512.0,-2.447021898806164,-3.332359824512688,-1.561683973099639,61.46919009801084
46095,Mellette County,SD,Not expanded by 2023,,Remote rural,2023,23.2,-0.5,19.4,32.7,10.418105974540815,0.34,3.13,14.12,7.624130585661289,9.0,33500.0,2047.0,311.0,-5.270961755620472,-6.524370046647039,-4.017553464593907,16.392691059979665
46097,Miner County,SD,Not expanded by 2023,,"Rural, near a metro",2023,26.8,4.400000000000002,11.5,12.2,10.731755487016526,0.43,2.29,20.72,7.7458682297922685,8.0,45800.0,2312.0,157.0,-1.8072417486073928,-2.4204776701554245,-1.1940058270593608,2.8373695453136065
46099,Minnehaha County,SD,Not expanded by 2023,,Metro,2023,23.7,-4.300000000000001,13.3,11.0,10.86631829984518,4.39,4.5,11.51,12.089432082003901,3.0,52400.0,177981.0,15987.0,-2.975441916511556,-4.15369143322253,-1.7971923998005817,475.6838991927025
46101,Moody County,SD,Not expanded by 2023,,"Rural, near a metro",2023,26.2,-9.599999999999998,13.7,10.9,10.891391719219817,1.27,2.91,16.54,8.771990436532242,8.0,53700.0,6451.0,447.0,-4.14272961715642,-4.521650650386778,-3.7638085839260658,18.5180013886892
46102,Oglala Lakota County,SD,Not expanded by 2023,,"Rural, near a metro",2023,12.3,-13.599999999999998,17.8,55.1,10.258080330270536,0.16,3.44,6.39,9.555772349968867,6.0,28500.0,14126.0,2554.0,-6.449248437848567,-7.403546007579576,-5.494950868117557,164.71380510265243
46103,Pennington County,SD,Not expanded by 2023,,Metro,2023,21.5,-9.899999999999999,15.3,15.4,10.797246335903196,1.37,4.59,14.68,11.570429930038655,3.0,48900.0,105919.0,9900.0,-4.586855842844124,-5.13679936419199,-4.036912321496256,454.0987284415683
46105,Perkins County,SD,Not expanded by 2023,,"Rural, near a metro",2023,23.9,7.699999999999999,13.9,14.4,10.597684182231644,0.4,1.29,22.68,8.014666370464942,8.0,40000.0,3025.0,318.0,-3.2449343965560877,-3.6893118490071917,-2.8005569441049802,10.31889138104836
46107,Potter County,SD,Not expanded by 2023,,Remote rural,2023,20.8,-13.2,8.4,10.3,10.837362767167287,0.3,1.36,26.01,7.7651449029361315,9.0,50900.0,2357.0,144.0,-2.075902337305589,-2.939363768025622,-1.2124409065855564,2.989299365720048
46109,Roberts County,SD,Not expanded by 2023,,Remote rural,2023,21.2,-14.2,17.2,19.7,10.706071927794449,0.28,2.15,17.94,9.233861567017529,9.0,44600.0,10238.0,1005.0,-6.609314928623775,-7.469921629274629,-5.7487082279729185,66.42361503266893
46111,Sanborn County,SD,Not expanded by 2023,,Remote rural,2023,26.9,4.699999999999999,12.6,13.1,10.756540250605696,0.26,2.24,19.44,7.751475318021456,9.0,46900.0,2325.0,238.0,-2.1833930618845527,-2.7129811036653693,-1.6538050201037362,5.196475487285236
46115,Spink County,SD,Not expanded by 2023,,Remote rural,2023,24.7,2.8999999999999986,13.4,11.3,10.825243323841342,0.6,3.06,19.31,8.804775258867686,9.0,50300.0,6666.0,458.0,-2.595272076674132,-3.1147225264363447,-2.075821626911921,11.886346111167525
46117,Stanley County,SD,Not expanded by 2023,,Remote rural,2023,21.7,-7.5,11.8,8.8,10.954099365149055,0.7,1.61,17.62,7.999342952713282,9.0,57200.0,2979.0,175.0,-2.02411504775344,-2.491637709150437,-1.5565923863564448,3.54220133356852
46119,Sully County,SD,Not expanded by 2023,,Remote rural,2023,30.8,7.400000000000002,12.0,6.3,10.961625008638519,0.56,1.88,17.98,7.268920128193722,9.0,57600.0,1435.0,78.0,-2.000649719947155,-2.5972912695571346,-1.4040081703371743,1.5605067815587808
46121,Todd County,SD,Not expanded by 2023,,Remote rural,2023,16.3,-7.300000000000001,18.6,44.0,10.327087230839775,0.29,3.8,6.5,9.20974019190415,9.0,30500.0,9994.0,1738.0,-5.034174422656183,-5.736432973686565,-4.3319158716257995,87.49395146576447
46123,Tripp County,SD,Not expanded by 2023,,Remote rural,2023,24.1,-0.5,18.9,19.6,10.62071740361203,0.25,1.54,22.04,8.616676469901188,7.0,41000.0,5523.0,690.0,-5.104858697028239,-5.692328138389183,-4.517389255667293,35.22352500949485
46125,Turner County,SD,Not expanded by 2023,,Metro,2023,28.6,2.900000000000002,13.8,10.6,10.880214653214114,0.43,2.08,19.42,9.024733424190698,3.0,53100.0,8306.0,609.0,-2.949488557731557,-3.5275804629537753,-2.371396652509338,17.96238531658518
46127,Union County,SD,Not expanded by 2023,,Metro,2023,25.1,-7.600000000000001,11.7,7.0,11.109922323732984,0.94,2.91,15.45,9.599608345181776,3.0,66800.0,14759.0,900.0,-2.3425109505902593,-2.840278293592437,-1.8447436075880814,21.082598555312334
46129,Walworth County,SD,Not expanded by 2023,,Remote rural,2023,21.5,-11.399999999999999,14.6,14.5,10.622058785436232,0.31,1.68,23.72,8.609590040682205,7.0,41000.0,5484.0,492.0,-4.339835008664593,-4.815208785278925,-3.8644612320502625,21.3519882426298
46135,Yankton County,SD,Not expanded by 2023,,Remote rural,2023,23.0,-8.100000000000001,12.5,13.0,10.749334360656016,1.86,3.3,17.01,10.027517700952979,7.0,46600.0,22641.0,1731.0,-2.6107021976435623,-3.280580675496705,-1.9408237197904197,45.19125504121006
46137,Ziebach County,SD,Not expanded by 2023,,"Rural, near a metro",2023,17.2,-4.0,13.2,48.7,10.324333762682596,0.35,3.79,7.96,7.955425088912672,8.0,30500.0,2851.0,471.0,-3.759373597470343,-4.513561210189615,-3.00518598475107,17.706649644085317
47001,Anderson County,TN,Not expanded by 2023,,Metro,2023,19.6,-5.699999999999999,12.5,19.7,10.654077828632564,3.89,2.43,18.39,11.229222133487319,2.0,42400.0,75299.0,9170.0,-2.8744916877206963,-3.6329556433518277,-2.116027732089564,263.59088776398784
47003,Bedford County,TN,Not expanded by 2023,,"Rural, near a metro",2023,27.2,-6.5000000000000036,17.8,18.6,10.65225863684407,7.26,11.59,14.14,10.726895156930228,4.0,42300.0,45565.0,5490.0,-5.036257266933122,-6.359504409568091,-3.713010124298153,276.4905239546284
47005,Benton County,TN,Not expanded by 2023,,Remote rural,2023,21.7,-0.9000000000000021,16.2,21.3,10.47894856774761,2.37,2.13,22.43,9.702594610156739,7.0,35600.0,16360.0,2145.0,-5.001805226714831,-5.334719096873587,-4.668891356556073,107.28872211303313
47007,Bledsoe County,TN,Not expanded by 2023,,"Rural, near a metro",2023,29.3,2.1999999999999993,20.9,25.5,10.483326047589072,6.07,2.03,16.81,9.540363284917488,8.0,35700.0,13910.0,2291.0,-6.281676987800536,-7.160131861932454,-5.403222113668612,143.91321979051028
47009,Blount County,TN,Not expanded by 2023,,Metro,2023,22.3,-5.0,14.0,14.9,10.722121353137489,2.78,2.97,17.84,11.735060507910783,2.0,45300.0,124874.0,11078.0,-4.33722714985451,-4.932220027497077,-3.742234272211945,480.47802366088257
47011,Bradley County,TN,Not expanded by 2023,,Metro,2023,22.8,-4.099999999999998,15.0,18.6,10.661134190970685,4.35,5.36,15.32,11.530549249723778,3.0,42700.0,101778.0,12958.0,-4.694268216902488,-5.216390545911344,-4.172145887893632,608.2832755462244
47013,Campbell County,TN,Not expanded by 2023,,Metro,2023,18.9,-1.8000000000000007,14.3,23.9,10.383596203640058,0.37,1.24,18.82,10.60279074590741,2.0,32300.0,40247.0,6179.0,-3.9804562128859327,-4.445338569390397,-3.515573856381469,245.9523893942218
47015,Cannon County,TN,Not expanded by 2023,,Metro,2023,22.8,-5.199999999999999,14.8,18.3,10.61665792430154,1.34,1.79,17.15,9.525151111816216,1.0,40800.0,13700.0,1789.0,-4.555845214247879,-4.902463624798741,-4.209226803697018,81.50407088289455
47017,Carroll County,TN,Not expanded by 2023,,"Rural, near a metro",2023,18.4,-6.5,11.3,19.9,10.489300047824898,10.35,2.28,18.74,10.261371765014845,6.0,35900.0,28606.0,3580.0,-2.5764056516604605,-3.801197602253092,-1.3516137010678293,92.23532232944449
47019,Carter County,TN,Not expanded by 2023,,Metro,2023,22.1,-2.599999999999998,13.6,23.0,10.397360284649457,1.31,1.55,19.14,10.950420507400779,3.0,32800.0,56978.0,8196.0,-4.173480969769663,-4.678879524320594,-3.6680824152187306,342.05850028232163
47021,Cheatham County,TN,Not expanded by 2023,,Metro,2023,27.3,-3.599999999999998,15.8,13.3,10.8694061928121,1.52,2.59,12.52,10.57999709194305,1.0,52500.0,39340.0,3648.0,-4.917741293857263,-5.533467035961654,-4.302015551752873,179.39920239991295
47023,Chester County,TN,Not expanded by 2023,,Metro,2023,21.5,-4.399999999999999,14.3,19.4,10.615922522003357,9.05,2.39,15.84,9.747768977536708,3.0,40800.0,17116.0,1986.0,-5.329943018496159,-5.811999262560176,-4.847886774432144,105.85266834733373
47025,Claiborne County,TN,Not expanded by 2023,,"Rural, near a metro",2023,19.0,-2.0,13.6,22.9,10.3974213086319,1.02,1.05,17.9,10.361766465136906,6.0,32800.0,31627.0,4828.0,-3.91409734958808,-4.483886834357486,-3.3443078648186706,188.97262003811252
47027,Clay County,TN,Not expanded by 2023,,Remote rural,2023,25.0,2.5,14.9,24.8,10.32833036107053,1.42,1.96,22.0,8.947415950650129,9.0,30600.0,7688.0,1196.0,-4.146455283223207,-4.7947897722354815,-3.4981207942109327,49.59160518734956
47029,Cocke County,TN,Not expanded by 2023,,"Rural, near a metro",2023,20.4,-3.5,14.3,24.7,10.340128278112742,1.87,2.07,18.82,10.474467099121865,6.0,30900.0,35400.0,5869.0,-4.836314290368852,-5.241732130525939,-4.430896450211767,283.84328570174796
47031,Coffee County,TN,Not expanded by 2023,,"Rural, near a metro",2023,23.2,-5.199999999999999,15.4,19.8,10.67763851724916,3.44,3.93,16.6,10.883654085997756,4.0,43400.0,53298.0,7138.0,-4.659298082329449,-5.324316007944008,-3.9942801567148893,332.58069711667605
47033,Crockett County,TN,Not expanded by 2023,,Metro,2023,24.3,-7.399999999999999,15.5,19.3,10.520967854170658,13.08,9.74,17.29,9.589461504744746,3.0,37100.0,14610.0,1670.0,-4.970581174980156,-5.834333157821554,-4.106829192138752,83.0087056221686
47035,Cumberland County,TN,Not expanded by 2023,,"Rural, near a metro",2023,22.0,-2.1000000000000014,14.5,18.2,10.495791775666511,0.4,2.7,28.18,10.958461384174408,4.0,36200.0,57438.0,6756.0,-4.142530448222137,-4.51900587922275,-3.766055017221524,279.86935708188753
47037,Davidson County,TN,Not expanded by 2023,,Metro,2023,26.9,-3.400000000000002,18.2,17.8,10.762975101585972,27.55,9.94,10.95,13.400266289352462,1.0,47200.0,660179.0,71650.0,-4.046706825485938,-5.188392980336035,-2.9050206706358415,2899.4654404606745
47039,Decatur County,TN,Not expanded by 2023,,Remote rural,2023,21.8,-1.6999999999999993,14.3,24.1,10.497173449369237,2.92,3.15,21.94,9.36700218198956,9.0,36200.0,11696.0,1642.0,-5.04954261754239,-5.4989901693252925,-4.600095065759489,82.91348978004605
47041,DeKalb County,TN,Not expanded by 2023,,"Rural, near a metro",2023,25.4,-3.0,16.6,21.9,10.52921205677864,1.31,7.35,16.74,9.860057994608791,6.0,37400.0,19150.0,2903.0,-4.821724399351379,-5.437842771533783,-4.205606027168973,139.97465931317055
47043,Dickson County,TN,Not expanded by 2023,,Metro,2023,20.2,-5.900000000000002,13.4,15.0,10.714217748749789,4.07,3.1,14.5,10.82305291694394,1.0,45000.0,50164.0,4990.0,-3.7569355910339794,-4.65694389181881,-2.8569272902491476,187.4710859925956
47045,Dyer County,TN,Not expanded by 2023,,Remote rural,2023,18.5,-2.8999999999999986,13.0,18.7,10.600576952328698,14.15,2.96,15.96,10.547785817200792,5.0,40200.0,38093.0,5021.0,-4.023093820060044,-5.224669484117667,-2.8215181560024196,201.9995407052148
47047,Fayette County,TN,Not expanded by 2023,,Metro,2023,22.7,-8.600000000000001,13.0,14.7,10.93414214802101,27.57,2.4,17.78,10.56648475614519,1.0,56100.0,38812.0,3224.0,-3.77199951925239,-4.842778849112193,-2.7012201893925836,121.60926450069705
47049,Fentress County,TN,Not expanded by 2023,,Remote rural,2023,21.1,2.1000000000000014,15.0,22.6,10.343837062497794,0.3,1.25,19.3,9.792779430551706,9.0,31100.0,17904.0,2972.0,-3.777610137608248,-4.373812546632554,-3.181407728583942,112.27057328971712
47051,Franklin County,TN,Not expanded by 2023,,"Rural, near a metro",2023,20.7,-7.900000000000002,12.3,19.0,10.632894335716385,4.98,2.9,18.41,10.626509019547823,6.0,41500.0,41213.0,4328.0,-2.8713745041942813,-3.4794309502840006,-2.263318058104563,124.2730885415285
47053,Gibson County,TN,Not expanded by 2023,,"Rural, near a metro",2023,19.7,-4.600000000000001,13.8,18.0,10.598707583257005,18.46,2.34,17.1,10.807300762899171,4.0,40100.0,49380.0,6359.0,-5.261438398858376,-6.194151423002565,-4.328725374714186,334.5748677834041
47055,Giles County,TN,Not expanded by 2023,,"Rural, near a metro",2023,21.1,-4.299999999999997,14.6,17.8,10.593630224075774,10.24,1.76,18.43,10.268165387743457,6.0,39900.0,28801.0,3479.0,-5.482500464859279,-5.988652988343244,-4.976347941375316,190.7361911724543
47057,Grainger County,TN,Not expanded by 2023,,Metro,2023,23.0,-6.100000000000001,13.9,19.0,10.471666571132038,0.6,2.67,18.13,10.03183679096379,2.0,35300.0,22739.0,3100.0,-4.063529545032749,-4.625865089392761,-3.5011940006727365,125.9694158960152
47059,Greene County,TN,Not expanded by 2023,,"Rural, near a metro",2023,21.8,0.1999999999999993,15.0,19.6,10.490718507504525,2.03,2.59,19.46,11.132191993081248,4.0,36000.0,68336.0,9051.0,-4.6052214890358645,-5.16977887243623,-4.040664105635501,416.81859697263604
47061,Grundy County,TN,Not expanded by 2023,,"Rural, near a metro",2023,20.8,-3.8999999999999986,15.4,28.9,10.169728906753061,0.36,1.08,19.59,9.506660032823548,8.0,26100.0,13449.0,2105.0,-4.229947509203594,-4.673712217426958,-3.7861828009802303,89.04039506873565
47063,Hamblen County,TN,Not expanded by 2023,,Metro,2023,27.9,-3.700000000000003,17.1,20.5,10.566355921710144,3.81,11.18,17.17,11.051699201695522,3.0,38800.0,63051.0,8804.0,-4.7095915284155785,-5.261336324650087,-4.157846732181066,414.6324381617075
47065,Hamilton County,TN,Not expanded by 2023,,Metro,2023,24.6,-4.399999999999999,16.4,16.9,10.765807725134753,19.63,4.91,15.68,12.762970457398547,2.0,47400.0,349050.0,34055.0,-5.026380162945637,-5.906018820628345,-4.14674150526292,1711.7337644911368
47067,Hancock County,TN,Not expanded by 2023,,"Rural, near a metro",2023,19.7,0.3000000000000007,11.1,31.5,10.165851817003619,0.41,0.41,18.14,8.798001694924846,8.0,26000.0,6621.0,1312.0,-2.246281226043201,-2.785572768190819,-1.706989683895581,29.471209685686794
47069,Hardeman County,TN,Not expanded by 2023,,"Rural, near a metro",2023,18.7,-5.0,13.6,24.7,10.456395176681486,41.67,1.57,15.89,10.179602988616443,6.0,34800.0,26360.0,3431.0,-6.06812301726146,-6.935343537367016,-5.200902497155914,208.1973007222407
47071,Hardin County,TN,Not expanded by 2023,,"Rural, near a metro",2023,22.2,-1.4000000000000021,16.0,24.1,10.4955428715348,3.38,2.03,20.19,10.162963033097729,6.0,36200.0,25925.0,3770.0,-5.123765075648388,-5.610356195292075,-4.637173956004705,193.1659433519442
47073,Hawkins County,TN,Not expanded by 2023,,Metro,2023,22.2,0.0,13.7,21.2,10.494103544448407,1.32,1.23,18.45,10.945458940490091,2.0,36100.0,56696.0,7770.0,-3.928965431657684,-4.175279995624957,-3.6826508676904166,305.28061403980206
47075,Haywood County,TN,Not expanded by 2023,,"Rural, near a metro",2023,19.2,-7.400000000000002,14.6,23.1,10.450365413594616,49.84,4.16,15.21,9.811043262144848,6.0,34600.0,18234.0,2686.0,-6.7733300051738885,-8.06068138296165,-5.485978627386123,181.93164393897064
47077,Henderson County,TN,Not expanded by 2023,,"Rural, near a metro",2023,22.0,-4.399999999999999,14.5,19.4,10.62035125971339,7.7,2.31,16.18,10.241458665281076,6.0,41000.0,28042.0,3649.0,-5.251587279976546,-5.698813248220637,-4.804361311732458,191.63041984634415
47079,Henry County,TN,Not expanded by 2023,,Remote rural,2023,19.0,-4.899999999999999,13.0,20.8,10.527472204361002,7.96,2.1,21.07,10.381273322223919,7.0,37300.0,32250.0,4319.0,-4.144948703167038,-5.021963267430956,-3.2679341389031236,179.02033448978435
47081,Hickman County,TN,Not expanded by 2023,,Metro,2023,22.3,-5.300000000000001,15.7,23.2,10.428689342246626,4.66,2.07,15.72,10.094397126516617,1.0,33800.0,24207.0,2984.0,-5.263106731456868,-5.65120922984368,-4.87500423307006,157.05110486667294
47083,Houston County,TN,Not expanded by 2023,,"Rural, near a metro",2023,21.8,-6.099999999999998,14.5,20.2,10.53855530701924,2.65,2.22,19.15,9.021115038865434,8.0,37700.0,8276.0,1030.0,-4.952549554333249,-5.236005468381622,-4.669093640284876,51.01126040963247
47085,Humphreys County,TN,Not expanded by 2023,,"Rural, near a metro",2023,22.2,-5.100000000000001,15.4,17.0,10.644329058958736,2.54,2.02,18.64,9.81159153783159,6.0,42000.0,18244.0,2304.0,-4.837697443837827,-5.214403049051115,-4.46099183862454,111.46054910602355
47087,Jackson County,TN,Not expanded by 2023,,"Rural, near a metro",2023,23.6,-2.0,16.4,26.3,10.409039293799411,0.35,1.67,20.31,9.355392643675321,8.0,33200.0,11561.0,1673.0,-4.399825630603325,-4.857503664981716,-3.9421475962249355,73.60908279999362
47089,Jefferson County,TN,Not expanded by 2023,,Metro,2023,20.8,-6.199999999999999,13.5,16.4,10.608810309026207,2.02,3.37,18.28,10.861572606067261,3.0,40500.0,52134.0,6013.0,-4.236254366949368,-4.970625215114604,-3.501883518784136,254.72597508466552
47091,Johnson County,TN,Not expanded by 2023,,"Rural, near a metro",2023,24.5,2.3000000000000007,17.4,28.1,10.330453192090294,2.23,1.68,20.14,9.798904512343688,6.0,30700.0,18014.0,2642.0,-4.994123684613149,-5.741692056928553,-4.246555312297746,131.9447477474794
47093,Knox County,TN,Not expanded by 2023,,Metro,2023,25.4,-0.10000000000000142,16.1,16.3,10.801716141591875,8.79,3.7,14.07,13.00428679866839,2.0,49100.0,444314.0,50799.0,-4.56923067504944,-5.34459490517636,-3.793866444922519,2321.123490618365
47095,Lake County,TN,Not expanded by 2023,,Remote rural,2023,17.8,2.200000000000001,14.7,39.0,10.253827472516985,28.06,2.13,14.48,8.950662495933999,9.0,28400.0,7713.0,1030.0,-5.860223265850412,-6.914775132507016,-4.80567139919381,60.36029963825925
47097,Lauderdale County,TN,Not expanded by 2023,,"Rural, near a metro",2023,18.1,-3.5,14.1,27.7,10.378758534888256,34.79,2.35,13.35,10.22459231202622,6.0,32200.0,27573.0,3757.0,-6.490406469807352,-7.558730779438294,-5.422082160176414,243.84457107066225
47099,Lawrence County,TN,Not expanded by 2023,,"Rural, near a metro",2023,23.0,-5.600000000000001,15.6,17.9,10.584865749496075,1.65,1.87,17.12,10.646091341808665,6.0,39500.0,42028.0,5878.0,-4.845592507662933,-5.390350041418702,-4.300834973907164,284.8239276004272
47101,Lewis County,TN,Not expanded by 2023,,"Rural, near a metro",2023,22.2,-2.5,15.5,21.3,10.465870935715712,1.96,2.15,18.13,9.392161803728454,6.0,35100.0,11994.0,1760.0,-4.950104286459345,-5.322158757647036,-4.578049815271654,87.12183544168447
47103,Lincoln County,TN,Not expanded by 2023,,"Rural, near a metro",2023,25.2,-3.5,15.5,18.0,10.632315534301455,6.58,3.1,17.65,10.419270866621346,6.0,41500.0,33499.0,3760.0,-5.502943307360793,-6.051515213659025,-4.954371401062565,206.9106683567658
47105,Loudon County,TN,Not expanded by 2023,,Metro,2023,28.5,-5.5,17.4,14.2,10.882377426166803,1.31,7.75,23.75,10.82746863769429,2.0,53200.0,50386.0,4503.0,-4.896552725505428,-5.559434487283264,-4.2336709637275955,220.4917692295094
47107,McMinn County,TN,Not expanded by 2023,,"Rural, near a metro",2023,22.0,-5.899999999999999,14.8,16.9,10.610118418254732,3.71,3.36,18.26,10.867253298434472,4.0,40500.0,52431.0,6623.0,-5.0208707872360945,-5.454829306739413,-4.5869122677327745,332.53227223864656
47109,McNairy County,TN,Not expanded by 2023,,"Rural, near a metro",2023,20.3,-2.599999999999998,14.0,19.4,10.451493347426403,5.83,1.87,18.94,10.167197065597,6.0,34600.0,26035.0,3618.0,-5.224616222228142,-5.62003331909849,-4.829199125357796,189.02661492021417
47111,Macon County,TN,Not expanded by 2023,,Metro,2023,26.2,1.0,19.1,21.3,10.475370645603034,0.49,4.92,14.98,10.027341014703126,1.0,35400.0,22637.0,3846.0,-5.412819758120807,-6.4302847091739945,-4.395354807067618,208.17704789732625
47113,Madison County,TN,Not expanded by 2023,,Metro,2023,21.8,-7.599999999999998,15.0,21.1,10.61521111866901,37.04,3.48,14.37,11.500144130605495,3.0,40800.0,98730.0,12137.0,-6.5069461793953804,-7.696592367226521,-5.317299991564239,789.7480577932173
47115,Marion County,TN,Not expanded by 2023,,Metro,2023,24.1,0.10000000000000142,16.6,16.4,10.64846788173609,3.74,1.66,17.68,10.251535389774341,2.0,42100.0,28326.0,3779.0,-4.900575641507071,-5.299009778032678,-4.502141504981459,185.1927534925522
47117,Marshall County,TN,Not expanded by 2023,,"Rural, near a metro",2023,25.4,-4.900000000000002,16.1,14.6,10.654030618737362,6.5,4.77,14.72,10.346248445387989,6.0,42400.0,31140.0,3818.0,-5.448608286966026,-5.949668051091758,-4.947548522840303,208.02786439636287
47119,Maury County,TN,Not expanded by 2023,,Metro,2023,21.3,-6.0,13.5,13.8,10.74714307336516,12.02,5.05,14.54,11.33401408690149,1.0,46500.0,83618.0,9467.0,-4.124189285751243,-5.219161274420192,-3.0292172970822895,390.43699968207017
47121,Meigs County,TN,Not expanded by 2023,,"Rural, near a metro",2023,20.7,-4.5,14.4,19.7,10.542020139822851,1.23,1.87,18.64,9.36383369293329,8.0,37900.0,11659.0,1791.0,-4.514254916980703,-5.057240094379274,-3.971269739582127,80.8503055631244
47123,Monroe County,TN,Not expanded by 2023,,"Rural, near a metro",2023,23.7,-1.9000000000000021,14.9,19.7,10.546945414808707,1.98,3.86,18.72,10.719471643055135,6.0,38100.0,45228.0,5906.0,-4.8000428728999776,-5.325771676598416,-4.274314069201539,283.49053207347265
47125,Montgomery County,TN,Not expanded by 2023,,Metro,2023,24.2,1.5999999999999979,13.4,14.9,10.840737105801496,18.36,9.19,8.38,12.124059664809495,2.0,51100.0,184252.0,25768.0,-3.4322685217867606,-4.527467358391506,-2.3370696851820147,884.4269526940125
47127,Moore County,TN,Not expanded by 2023,,Remote rural,2023,24.4,-7.100000000000001,13.6,13.1,10.835691002870332,2.31,1.61,19.99,8.744169388750624,9.0,50800.0,6274.0,570.0,-3.9190561898436957,-4.663493549871747,-3.1746188298156444,22.338620282109066
47129,Morgan County,TN,Not expanded by 2023,,Metro,2023,27.2,2.3000000000000007,17.6,24.0,10.546051712719995,3.55,1.12,15.41,9.983822525188403,2.0,38000.0,21673.0,2611.0,-5.402497695244896,-5.897788297022295,-4.907207093467502,141.0592148228442
47131,Obion County,TN,Not expanded by 2023,,Remote rural,2023,21.1,-4.599999999999998,15.3,20.4,10.44781564835612,10.65,3.57,18.36,10.342290720254804,7.0,34500.0,31017.0,4074.0,-5.5367383378439525,-6.327096530411345,-4.746380145276562,225.5667198837626
47133,Overton County,TN,Not expanded by 2023,,Remote rural,2023,22.4,-1.4000000000000021,15.8,20.4,10.47607597368035,0.59,1.18,18.62,9.99738764772918,7.0,35500.0,21969.0,2956.0,-4.256820486192704,-4.812058851536789,-3.7015821208486193,125.83161357185634
47135,Perry County,TN,Not expanded by 2023,,"Rural, near a metro",2023,22.8,-6.199999999999999,15.5,22.2,10.40477785931878,2.03,2.07,20.09,8.972083182851925,8.0,33000.0,7880.0,1097.0,-4.916126563030029,-5.2988492557138365,-4.533403870346223,53.92990839643942
47137,Pickett County,TN,Not expanded by 2023,,Remote rural,2023,24.5,-4.199999999999999,16.0,19.5,10.385851971480083,0.16,1.7,24.44,8.519789817263504,9.0,32400.0,5013.0,624.0,-4.475137096443124,-4.665645323280265,-4.284628869605982,27.924855481805096
47139,Polk County,TN,Not expanded by 2023,,Metro,2023,24.2,-1.0,15.5,19.7,10.528757310692988,0.47,1.7,18.67,9.71908382953785,3.0,37400.0,16632.0,2323.0,-4.059976248179612,-4.389990690340568,-3.7299618060186526,94.31324824521238
47141,Putnam County,TN,Not expanded by 2023,,"Rural, near a metro",2023,23.2,-6.199999999999999,15.3,26.7,10.47880794648263,2.0,5.68,15.69,11.213103332624279,4.0,35600.0,74095.0,11159.0,-4.744190081473123,-5.449154494027179,-4.039225668919063,529.4041711915858
47143,Rhea County,TN,Not expanded by 2023,,"Rural, near a metro",2023,20.4,-11.5,14.6,19.6,10.567720722931432,1.94,4.31,16.97,10.389887278140291,6.0,38900.0,32529.0,4612.0,-5.162248729707371,-6.020100805487068,-4.304396653927675,238.08291141410393
47145,Roane County,TN,Not expanded by 2023,,Metro,2023,19.7,-1.6000000000000014,12.3,18.1,10.646305461835654,2.51,1.62,20.81,10.881080323786447,2.0,42000.0,53161.0,5611.0,-2.464834993330239,-3.162789134804065,-1.7668808518564139,138.3018914757597
47147,Robertson County,TN,Not expanded by 2023,,Metro,2023,24.4,-3.8000000000000007,14.7,12.1,10.841402780506945,7.38,5.96,12.98,11.11857832259591,1.0,51100.0,67412.0,6355.0,-4.546330057333787,-5.135274085230182,-3.9573860294373935,288.9192751435622
47149,Rutherford County,TN,Not expanded by 2023,,Metro,2023,25.5,-6.700000000000003,15.6,12.3,10.951788520662866,13.17,6.92,9.18,12.54663650005464,1.0,57100.0,281148.0,32425.0,-4.601992135299626,-5.768319470640841,-3.435664799958409,1492.1959498709036
47151,Scott County,TN,Not expanded by 2023,,"Rural, near a metro",2023,21.5,0.8999999999999986,15.7,29.5,10.230955082489231,0.15,0.73,15.01,10.001611950529327,6.0,27700.0,22062.0,3850.0,-4.138683330606598,-4.8920331198037506,-3.3853335414094463,159.33930822835404
47153,Sequatchie County,TN,Not expanded by 2023,,Metro,2023,26.4,1.3999999999999986,17.0,18.1,10.7463470063244,0.4,3.4,17.7,9.584452402426324,2.0,46500.0,14537.0,2229.0,-4.6751511222675015,-5.392906925943917,-3.957395318591086,104.20911851534261
47155,Sevier County,TN,Not expanded by 2023,,"Rural, near a metro",2023,30.6,-5.0,20.0,16.5,10.607673580211289,0.87,5.39,17.07,11.445470695711634,4.0,40400.0,93477.0,11495.0,-5.907860708338302,-7.249774083193463,-4.565947333483141,679.1085884234878
47157,Shelby County,TN,Not expanded by 2023,,Metro,2023,26.3,-2.3999999999999986,18.1,21.6,10.715905550345243,52.86,5.87,11.29,13.751892146729062,1.0,45100.0,938363.0,108659.0,-4.682451728230275,-5.65180967066126,-3.71309378579929,5087.905223377734
47159,Smith County,TN,Not expanded by 2023,,Metro,2023,21.6,-6.0,15.2,16.9,10.68485163315069,2.19,2.47,14.99,9.858333270529018,1.0,43700.0,19117.0,2208.0,-4.736608296306554,-5.240687801916286,-4.232528790696818,104.58431118244872
47161,Stewart County,TN,Not expanded by 2023,,"Rural, near a metro",2023,20.9,-5.800000000000001,14.0,17.2,10.68081502300455,1.69,2.25,18.48,9.493788493895902,8.0,43500.0,13277.0,1603.0,-4.293400678679995,-4.856948463844253,-3.7298528935157353,68.82321287924032
47163,Sullivan County,TN,Not expanded by 2023,,Metro,2023,20.4,-5.400000000000002,13.5,18.0,10.606213707876396,2.18,1.69,19.95,11.958796481046644,2.0,40400.0,156185.0,18664.0,-4.1617721314204905,-5.00744397402545,-3.316100288815531,776.7531506083204
47165,Sumner County,TN,Not expanded by 2023,,Metro,2023,22.6,-7.699999999999999,14.3,11.0,10.934481025270431,6.61,4.19,14.07,12.036197312157551,1.0,56100.0,168754.0,14492.0,-4.27015211418177,-4.7660159112295615,-3.7742883171339776,618.8304443872222
47167,Tipton County,TN,Not expanded by 2023,,Metro,2023,21.9,-6.5,13.5,14.4,10.881494075390936,18.42,2.53,12.49,11.027962500729965,1.0,53200.0,61572.0,6077.0,-4.284331044657554,-5.132136228980825,-3.4365258603342883,260.3587975838396
47169,Trousdale County,TN,Not expanded by 2023,,Metro,2023,22.2,-3.6999999999999993,12.5,17.0,10.628278738430534,9.33,2.6,15.67,8.963160242833732,1.0,41300.0,7810.0,1259.0,-3.227568522738087,-4.130840627712142,-2.324296417764031,40.63508770127252
47171,Unicoi County,TN,Not expanded by 2023,,Metro,2023,20.6,-3.3999999999999986,12.0,17.6,10.50692882001158,0.27,4.27,21.25,9.803390935997843,3.0,36600.0,18095.0,2310.0,-2.492793968596806,-3.0307716020154225,-1.95481633517819,57.58354067458622
47173,Union County,TN,Not expanded by 2023,,Metro,2023,22.9,-2.1000000000000014,16.4,22.1,10.470362642153141,0.16,1.4,15.94,9.855504562513977,2.0,35300.0,19063.0,2581.0,-4.3715998722616085,-4.82906484082408,-3.914134903699142,112.83099270307211
47175,Van Buren County,TN,Not expanded by 2023,,Remote rural,2023,25.2,-1.4000000000000021,14.9,17.7,10.529238800109523,0.56,1.11,20.42,8.625868208041894,9.0,37400.0,5574.0,782.0,-3.9937511337158518,-4.4512226451181265,-3.5362796223135757,31.231133865657963
47177,Warren County,TN,Not expanded by 2023,,"Rural, near a metro",2023,26.1,-3.8999999999999986,17.2,20.3,10.500316545422477,3.0,8.5,16.35,10.593504840087146,6.0,36300.0,39875.0,5952.0,-4.890880541968972,-5.387138207878602,-4.394622876059341,291.1052098579932
47179,Washington County,TN,Not expanded by 2023,,Metro,2023,23.6,-5.099999999999998,15.1,17.7,10.634460242636054,4.05,3.11,16.34,11.739239983449812,3.0,41500.0,125397.0,17256.0,-4.864225075212172,-5.369361390546554,-4.359088759877791,839.3706789786123
47181,Wayne County,TN,Not expanded by 2023,,"Rural, near a metro",2023,25.2,2.6999999999999993,16.4,22.0,10.413853070469662,6.11,1.71,17.43,9.736251633160215,8.0,33300.0,16920.0,1998.0,-5.2014474462868945,-5.7776636922627755,-4.625231200311012,103.92491997681215
47183,Weakley County,TN,Not expanded by 2023,,Remote rural,2023,17.6,-8.5,12.2,21.0,10.457631253015656,7.67,2.2,16.51,10.438664267165949,7.0,34800.0,34155.0,4754.0,-3.147003082115475,-4.081639844765221,-2.21236631946573,149.60852652376968
47185,White County,TN,Not expanded by 2023,,Remote rural,2023,22.2,-4.300000000000001,16.1,19.7,10.443483553601899,1.72,2.05,18.58,10.173247478478917,7.0,34300.0,26193.0,3758.0,-4.9461796801784805,-5.450294013163624,-4.4420653471933385,185.8774323811073
47187,Williamson County,TN,Not expanded by 2023,,Metro,2023,28.3,-7.800000000000001,14.4,5.5,11.442942818102907,4.27,4.57,11.2,12.20177843860715,1.0,93200.0,199143.0,8358.0,-4.741917006047018,-5.268511548058058,-4.215322464035972,396.32942336540975
47189,Wilson County,TN,Not expanded by 2023,,Metro,2023,24.6,-5.399999999999999,14.1,10.8,10.9963332463099,6.52,3.51,14.05,11.711694353142784,1.0,59700.0,121990.0,10428.0,-4.683697555563879,-5.079642381462799,-4.287752729664961,488.4159810942013
48001,Anderson County,TX,Not expanded by 2023,,Remote rural,2023,35.2,4.400000000000002,23.3,22.4,10.628109175055817,20.82,16.7,13.52,10.967508396434619,7.0,41300.0,57960.0,6178.0,-5.728770599596898,-8.08691293741394,-3.370628261779858,353.9234476430964
48003,Andrews County,TX,Not expanded by 2023,,"Rural, near a metro",2023,41.8,-15.800000000000004,31.0,11.4,11.04740775890878,1.44,53.53,9.96,9.727883383489697,6.0,62800.0,16779.0,1564.0,-9.312794097730798,-10.92209049435575,-7.703497701105846,145.65209968850968
48005,Angelina County,TX,Not expanded by 2023,,Remote rural,2023,33.7,-7.799999999999997,23.7,21.5,10.640747307714394,14.9,20.85,14.48,11.377243189426013,5.0,41800.0,87312.0,11719.0,-5.4987617791999766,-7.074217142704985,-3.923306415694965,644.3998929044453
48007,Aransas County,TX,Not expanded by 2023,,Metro,2023,27.8,-8.499999999999996,22.9,20.7,10.637440727488327,1.23,26.29,25.71,10.081173380925554,2.0,41700.0,23889.0,2793.0,-6.9563347811717335,-8.869700270289398,-5.04296929205407,194.2904304381265
48009,Archer County,TX,Not expanded by 2023,,Metro,2023,35.9,-5.899999999999999,21.8,10.1,10.947379629004004,0.67,8.24,18.07,9.082620630373812,3.0,56800.0,8801.0,680.0,-7.08881070339654,-8.314859139021614,-5.8627622677714655,48.20391278309646
48011,Armstrong County,TX,Not expanded by 2023,,Metro,2023,22.6,-15.199999999999996,9.5,11.0,10.861342403487976,0.98,8.87,20.72,7.570443252057374,2.0,52100.0,1940.0,146.0,-2.3115207474636206,-3.14545530539805,-1.4775861895291915,3.374820291296886
48013,Atascosa County,TX,Not expanded by 2023,,Metro,2023,34.8,-9.200000000000003,22.5,17.8,10.750020834993819,0.66,62.76,13.62,10.758349589413635,1.0,46600.0,47021.0,6307.0,-9.543385329086242,-11.410148271276592,-7.676622386895889,601.9013127054693
48015,Austin County,TX,Not expanded by 2023,,Metro,2023,39.7,-7.599999999999994,26.4,13.6,10.859806363863356,8.95,25.05,17.2,10.263920426602184,1.0,52000.0,28679.0,3007.0,-7.7588450138419915,-10.045283485213801,-5.472406542470173,233.3084695662287
48017,Bailey County,TX,Not expanded by 2023,,Remote rural,2023,45.3,-5.0,31.1,19.9,10.535450579771076,0.94,61.66,13.97,8.871224644409553,7.0,37600.0,7124.0,931.0,-10.454156266696613,-12.178182712539302,-8.73012982085393,97.32819484294546
48019,Bandera County,TX,Not expanded by 2023,,Metro,2023,36.7,-2.0999999999999943,22.8,16.2,10.82643607207435,0.56,17.33,23.76,9.930956794525674,1.0,50300.0,20557.0,2139.0,-8.580799657369775,-9.760450805055433,-7.401148509684122,183.54330467113948
48021,Bastrop County,TX,Not expanded by 2023,,Metro,2023,44.7,-2.1999999999999957,29.2,18.7,10.822793733370741,7.27,34.25,13.28,11.236038251146072,1.0,50200.0,75814.0,10599.0,-7.404981453257405,-9.152753277301041,-5.657209629213769,784.8539842307523
48023,Baylor County,TX,Not expanded by 2023,,"Rural, near a metro",2023,28.8,-3.1999999999999993,18.6,19.5,10.450539024706163,2.12,11.97,24.21,8.182279739259018,8.0,34600.0,3577.0,423.0,-5.389218773139487,-6.365372018607585,-4.41306552767139,22.79639541038003
48025,Bee County,TX,Not expanded by 2023,,"Rural, near a metro",2023,24.3,-5.099999999999998,17.7,25.1,10.640747307714394,7.87,57.49,11.3,10.398488625955148,6.0,41800.0,32810.0,3312.0,-6.913747077462081,-9.219496940803845,-4.607997214120312,228.9833032055441
48027,Bell County,TX,Not expanded by 2023,,Metro,2023,30.5,-5.899999999999999,20.5,15.1,10.824228368083894,20.57,23.19,9.45,12.69780107312493,2.0,50200.0,327028.0,45416.0,-4.53321527842471,-5.700675903473266,-3.365754653376155,2058.805050849366
48029,Bexar County,TX,Not expanded by 2023,,Metro,2023,35.3,-5.5,22.6,17.4,10.812854369337458,7.11,59.3,10.91,14.415076463302679,1.0,49700.0,1821328.0,243316.0,-7.4610070428577195,-10.115818370718184,-4.806195714997263,18153.823896399692
48031,Blanco County,TX,Not expanded by 2023,,"Rural, near a metro",2023,35.9,-8.399999999999999,27.1,12.7,10.913523604095793,0.82,19.24,21.44,9.27199975236291,8.0,54900.0,10636.0,891.0,-8.373829326666119,-10.032805416526733,-6.714853236805516,74.61081930059511
48033,Borden County,TX,Not expanded by 2023,,"Rural, near a metro",2023,28.6,-7.600000000000001,12.3,10.5,11.009456051157498,0.62,15.33,22.45,6.470799503782602,8.0,60400.0,646.0,49.0,-2.731472215398504,-3.302044867058243,-2.160899563738766,1.338421385545267
48035,Bosque County,TX,Not expanded by 2023,,"Rural, near a metro",2023,35.5,-6.100000000000001,23.5,17.0,10.66578759178439,1.59,16.91,23.19,9.790486813448885,6.0,42900.0,17863.0,1967.0,-8.401172138682016,-9.210670490172811,-7.591673787191221,165.25105596787526
48037,Bowie County,TX,Not expanded by 2023,,Metro,2023,26.1,-5.299999999999997,18.3,21.4,10.637224700700166,24.19,7.06,15.1,11.444368212873085,3.0,41700.0,93374.0,11161.0,-5.477783860402989,-6.390757464885127,-4.56481025592085,611.3754566595776
48039,Brazoria County,TX,Not expanded by 2023,,Metro,2023,38.2,-3.3999999999999986,23.5,11.8,11.102503089892746,12.59,28.87,10.56,12.706514544541426,1.0,66300.0,329890.0,27653.0,-6.770243675624662,-8.671462108873321,-4.869025242376011,1872.1754836204875
48041,Brazos County,TX,Not expanded by 2023,,Metro,2023,28.2,0.3000000000000007,20.8,27.6,10.589912187335246,10.62,24.52,8.04,12.226443738670005,3.0,39700.0,204116.0,44611.0,-4.960139525642855,-6.583145391156524,-3.3371336601291883,2212.7678437845343
48043,Brewster County,TX,Not expanded by 2023,,Remote rural,2023,36.9,-6.700000000000003,23.9,14.9,10.57403118688622,0.98,43.93,18.23,9.13637085177601,7.0,39100.0,9287.0,1006.0,-9.50715046279463,-10.667606232603084,-8.346694692986176,95.64193365571398
48045,Briscoe County,TX,Not expanded by 2023,,Remote rural,2023,43.0,-1.8999999999999986,24.2,17.4,10.602492542580233,2.56,26.57,24.39,7.3537223303996315,9.0,40200.0,1562.0,151.0,-9.857095165952616,-10.910481727154771,-8.803708604750465,14.88421370058845
48047,Brooks County,TX,Not expanded by 2023,,Remote rural,2023,29.7,-9.000000000000004,20.3,31.9,10.227163985211284,0.5,90.47,17.59,8.889997357284841,7.0,27600.0,7259.0,1217.0,-9.222764429094463,-11.453710981754751,-6.991817876434178,112.24104310207962
48049,Brown County,TX,Not expanded by 2023,,Remote rural,2023,30.2,-3.0000000000000036,22.1,18.6,10.561939763299186,3.21,20.72,18.39,10.536645846657073,5.0,38600.0,37671.0,4641.0,-6.303843576136844,-7.272659394683169,-5.3350277575905185,292.56138036851087
48051,Burleson County,TX,Not expanded by 2023,,Metro,2023,38.4,-1.2000000000000028,25.0,17.5,10.73055355066186,11.92,19.53,18.99,9.75666826558467,3.0,45700.0,17269.0,1975.0,-6.66155072811515,-9.280762705781527,-4.042338750448777,131.5656268802742
48053,Burnet County,TX,Not expanded by 2023,,"Rural, near a metro",2023,39.9,-3.3999999999999986,28.7,14.9,10.80539534404283,1.83,21.45,20.31,10.68235360849861,6.0,49300.0,43580.0,4272.0,-8.496712841624865,-9.560026303886902,-7.433399379362806,362.97957259421423
48055,Caldwell County,TX,Not expanded by 2023,,Metro,2023,40.9,-4.200000000000003,27.8,17.2,10.736853093036018,6.28,49.21,12.92,10.576457535657255,1.0,46000.0,39201.0,6241.0,-9.315036833373643,-11.635335821508406,-6.994737845238891,581.3514487708491
48057,Calhoun County,TX,Not expanded by 2023,,"Rural, near a metro",2023,33.3,-8.900000000000006,23.6,18.1,10.839659340003433,2.56,47.59,15.74,9.986403052863436,6.0,51000.0,21729.0,2015.0,-8.009405529664004,-9.716155201025613,-6.302655858302392,161.3895214227297
48059,Callahan County,TX,Not expanded by 2023,,Metro,2023,27.9,-7.600000000000001,18.9,14.3,10.648705225387076,1.29,8.32,19.53,9.510593101601815,3.0,42100.0,13502.0,1560.0,-5.540122423910104,-6.261422344768482,-4.818822503051733,86.42590981299762
48061,Cameron County,TX,Not expanded by 2023,,Metro,2023,44.7,-10.699999999999996,32.1,32.4,10.431317775117943,0.34,88.89,11.87,12.941697249631337,2.0,33900.0,417357.0,70796.0,-11.387777692625564,-13.379416108939083,-9.396139276312061,8062.091095271195
48063,Camp County,TX,Not expanded by 2023,,"Rural, near a metro",2023,37.0,-2.3999999999999986,25.6,18.1,10.543787600548086,16.59,23.05,16.83,9.430439293104167,6.0,37900.0,12462.0,1796.0,-5.927264528304797,-9.374703174737727,-2.4798258818718684,106.45367092835416
48065,Carson County,TX,Not expanded by 2023,,Metro,2023,30.3,-4.599999999999998,18.5,8.5,10.989554813701943,0.62,9.17,17.12,8.69751274553952,2.0,59300.0,5988.0,413.0,-5.4269422592976335,-6.000189096837903,-4.853695421757368,22.413271530899227
48067,Cass County,TX,Not expanded by 2023,,"Rural, near a metro",2023,28.0,-6.200000000000003,19.4,21.8,10.533322126884308,17.21,4.07,20.32,10.316821619022988,6.0,37500.0,30237.0,3693.0,-5.930855812763671,-7.426844529764535,-4.434867095762806,219.02650516536238
48069,Castro County,TX,Not expanded by 2023,,"Rural, near a metro",2023,38.9,-11.5,27.8,19.6,10.613713064630824,1.9,62.88,13.57,9.002085433155724,6.0,40700.0,8120.0,909.0,-9.709433378245041,-11.420957366632953,-7.997909389857133,88.25874940824743
48071,Chambers County,TX,Not expanded by 2023,,Metro,2023,41.7,0.30000000000000426,22.9,10.5,11.224109416477244,7.93,20.4,10.69,10.528543240958955,1.0,74900.0,37367.0,3450.0,-8.56473792281335,-10.21038346324125,-6.919092382385451,295.4834583370606
48073,Cherokee County,TX,Not expanded by 2023,,"Rural, near a metro",2023,37.5,-6.700000000000003,26.8,23.6,10.53834332471897,14.15,21.77,15.99,10.841402780506945,6.0,37700.0,51093.0,6809.0,-6.2877014246534175,-9.190274380528356,-3.3851284687784853,428.1295900046512
48075,Childress County,TX,Not expanded by 2023,,Remote rural,2023,35.1,-0.7999999999999972,21.0,25.5,10.431730608339187,9.71,28.84,15.56,8.861491864286915,7.0,33900.0,7055.0,704.0,-7.316124584462245,-8.460759510335299,-6.171489658589188,51.50551707461421
48077,Clay County,TX,Not expanded by 2023,,Metro,2023,30.9,-7.399999999999999,18.7,13.0,10.826475805858005,0.69,5.22,19.9,9.254835611862735,3.0,50300.0,10455.0,1011.0,-5.757392382533884,-6.2332257911145765,-5.281558973953193,58.207236987417566
48079,Cochran County,TX,Not expanded by 2023,,Remote rural,2023,46.7,-6.5,30.0,23.6,10.525192435641708,3.86,56.03,15.15,8.009363076630045,9.0,37200.0,3009.0,375.0,-9.799659259050989,-12.155012228089044,-7.444306290012917,36.748722221441206
48081,Coke County,TX,Not expanded by 2023,,"Rural, near a metro",2023,28.7,-9.3,20.6,14.4,10.567875111424648,0.66,20.72,26.23,8.064636475774222,8.0,38900.0,3180.0,363.0,-6.421066036183379,-7.872172722138582,-4.9699593502281765,23.308469711345666
48083,Coleman County,TX,Not expanded by 2023,,"Rural, near a metro",2023,35.3,1.6999999999999957,22.2,22.8,10.404686992907486,2.52,16.9,23.18,9.050875597325156,6.0,33000.0,8526.0,1084.0,-7.9434345279960885,-9.261871797013718,-6.624997258978453,86.1068302834776
48085,Collin County,TX,Not expanded by 2023,,Metro,2023,35.1,-3.799999999999997,21.0,7.9,11.306085780362547,8.92,14.89,9.25,13.660490500337628,1.0,81300.0,856398.0,64811.0,-5.979640379946749,-6.729643694939886,-5.229637064953613,3875.464726647287
48087,Collingsworth County,TX,Not expanded by 2023,,Remote rural,2023,33.6,-20.0,28.2,21.4,10.474156316370632,4.39,31.74,16.94,8.039157390473237,9.0,35400.0,3100.0,324.0,-8.349631927274327,-10.108230535789158,-6.5910333187594965,27.05280744436882
48089,Colorado County,TX,Not expanded by 2023,,"Rural, near a metro",2023,38.1,-8.100000000000001,27.9,16.9,10.655799466264044,12.23,28.18,19.9,9.93870989824589,6.0,42400.0,20717.0,2083.0,-6.55890718282855,-9.243165904885469,-3.874648460771622,136.62203661831867
48091,Comal County,TX,Not expanded by 2023,,Metro,2023,34.8,-5.300000000000004,21.5,10.5,11.160839973365304,1.71,26.15,16.8,11.68373939562258,1.0,70300.0,118627.0,10918.0,-7.009740308401356,-8.824573106665877,-5.194907510136824,765.3234468712601
48093,Comanche County,TX,Not expanded by 2023,,Remote rural,2023,40.3,1.3999999999999986,27.7,20.3,10.475427090160382,0.37,26.66,22.71,9.514436985696058,7.0,35400.0,13554.0,1686.0,-10.509414301476465,-12.006644174335463,-9.01218442861747,177.1887251228932
48095,Concho County,TX,Not expanded by 2023,,"Rural, near a metro",2023,27.8,-10.2,16.4,26.9,10.572213958554391,1.58,55.58,14.58,8.324093761450404,8.0,39000.0,4122.0,245.0,-7.7386069281866785,-10.085764025481446,-5.391449830891917,18.959586974057363
48097,Cooke County,TX,Not expanded by 2023,,"Rural, near a metro",2023,41.2,-8.0,27.4,15.5,10.888651148696658,2.9,16.73,17.02,10.557270009573797,6.0,53600.0,38456.0,4364.0,-7.918194275796813,-9.45036989258562,-6.386018659008005,345.5499981957729
48099,Coryell County,TX,Not expanded by 2023,,Metro,2023,24.9,-5.800000000000001,15.5,14.8,10.822993111312226,15.83,17.19,8.38,11.248451977655328,2.0,50200.0,76761.0,10138.0,-4.869663466468218,-5.931610316117703,-3.807716616818737,493.68648223054794
48101,Cottle County,TX,Not expanded by 2023,,Remote rural,2023,28.2,-6.199999999999999,17.3,21.9,10.382574800514906,9.08,23.58,24.34,7.273786317844895,9.0,32300.0,1442.0,181.0,-5.275348875089802,-6.231442821845026,-4.319254928334578,9.548381463912541
48103,Crane County,TX,Not expanded by 2023,,"Rural, near a metro",2023,43.6,-12.199999999999996,26.8,10.1,10.983613347424248,2.73,60.81,10.85,8.45914025996762,6.0,58900.0,4718.0,420.0,-8.887516946973044,-10.720484608650102,-7.0545492852960106,37.327571177286785
48105,Crockett County,TX,Not expanded by 2023,,Remote rural,2023,39.8,-8.0,31.2,13.9,10.824626512735104,0.4,64.12,14.83,8.232971790593437,7.0,50200.0,3763.0,269.0,-10.332021052704269,-12.05572654227762,-8.608315563130914,27.79313663177448
48107,Crosby County,TX,Not expanded by 2023,,Metro,2023,34.0,-6.399999999999999,23.7,27.3,10.475681051249266,3.87,54.71,17.3,8.68676717538769,2.0,35400.0,5924.0,735.0,-9.25205063968906,-11.745044170457719,-6.759057108920393,68.00257220171459
48109,Culberson County,TX,Not expanded by 2023,,Remote rural,2023,29.9,-23.5,19.3,24.7,10.40259478334792,0.61,74.5,16.48,7.743269700829004,9.0,32900.0,2306.0,288.0,-9.405633417107438,-11.35345522313672,-7.457811611078157,27.088224241269423
48111,Dallam County,TX,Not expanded by 2023,,Remote rural,2023,47.2,-8.099999999999994,33.8,14.1,10.654384638636976,1.69,41.55,9.82,8.869257522797287,7.0,42400.0,7110.0,920.0,-8.235696465714046,-10.521459654723671,-5.949933276704403,75.76840748456922
48113,Dallas County,TX,Not expanded by 2023,,Metro,2023,45.1,-4.299999999999997,32.7,19.5,10.776912536180792,22.23,39.1,9.47,14.725576355072029,1.0,47900.0,2484486.0,283034.0,-6.963723742544784,-9.981048006955406,-3.9463994781341647,19709.705857474204
48115,Dawson County,TX,Not expanded by 2023,,Remote rural,2023,37.3,-0.30000000000000426,29.3,23.8,10.554066422987296,5.61,55.45,14.48,9.4894104675794,7.0,38300.0,13219.0,1434.0,-9.294645582235677,-11.054484310959888,-7.534806853511468,133.2852176492596
48117,Deaf Smith County,TX,Not expanded by 2023,,"Rural, near a metro",2023,41.6,-13.199999999999996,29.7,21.5,10.54510456855174,1.06,70.19,11.64,9.86162334843743,6.0,38000.0,19180.0,2409.0,-10.727419429437028,-12.00553102118328,-9.449307837690782,258.423534055138
48119,Delta County,TX,Not expanded by 2023,,"Rural, near a metro",2023,26.0,-8.299999999999997,16.0,19.2,10.544946623937323,7.13,6.52,20.92,8.540909718033554,8.0,38000.0,5120.0,647.0,-5.14655119227237,-5.6217677718281625,-4.671334612716585,33.298186214002236
48121,Denton County,TX,Not expanded by 2023,,Metro,2023,34.6,-3.5,20.1,8.9,11.226562522084345,8.81,18.8,8.31,13.498913102898804,1.0,75100.0,728624.0,64160.0,-5.973581520808785,-6.762807725153823,-5.1843553164637415,3832.6499037509166
48123,DeWitt County,TX,Not expanded by 2023,,"Rural, near a metro",2023,31.1,-4.299999999999997,22.2,18.5,10.735026171542216,8.54,34.02,18.41,9.922162092800937,6.0,45900.0,20377.0,2132.0,-6.5983443506147665,-8.035410538411096,-5.161278162818441,140.67670155510683
48125,Dickens County,TX,Not expanded by 2023,,"Rural, near a metro",2023,30.0,-4.899999999999999,19.4,23.2,10.477034422194833,4.7,29.34,20.9,7.739359202689098,8.0,35500.0,2297.0,217.0,-6.072635767194718,-8.055072575778219,-4.0901989586112215,13.17761961481254
48127,Dimmit County,TX,Not expanded by 2023,,"Rural, near a metro",2023,29.5,-13.100000000000001,21.0,27.0,10.485731104959568,1.01,86.19,14.19,9.29596745794362,6.0,35800.0,10894.0,1325.0,-9.47589915402187,-10.674881417219586,-8.276916890824156,125.55566379078978
48129,Donley County,TX,Not expanded by 2023,,"Rural, near a metro",2023,30.1,-6.299999999999997,23.0,19.7,10.459124004835836,4.77,10.14,22.47,8.177796683277778,8.0,34900.0,3561.0,429.0,-6.46907215199903,-7.503013253782682,-5.435131050215378,27.752319532075838
48131,Duval County,TX,Not expanded by 2023,,Remote rural,2023,24.5,-13.399999999999999,20.0,25.6,10.466469098519276,0.92,89.18,17.02,9.357121103184378,7.0,35100.0,11581.0,1341.0,-9.530702424685165,-11.805430857349123,-7.2559739920212145,127.80671951502806
48133,Eastland County,TX,Not expanded by 2023,,"Rural, near a metro",2023,32.5,-1.7999999999999972,24.9,17.3,10.595609207424333,1.8,15.51,21.06,9.813508138916603,6.0,40000.0,18279.0,2313.0,-7.254041913208922,-8.145669191462876,-6.3624146349549715,167.7859894525224
48135,Ector County,TX,Not expanded by 2023,,Metro,2023,40.8,-5.200000000000003,30.8,15.3,10.892136154599985,4.1,56.65,9.67,11.916094606028741,3.0,53800.0,149656.0,16826.0,-8.780581233947526,-10.161987011685552,-7.399175456209489,1477.420598424011
48137,Edwards County,TX,Not expanded by 2023,,Remote rural,2023,44.6,-1.6000000000000014,34.9,23.0,10.472742448925512,0.37,54.98,25.43,7.549082710812286,9.0,35300.0,1899.0,139.0,-10.695822554013617,-11.941045612917245,-9.450599495109989,14.867193350078928
48139,Ellis County,TX,Not expanded by 2023,,Metro,2023,38.1,-9.5,23.5,13.1,10.989639195478905,8.82,24.58,11.38,11.957149641228476,1.0,59300.0,155928.0,16566.0,-7.487643270984025,-8.363136827185905,-6.612149714782145,1240.4029842712137
48141,El Paso County,TX,Not expanded by 2023,,Metro,2023,44.3,-3.0,28.6,22.7,10.590314804351253,2.97,81.8,10.78,13.630221402201032,2.0,39700.0,830864.0,122253.0,-9.814821171846415,-12.062211137062178,-7.567431206630651,11998.913327217397
48143,Erath County,TX,Not expanded by 2023,,"Rural, near a metro",2023,37.2,2.0,26.2,21.8,10.605247536194296,1.4,20.05,13.12,10.593780664113167,4.0,40300.0,39886.0,5757.0,-8.012932088586147,-9.972662058700685,-6.053202118471615,461.3045003399045
48145,Falls County,TX,Not expanded by 2023,,Metro,2023,33.0,2.5,21.1,25.2,10.44511392545483,23.91,22.27,16.69,9.75510354676987,2.0,34400.0,17242.0,2205.0,-5.427635924857292,-7.056326057348046,-3.7989457923665433,119.67937214310328
48147,Fannin County,TX,Not expanded by 2023,,"Rural, near a metro",2023,33.6,-5.299999999999997,23.4,19.0,10.654714944172598,6.6,10.12,17.82,10.419599180731357,6.0,42400.0,33510.0,3984.0,-6.793342267382898,-8.530476103360206,-5.056208431405584,270.6467559325347
48149,Fayette County,TX,Not expanded by 2023,,"Rural, near a metro",2023,37.4,-5.600000000000001,24.6,11.2,10.838364485885963,6.17,19.56,22.96,10.115408363827857,6.0,50900.0,24721.0,1898.0,-8.015315349476817,-9.140940481309148,-6.889690217644489,152.13068533306998
48151,Fisher County,TX,Not expanded by 2023,,"Rural, near a metro",2023,32.1,-4.899999999999999,19.6,17.2,10.613762216756664,3.29,26.66,23.71,8.258163361537619,8.0,40700.0,3859.0,355.0,-6.341276298343711,-7.402877592759694,-5.2796750039277285,22.511530859120175
48153,Floyd County,TX,Not expanded by 2023,,"Rural, near a metro",2023,36.4,-15.399999999999999,27.1,20.5,10.50599861283663,2.87,56.77,17.66,8.739536422559677,6.0,36500.0,6245.0,668.0,-9.435846533061575,-10.957632700880822,-7.914060365242335,63.03145484085132
48155,Foard County,TX,Not expanded by 2023,,Remote rural,2023,28.8,-5.699999999999999,23.3,17.8,10.418822991779948,4.51,16.72,25.74,7.1592919047975645,9.0,33500.0,1286.0,139.0,-6.4355212872896015,-8.305352057813334,-4.565690516765871,8.945374589332546
48157,Fort Bend County,TX,Not expanded by 2023,,Metro,2023,38.9,-8.200000000000003,22.2,8.9,11.383966460172834,20.45,23.99,8.77,13.387565150794533,1.0,87900.0,651847.0,55231.0,-6.849277604633582,-8.117695182760848,-5.580860026506306,3782.924513815173
48159,Franklin County,TX,Not expanded by 2023,,Remote rural,2023,32.8,0.09999999999999432,20.3,18.3,10.633376414449176,3.68,13.37,20.43,9.270023374137356,7.0,41500.0,10615.0,1226.0,-6.009534203522362,-7.560369865052452,-4.458698541992273,73.67688933518416
48161,Freestone County,TX,Not expanded by 2023,,Remote rural,2023,36.6,-0.6000000000000014,25.2,16.3,10.701174912369996,16.1,14.01,17.93,9.883131772279054,7.0,44400.0,19597.0,2265.0,-6.421754162577985,-9.688634674357525,-3.154873650798445,145.45273178239137
48163,Frio County,TX,Not expanded by 2023,,"Rural, near a metro",2023,34.2,-3.0999999999999943,26.2,31.0,10.474608332085875,3.03,78.08,11.4,9.820105943597078,6.0,35400.0,18400.0,2437.0,-9.556704923071585,-11.39385001518771,-7.719559830955447,232.89689897525452
48165,Gaines County,TX,Not expanded by 2023,,Remote rural,2023,52.4,-6.800000000000004,42.3,15.1,10.812975195790544,1.65,39.2,9.02,9.841984419942078,7.0,49700.0,18807.0,2563.0,-7.617460436128798,-10.256886740311678,-4.9780341319459165,195.23551097798108
48167,Galveston County,TX,Not expanded by 2023,,Metro,2023,38.7,-1.7999999999999972,25.9,14.2,11.005593730458493,13.04,23.32,12.4,12.633263367411597,1.0,60200.0,306589.0,30630.0,-5.420385322890042,-8.905694929868806,-1.9350757159112795,1660.26402440122
48169,Garza County,TX,Not expanded by 2023,,"Rural, near a metro",2023,29.4,-13.300000000000004,22.2,28.2,10.760749887948041,6.4,48.89,11.07,8.759511722116487,6.0,47100.0,6371.0,540.0,-8.303081107921065,-9.826175989771976,-6.779986226070154,44.83663798277375
48171,Gillespie County,TX,Not expanded by 2023,,Remote rural,2023,42.0,-6.600000000000001,30.7,13.0,10.828599264916061,0.27,21.6,27.72,10.141046698084647,7.0,50400.0,25363.0,1798.0,-9.546195672533115,-11.00955836292763,-8.082832982138575,171.6405981921454
48173,Glasscock County,TX,Not expanded by 2023,,"Rural, near a metro",2023,44.2,-20.5,24.1,9.4,11.094207930086123,1.42,33.04,14.87,7.147559271189454,8.0,65800.0,1271.0,52.0,-9.587959759691977,-10.975504207718085,-8.20041531166586,4.985739075039827
48175,Goliad County,TX,Not expanded by 2023,,Metro,2023,35.4,-2.5,23.1,14.9,10.788452722367374,4.33,35.09,20.4,8.916237731721479,3.0,48500.0,7452.0,680.0,-7.814728894062488,-9.894891684429517,-5.73456610369545,53.14015647962492
48177,Gonzales County,TX,Not expanded by 2023,,"Rural, near a metro",2023,39.4,-6.800000000000004,31.5,22.0,10.5200506209133,6.25,49.04,15.86,9.910612112478423,6.0,37100.0,20143.0,2437.0,-9.704533966908812,-11.642072642317812,-7.7669952914998195,236.49949277356777
48179,Gray County,TX,Not expanded by 2023,,"Rural, near a metro",2023,39.2,-6.599999999999994,28.2,14.9,10.791851948969441,4.52,26.45,15.72,10.043075566743182,6.0,48600.0,22996.0,2504.0,-7.772279396621405,-9.389076279144122,-6.155482514098685,194.61787609139998
48181,Grayson County,TX,Not expanded by 2023,,Metro,2023,35.9,-4.200000000000003,26.0,16.4,10.705399447887462,5.84,12.02,16.69,11.714739143342111,3.0,44600.0,122362.0,13864.0,-7.259456050934085,-8.470206931258344,-6.048705170609823,1006.4509869015016
48183,Gregg County,TX,Not expanded by 2023,,Metro,2023,35.5,-7.299999999999997,26.8,17.0,10.747229096720554,19.84,17.51,13.95,11.721832151357093,3.0,46500.0,123233.0,15620.0,-5.198716676511643,-6.991357647849956,-3.406075705173337,812.0395448711187
48185,Grimes County,TX,Not expanded by 2023,,"Rural, near a metro",2023,36.7,-4.0,26.5,19.5,10.702929811913675,16.02,22.87,15.27,10.19585861447404,6.0,44500.0,26792.0,3208.0,-5.72758502958809,-7.964937503768253,-3.490232555407929,183.74092774918591
48187,Guadalupe County,TX,Not expanded by 2023,,Metro,2023,33.1,-6.299999999999997,19.1,11.0,10.990162203631195,6.72,36.59,12.56,11.869767394966013,1.0,59300.0,142881.0,14035.0,-6.177894727709952,-7.491093330242999,-4.8646961251769,867.0675250340918
48189,Hale County,TX,Not expanded by 2023,,"Rural, near a metro",2023,39.3,-5.400000000000006,29.9,22.3,10.576661591263116,4.86,58.2,12.33,10.482233472786097,4.0,39200.0,35676.0,4333.0,-9.927329719011663,-12.078821537556426,-7.775837900466902,430.15119672477533
48191,Hall County,TX,Not expanded by 2023,,Remote rural,2023,41.0,-1.3999999999999986,27.6,21.9,10.321539776149764,7.11,34.04,22.98,8.059592328887545,9.0,30400.0,3164.0,454.0,-8.67534580423585,-10.76124687729957,-6.589444731172129,39.38606995123076
48193,Hamilton County,TX,Not expanded by 2023,,"Rural, near a metro",2023,36.5,-2.8999999999999986,25.9,17.9,10.582738627903963,0.57,11.3,25.14,9.016876974763383,6.0,39400.0,8241.0,995.0,-9.756670153955849,-10.856716709094904,-8.656623598816797,97.0788680318607
48195,Hansford County,TX,Not expanded by 2023,,Remote rural,2023,48.5,-12.299999999999997,36.0,12.3,10.86297186449704,0.58,45.68,13.81,8.621012520055235,7.0,52200.0,5547.0,501.0,-9.990981324061195,-11.75184268069602,-8.230119967426367,50.054816433546584
48197,Hardeman County,TX,Not expanded by 2023,,Remote rural,2023,34.4,-13.800000000000004,23.4,18.7,10.511240230079125,5.39,21.7,20.49,8.310169021981912,9.0,36700.0,4065.0,486.0,-7.867667192713587,-9.410849938946264,-6.32448444648091,38.23686255658804
48199,Hardin County,TX,Not expanded by 2023,,Metro,2023,30.6,-7.600000000000001,20.2,12.0,10.859710283001629,5.56,4.92,14.74,10.920618599336354,2.0,52000.0,55305.0,5436.0,-5.883279073840456,-6.881292126207075,-4.885266021473836,319.8150504539672
48201,Harris County,TX,Not expanded by 2023,,Metro,2023,45.7,-2.8999999999999986,30.3,18.4,10.86919682254001,18.5,41.66,8.98,15.286418778490663,1.0,52500.0,4353187.0,577007.0,-6.9753915687245165,-10.297453050846986,-3.6533300866020424,40248.49762895027
48203,Harrison County,TX,Not expanded by 2023,,"Rural, near a metro",2023,29.4,-7.600000000000001,19.6,18.7,10.686863844288563,21.38,12.02,14.66,11.101447314704936,4.0,43800.0,66267.0,7784.0,-4.974758068214141,-6.306119590758691,-3.643396545669588,387.2351680297887
48205,Hartley County,TX,Not expanded by 2023,,Remote rural,2023,35.3,-7.100000000000001,19.4,10.1,11.075319323529648,7.23,25.52,13.54,8.699348067653093,7.0,64600.0,5999.0,360.0,-6.503166561068507,-7.413495775334418,-5.592837346802611,23.411399619846627
48207,Haskell County,TX,Not expanded by 2023,,"Rural, near a metro",2023,34.9,-4.700000000000003,25.7,23.5,10.447931687925744,3.76,26.17,20.73,8.682877107057168,6.0,34500.0,5901.0,670.0,-8.02248337225063,-10.73736991284974,-5.307596831651517,53.75063859407922
48209,Hays County,TX,Not expanded by 2023,,Metro,2023,31.9,-6.899999999999999,21.0,14.3,10.989689821127556,3.29,36.67,9.61,12.0784381178859,1.0,59300.0,176035.0,27781.0,-6.09949788787186,-7.098503257120613,-5.100492518623106,1694.5015082296816
48211,Hemphill County,TX,Not expanded by 2023,,Remote rural,2023,39.7,-13.0,23.8,8.1,11.143657272173883,0.41,32.03,12.4,8.331586243630754,7.0,69100.0,4153.0,267.0,-9.6602572542122,-10.888069181784157,-8.432445326640224,25.792886868746574
48213,Henderson County,TX,Not expanded by 2023,,"Rural, near a metro",2023,36.3,-1.2000000000000028,26.1,21.8,10.573084592635812,6.28,11.6,20.56,11.273004455916707,4.0,39100.0,78669.0,10992.0,-7.886540872187974,-9.42207387104285,-6.3510078733331,866.8885726709022
48215,Hidalgo County,TX,Not expanded by 2023,,Metro,2023,47.3,-15.300000000000004,35.3,34.0,10.451811252722203,0.39,91.44,9.94,13.615374053130234,2.0,34600.0,818619.0,157956.0,-9.321187059365172,-12.364733419825503,-6.277640698904827,14723.374231490852
48217,Hill County,TX,Not expanded by 2023,,"Rural, near a metro",2023,38.2,-6.5,25.3,17.9,10.602939814230668,6.38,19.23,19.72,10.458837110181584,6.0,40300.0,34851.0,4462.0,-8.363493690596,-10.577954625816197,-6.149032755375808,373.1790884743935
48219,Hockley County,TX,Not expanded by 2023,,"Rural, near a metro",2023,37.6,-10.299999999999997,26.9,17.7,10.82071784288695,3.43,46.25,13.3,10.060833123259906,6.0,50000.0,23408.0,2549.0,-8.671904251224692,-10.860314621355366,-6.483493881094013,221.0468393637174
48221,Hood County,TX,Not expanded by 2023,,Metro,2023,35.9,1.2999999999999972,23.6,14.1,10.986190624738057,0.57,11.36,23.4,10.87540218815828,1.0,59100.0,52860.0,4845.0,-7.720687852356196,-9.094294228550835,-6.34708147616156,374.0673264466577
48223,Hopkins County,TX,Not expanded by 2023,,"Rural, near a metro",2023,39.2,-1.2999999999999972,27.6,18.7,10.642157660894972,6.9,15.74,16.55,10.471609913908228,6.0,41900.0,35299.0,4548.0,-6.954419451888427,-8.46541175005843,-5.443427153718424,316.2869966718857
48225,Houston County,TX,Not expanded by 2023,,Remote rural,2023,31.3,1.9000000000000021,23.3,24.8,10.456711527718735,25.24,10.55,20.91,10.034910473896547,7.0,34800.0,22809.0,2980.0,-5.244527022520498,-7.397133380337065,-3.0919206647039292,156.28690527111084
48227,Howard County,TX,Not expanded by 2023,,"Rural, near a metro",2023,30.3,-4.900000000000002,23.1,17.9,10.750128054053182,5.8,39.93,12.52,10.496399947300228,4.0,46600.0,36185.0,3427.0,-7.335908761915931,-8.793199030384075,-5.878618493447784,251.40159327085897
48229,Hudspeth County,TX,Not expanded by 2023,,Metro,2023,44.2,-9.399999999999999,24.7,32.0,10.353097129628477,0.84,78.89,16.05,8.113426639943654,2.0,31400.0,3339.0,532.0,-10.963186061903125,-12.208905887928807,-9.717466235877449,58.32414984932462
48231,Hunt County,TX,Not expanded by 2023,,Metro,2023,38.8,-0.8000000000000043,25.7,17.9,10.700115984041597,8.04,14.36,15.06,11.37858231438792,1.0,44400.0,87429.0,12707.0,-7.328173980733038,-8.972155317462102,-5.684192644003975,931.1910677317471
48233,Hutchinson County,TX,Not expanded by 2023,,"Rural, near a metro",2023,32.1,-7.399999999999999,22.5,15.5,10.820977564985766,2.21,21.8,15.01,9.995200360459327,6.0,50100.0,21921.0,1830.0,-6.511118822498185,-7.910556710832098,-5.111680934164269,119.15347445171679
48235,Irion County,TX,Not expanded by 2023,,Metro,2023,37.6,-4.199999999999996,23.7,8.8,10.982339213026084,1.24,26.15,19.13,7.383989457978509,3.0,58800.0,1610.0,101.0,-8.43563869381788,-9.820191142190717,-7.051086245445041,8.51999508075606
48237,Jack County,TX,Not expanded by 2023,,"Rural, near a metro",2023,38.8,1.7999999999999972,27.6,17.0,10.823132652222856,3.81,15.48,15.89,9.099520536870939,6.0,50200.0,8951.0,981.0,-7.2342005009288926,-8.986261107901818,-5.482139893955968,70.96750691411245
48239,Jackson County,TX,Not expanded by 2023,,"Rural, near a metro",2023,37.5,-10.100000000000001,26.2,12.7,10.785973279797922,6.63,31.08,16.56,9.589461504744746,6.0,48300.0,14610.0,1553.0,-7.596558907776442,-9.658692639655499,-5.534425175897379,117.97455983776814
48241,Jasper County,TX,Not expanded by 2023,,"Rural, near a metro",2023,27.4,-6.600000000000001,19.2,20.8,10.581876362120529,16.34,6.22,17.74,10.480578330949756,6.0,39400.0,35617.0,4571.0,-5.6324729793092905,-6.549886227190666,-4.715059731427917,257.46033988422766
48243,Jeff Davis County,TX,Not expanded by 2023,,Remote rural,2023,30.8,-29.7,14.2,13.0,10.697249003128666,0.72,34.47,28.96,7.7102051944325325,9.0,44200.0,2231.0,146.0,-6.971183275217851,-8.48704072683437,-5.455325823601337,10.177927581818063
48245,Jefferson County,TX,Not expanded by 2023,,Metro,2023,41.8,-4.400000000000006,28.5,22.7,10.647779266419246,33.69,18.48,13.27,12.441456971933274,2.0,42100.0,253079.0,32274.0,-5.204524877148586,-7.598820835730296,-2.8102289185668723,1679.7083588509345
48247,Jim Hogg County,TX,Not expanded by 2023,,"Rural, near a metro",2023,28.7,-10.500000000000004,23.5,24.0,10.487210415814785,0.46,92.91,16.28,8.56845648535378,6.0,35900.0,5263.0,719.0,-9.545217135893338,-11.126428809452902,-7.964005462333776,68.6301112070731
48249,Jim Wells County,TX,Not expanded by 2023,,"Rural, near a metro",2023,31.1,-5.299999999999997,23.7,22.4,10.627382149044733,0.48,79.73,13.67,10.637800668461894,4.0,41200.0,41681.0,5819.0,-9.316996937906257,-10.769758691098918,-7.8642351847136025,542.1560518167652
48251,Johnson County,TX,Not expanded by 2023,,Metro,2023,38.1,-4.199999999999996,25.7,12.9,10.932392428779417,2.63,19.29,12.92,11.948175886881085,1.0,56000.0,154535.0,18283.0,-7.6567174224222825,-9.085490550086574,-6.227944294757982,1399.8776463414658
48253,Jones County,TX,Not expanded by 2023,,Metro,2023,34.2,4.400000000000002,20.8,24.7,10.612040453245921,11.9,26.57,14.32,9.905685136079615,3.0,40600.0,20044.0,1913.0,-6.380131714110354,-8.72530137343147,-4.0349620547892355,122.05191969093107
48255,Karnes County,TX,Not expanded by 2023,,"Rural, near a metro",2023,33.3,-1.4000000000000057,23.4,23.2,10.678514214406102,7.96,51.54,14.46,9.597437822726162,6.0,43400.0,14727.0,1377.0,-8.466870192787624,-10.975368598656468,-5.958371786918778,116.58880255468559
48257,Kaufman County,TX,Not expanded by 2023,,Metro,2023,41.3,0.8999999999999986,25.1,11.7,11.018694714776075,10.14,18.53,11.34,11.59218016994348,1.0,61000.0,108248.0,16129.0,-8.195728004527426,-9.09151337748859,-7.299942631566262,1321.8889698502287
48259,Kendall County,TX,Not expanded by 2023,,Metro,2023,42.8,-2.9000000000000057,27.8,8.5,11.23664481524289,0.68,21.85,18.02,10.522261341106239,1.0,75900.0,37133.0,2435.0,-9.513061700945595,-10.464808574584058,-8.561314827307132,231.64305241802523
48261,Kenedy County,TX,Not expanded by 2023,,Remote rural,2023,41.1,-24.199999999999996,32.7,18.6,10.547654550874356,1.83,76.26,17.12,6.082218910376446,9.0,38100.0,438.0,56.0,-9.894104759603328,-12.190777839731847,-7.597431679474825,5.540698665377864
48263,Kent County,TX,Not expanded by 2023,,Remote rural,2023,22.0,-9.899999999999999,12.7,14.7,10.622253745713692,1.15,18.03,26.6,6.661854740545311,9.0,41000.0,782.0,59.0,-3.1844576975436887,-3.597655757792468,-2.771259637294914,1.8788300415507762
48265,Kerr County,TX,Not expanded by 2023,,"Rural, near a metro",2023,38.5,-2.5,27.0,15.9,10.65622352450773,1.51,25.13,26.26,10.815509184758076,4.0,42500.0,49787.0,4915.0,-8.781933229950154,-10.796564911351936,-6.767301548548371,431.63201825205005
48267,Kimble County,TX,Not expanded by 2023,,Remote rural,2023,32.4,-4.700000000000003,23.7,21.6,10.545841313750174,0.34,25.11,25.87,8.403128235128264,7.0,38000.0,4461.0,524.0,-8.009091844585663,-9.58349322657845,-6.434690462592878,41.96764126562888
48269,King County,TX,Not expanded by 2023,,Remote rural,2023,44.4,-4.100000000000001,26.7,9.8,10.945176693804617,0.0,14.29,16.12,5.60947179518496,9.0,56700.0,273.0,27.0,-9.842082197088912,-11.211119472941244,-8.473044921236584,2.6573621932140066
48271,Kinney County,TX,Not expanded by 2023,,Remote rural,2023,28.0,-16.6,13.7,19.3,10.627915353129104,1.05,56.99,24.94,8.197538739721184,7.0,41300.0,3632.0,264.0,-8.294615801722122,-10.141760285418357,-6.447471318025891,21.8977857165464
48273,Kleberg County,TX,Not expanded by 2023,,"Rural, near a metro",2023,31.8,-7.199999999999999,22.1,23.9,10.57798693872359,3.51,71.69,12.12,10.374147216543994,4.0,39300.0,32021.0,5123.0,-8.52145885604312,-11.086246005408071,-5.956671706678173,436.55433719508903
48275,Knox County,TX,Not expanded by 2023,,Remote rural,2023,40.4,-5.100000000000001,26.2,21.9,10.446364016467253,5.35,32.4,20.47,8.222016437202196,9.0,34400.0,3722.0,451.0,-9.766998087052572,-10.717230032789104,-8.816766141316037,44.0491613726071
48277,Lamar County,TX,Not expanded by 2023,,Remote rural,2023,30.6,-5.600000000000001,24.1,18.3,10.534573141833395,13.15,6.9,17.8,10.801451367717398,5.0,37600.0,49092.0,6525.0,-6.103895535791353,-7.331784201674358,-4.876006869908348,398.2791837103858
48279,Lamb County,TX,Not expanded by 2023,,"Rural, near a metro",2023,40.3,-4.800000000000004,28.5,20.9,10.510995142050447,3.95,54.02,15.9,9.522446728338489,6.0,36700.0,13663.0,1667.0,-9.504571456877754,-12.252593335126344,-6.756549578629167,158.44120618615216
48281,Lampasas County,TX,Not expanded by 2023,,Metro,2023,36.9,-2.700000000000003,24.2,14.8,10.794378421777552,3.38,18.55,17.09,9.91056246620809,2.0,48700.0,20142.0,2339.0,-8.0679401360628,-9.286887439757926,-6.848992832367674,188.70911978250888
48283,La Salle County,TX,Not expanded by 2023,,"Rural, near a metro",2023,33.1,-4.600000000000001,28.2,27.5,10.477034422194833,0.59,85.17,13.14,8.915163617762142,6.0,35500.0,7444.0,777.0,-9.932391415272424,-12.393833857428406,-7.470948973116442,77.17468129666673
48285,Lavaca County,TX,Not expanded by 2023,,"Rural, near a metro",2023,37.8,-2.6000000000000014,24.4,12.5,10.688005344800624,6.29,17.24,22.2,9.884865228408033,6.0,43800.0,19631.0,1646.0,-8.348116455395608,-10.188155173528607,-6.508077737262611,137.40999685581173
48287,Lee County,TX,Not expanded by 2023,,"Rural, near a metro",2023,40.6,-2.6999999999999957,26.3,13.6,10.860689874916698,10.75,22.84,16.85,9.713839220355712,6.0,52100.0,16545.0,1937.0,-7.690746935354715,-10.665610955728127,-4.7158829149812895,148.96976813782084
48289,Leon County,TX,Not expanded by 2023,,"Rural, near a metro",2023,38.8,-4.200000000000003,26.6,16.7,10.683202261599535,7.01,14.08,22.77,9.718362068409439,8.0,43600.0,16620.0,1774.0,-7.974226166413548,-9.805871047768605,-6.142581285058483,141.46277219217635
48291,Liberty County,TX,Not expanded by 2023,,Metro,2023,45.0,-0.8999999999999986,30.4,20.3,10.740215461573598,10.31,19.72,12.28,11.249597736520336,1.0,46200.0,76849.0,13532.0,-5.7319203760286666,-8.168242751362092,-3.2955980006952426,775.6434652841991
48293,Limestone County,TX,Not expanded by 2023,,"Rural, near a metro",2023,34.4,-4.899999999999999,22.7,21.4,10.50608072475522,17.14,20.41,17.35,10.06219924369095,6.0,36500.0,23440.0,3024.0,-6.167872074989229,-7.395299890506975,-4.940444259471483,186.5164515476743
48295,Lipscomb County,TX,Not expanded by 2023,,Remote rural,2023,40.3,-9.0,26.5,10.8,10.941712691189142,0.54,32.01,14.15,8.157657015196472,9.0,56500.0,3490.0,303.0,-10.48142331198599,-11.685856867983874,-9.276989755988106,31.75871263531755
48297,Live Oak County,TX,Not expanded by 2023,,"Rural, near a metro",2023,36.4,-3.5,26.6,17.6,10.814283214128304,4.17,36.83,19.35,9.377294451639015,8.0,49700.0,11817.0,1100.0,-7.8302311176654165,-9.57178678072911,-6.088675454601734,86.13254229431958
48299,Llano County,TX,Not expanded by 2023,,Remote rural,2023,36.4,-0.7000000000000028,24.8,15.5,10.729175009727363,0.83,8.9,33.69,9.878631176537262,7.0,45700.0,19509.0,1762.0,-9.017929824767357,-10.3114416551218,-7.724417994412914,158.89592351240083
48301,Loving County,TX,Not expanded by 2023,,Remote rural,2023,0.0,-72.7,8.3,12.6,10.701152393651311,0.0,17.92,12.26,4.663439094112067,9.0,44400.0,106.0,2.0,-3.113777923967865,-4.286427428947898,-1.9411284189878346,0.062275558479357306
48303,Lubbock County,TX,Not expanded by 2023,,Metro,2023,28.6,-4.0,20.2,17.8,10.741232788688686,7.17,33.41,11.5,12.575962388124418,2.0,46200.0,289515.0,45780.0,-4.88592672359453,-5.6295983968768155,-4.142255050312243,2236.7772540615756
48305,Lynn County,TX,Not expanded by 2023,,Metro,2023,32.5,-11.0,20.5,19.5,10.53683164872532,2.06,46.72,16.6,8.653121708640482,2.0,37700.0,5728.0,573.0,-8.466695652764784,-10.193613356006637,-6.739777949522924,48.514166090342215
48307,McCulloch County,TX,Not expanded by 2023,,Remote rural,2023,36.4,-5.200000000000003,26.0,21.2,10.556021050210775,1.95,30.9,21.24,9.017119634313227,7.0,38400.0,8243.0,901.0,-8.959424234096307,-10.252250099038786,-7.6665983691538315,80.72441234920773
48309,McLennan County,TX,Not expanded by 2023,,Metro,2023,31.6,-6.699999999999996,23.3,20.9,10.622935807515445,14.26,24.77,13.08,12.394388699371797,2.0,41100.0,241443.0,36097.0,-4.621606297707775,-5.737725327706181,-3.505487267709364,1668.2612252835754
48311,McMullen County,TX,Not expanded by 2023,,Remote rural,2023,36.4,-12.200000000000003,23.3,8.7,10.94528254564742,1.18,36.71,22.24,6.633318433280377,9.0,56700.0,760.0,44.0,-7.997072843631764,-9.898655224742473,-6.095490462521045,3.5187120511979764
48313,Madison County,TX,Not expanded by 2023,,"Rural, near a metro",2023,39.2,3.1000000000000014,27.1,22.9,10.53102897599808,19.49,21.88,14.75,9.53387209732166,6.0,37500.0,13820.0,1464.0,-5.615556880053376,-8.80110684987527,-2.4300069102314716,82.21175272398142
48315,Marion County,TX,Not expanded by 2023,,"Rural, near a metro",2023,29.4,-1.8000000000000007,20.8,24.4,10.493771097636834,21.78,3.68,23.23,9.237663667625073,8.0,36100.0,10277.0,1332.0,-6.689363236583634,-8.178934957700172,-5.19979151546709,89.10231831129401
48317,Martin County,TX,Not expanded by 2023,,Metro,2023,41.2,-7.399999999999999,25.6,13.0,10.819858281210454,1.48,45.13,11.63,8.570165076182343,3.0,50000.0,5272.0,352.0,-10.312788447200766,-11.719483564703944,-8.906093329697596,36.3010153341467
48319,Mason County,TX,Not expanded by 2023,,Remote rural,2023,36.7,-13.299999999999997,24.6,15.2,10.647494183386883,0.46,23.37,26.84,8.323608442343572,9.0,42100.0,4120.0,379.0,-9.444423466047105,-10.506695158226382,-8.38215177386783,35.79436493631853
48321,Matagorda County,TX,Not expanded by 2023,,"Rural, near a metro",2023,39.0,-5.200000000000003,27.3,20.4,10.646281672985488,10.58,40.12,15.43,10.505067539570582,4.0,42000.0,36500.0,4586.0,-7.802748918902257,-10.103452455365568,-5.502045382438946,357.8340654208575
48323,Maverick County,TX,Not expanded by 2023,,Remote rural,2023,39.3,-16.1,30.4,24.4,10.375769833681609,0.22,95.46,10.86,10.942562128488042,5.0,32100.0,56532.0,8512.0,-10.973717008679781,-12.272159212226331,-9.675274805133252,934.082791778823
48325,Medina County,TX,Not expanded by 2023,,Metro,2023,34.9,-2.5,22.9,18.0,10.891428954153636,2.15,50.61,15.1,10.762953932412522,1.0,53700.0,47238.0,4559.0,-8.75506321294621,-9.924617534011627,-7.585508891880793,399.1433318782177
48327,Menard County,TX,Not expanded by 2023,,Remote rural,2023,33.3,-8.600000000000001,26.3,23.7,10.354244649836,0.84,36.03,28.69,7.667158255319148,9.0,31400.0,2137.0,249.0,-8.553317111260629,-10.739224091932588,-6.3674101305886595,21.297759607038966
48329,Midland County,TX,Not expanded by 2023,,Metro,2023,37.0,-11.399999999999999,25.1,10.5,11.172559658233004,6.01,40.93,10.44,11.933975166638037,3.0,71200.0,152356.0,13384.0,-7.695505017839055,-9.482183643707446,-5.9088263919706625,1029.9663915875792
48331,Milam County,TX,Not expanded by 2023,,"Rural, near a metro",2023,32.9,-4.0,22.6,17.4,10.599630242075872,9.28,24.83,18.95,10.089552095608918,6.0,40100.0,24090.0,2967.0,-6.845628932037401,-8.358706945818646,-5.332550918256154,203.1098104135497
48333,Mills County,TX,Not expanded by 2023,,Remote rural,2023,35.0,-10.200000000000003,23.1,17.2,10.604553298340369,0.62,17.49,24.4,8.491259809389733,9.0,40300.0,4872.0,474.0,-8.51385538128402,-9.68075731691323,-7.346953445654812,40.35567450728626
48335,Mitchell County,TX,Not expanded by 2023,,Remote rural,2023,28.7,-3.6999999999999993,18.4,22.3,10.772204380296632,10.3,38.89,13.98,9.104868739033948,7.0,47700.0,8999.0,839.0,-6.024914344918174,-8.0106345767031,-4.039194113133251,50.54903135386348
48337,Montague County,TX,Not expanded by 2023,,"Rural, near a metro",2023,35.4,-2.8999999999999986,26.4,15.9,10.63383417408518,0.4,10.24,20.69,9.872358017339208,6.0,41500.0,19387.0,2263.0,-9.335961696014893,-11.18479487390225,-7.487128518127537,211.27281318081702
48339,Montgomery County,TX,Not expanded by 2023,,Metro,2023,45.7,0.8000000000000043,28.3,11.8,11.146445465339667,4.21,21.98,11.71,13.11914219496219,1.0,69300.0,498392.0,55051.0,-7.709534939261207,-9.754540660724011,-5.664529217798413,4244.176079412688
48341,Moore County,TX,Not expanded by 2023,,Remote rural,2023,47.0,-13.600000000000001,34.3,14.9,10.757711372994065,2.43,53.03,10.08,10.005412172258053,7.0,47000.0,22146.0,2274.0,-8.779600202016878,-10.710173708565263,-6.849026695468491,199.6481085938638
48343,Morris County,TX,Not expanded by 2023,,"Rural, near a metro",2023,29.5,-3.8999999999999986,20.8,21.0,10.50138955117934,22.33,8.44,20.04,9.447781227991216,6.0,36400.0,12680.0,1822.0,-5.756781311049641,-6.739126311099864,-4.774436310999427,104.88855548732447
48345,Motley County,TX,Not expanded by 2023,,Remote rural,2023,26.9,-5.399999999999999,16.1,19.6,10.522961281909057,2.01,15.27,27.68,7.083387847625295,9.0,37200.0,1192.0,145.0,-4.966344697608027,-5.994636989806621,-3.938052405409433,7.201199811531638
48347,Nacogdoches County,TX,Not expanded by 2023,,Remote rural,2023,36.6,-5.0,26.0,26.4,10.512573545469639,17.83,18.46,12.62,11.085107380187846,5.0,36800.0,65193.0,10334.0,-5.449340141464944,-8.211992518412831,-2.6866877645170564,563.1348102189874
48349,Navarro County,TX,Not expanded by 2023,,"Rural, near a metro",2023,40.3,-2.9000000000000057,28.9,23.3,10.556411517605202,13.38,25.1,15.65,10.779706008780574,4.0,38400.0,48036.0,7252.0,-6.6851689517781026,-9.244717848887872,-4.125620054668334,484.808452382948
48351,Newton County,TX,Not expanded by 2023,,Metro,2023,32.6,-2.0,23.3,19.4,10.559555724854652,20.19,3.26,17.92,9.570877846729212,2.0,38500.0,14341.0,1639.0,-6.629600878095932,-7.5277916624632075,-5.731410093728656,108.65915839199232
48353,Nolan County,TX,Not expanded by 2023,,"Rural, near a metro",2023,30.6,-7.5,21.8,21.5,10.486987263791542,4.42,35.38,17.02,9.620328568811932,6.0,35800.0,15068.0,1975.0,-6.580298387768296,-7.6116397675276914,-5.548957008008898,129.96089315842386
48355,Nueces County,TX,Not expanded by 2023,,Metro,2023,35.2,-5.099999999999994,25.1,18.2,10.785683610639454,3.55,62.17,12.8,12.774070349709392,2.0,48300.0,352946.0,41837.0,-8.516779991189482,-11.297446819090606,-5.736113163288358,3563.1652449139438
48357,Ochiltree County,TX,Not expanded by 2023,,Remote rural,2023,48.7,-9.0,33.2,10.6,11.012874914372196,0.45,51.56,10.14,9.27837278236801,7.0,60600.0,10704.0,1020.0,-9.054433588562723,-10.386490304284154,-7.722376872841297,92.35522260333977
48359,Oldham County,TX,Not expanded by 2023,,Metro,2023,38.7,-2.0,21.7,14.2,10.867253298434472,3.11,14.66,13.36,7.643961949002529,2.0,52400.0,2088.0,168.0,-8.942295006269745,-10.542034525703965,-7.342555486835531,15.023055610533174
48361,Orange County,TX,Not expanded by 2023,,Metro,2023,31.9,-2.700000000000003,21.3,15.1,10.84622545442513,8.37,6.65,14.69,11.324316181791085,2.0,51300.0,82811.0,9018.0,-5.926972347405041,-7.18540360599746,-4.668541088812623,534.4943662889866
48363,Palo Pinto County,TX,Not expanded by 2023,,"Rural, near a metro",2023,39.2,1.9000000000000057,27.0,17.6,10.588098402073786,2.16,19.51,17.94,10.235880049754966,6.0,39700.0,27886.0,3708.0,-8.040653691167826,-9.579610395439865,-6.501696986895795,298.147438868503
48365,Panola County,TX,Not expanded by 2023,,"Rural, near a metro",2023,34.5,-4.899999999999999,23.1,13.3,10.815609607538063,15.8,8.43,16.33,10.077020603297003,6.0,49800.0,23790.0,2267.0,-6.926279996068825,-7.784949836313127,-6.067610155824526,157.01876751088025
48367,Parker County,TX,Not expanded by 2023,,Metro,2023,36.4,-5.600000000000001,24.7,11.8,11.02188612849764,1.34,10.79,14.14,11.693453748143089,1.0,61200.0,119785.0,11108.0,-7.951026454143868,-9.05338933214891,-6.848663576138843,883.2000185263009
48369,Parmer County,TX,Not expanded by 2023,,Remote rural,2023,47.7,-5.399999999999999,33.5,14.9,10.640268770116135,1.0,61.45,12.42,9.208939391060555,7.0,41800.0,9986.0,1103.0,-10.262676089051048,-12.164073896458465,-8.361278281643624,113.19731726223306
48371,Pecos County,TX,Not expanded by 2023,,Remote rural,2023,36.9,-10.5,27.3,18.1,10.686612539214305,3.61,67.99,12.23,9.658864969544794,7.0,43800.0,15660.0,1558.0,-8.94743992585674,-11.657940427820384,-6.236939423893096,139.40111404484801
48373,Polk County,TX,Not expanded by 2023,,"Rural, near a metro",2023,30.5,-2.200000000000003,24.9,18.3,10.592450993449742,10.89,14.28,19.02,10.725951004566129,6.0,39800.0,45522.0,6132.0,-5.608548676920327,-8.466634102941107,-2.7504632508995512,343.91620486875445
48375,Potter County,TX,Not expanded by 2023,,Metro,2023,39.2,-5.0,30.1,22.1,10.528516479019784,9.9,36.78,11.19,11.712816765874242,2.0,37400.0,122127.0,16974.0,-7.875336975227363,-9.301375665113554,-6.449298285341159,1336.7596981750924
48377,Presidio County,TX,Not expanded by 2023,,Remote rural,2023,46.9,-15.100000000000001,34.7,23.3,10.39714667138021,0.6,82.76,20.63,8.90734159541251,7.0,32800.0,7386.0,732.0,-10.89548028105253,-12.629683217268797,-9.161277344836272,79.75491565730452
48379,Rains County,TX,Not expanded by 2023,,"Rural, near a metro",2023,35.1,-5.299999999999997,25.4,18.0,10.649772575258925,2.39,8.24,23.09,9.308646060760307,8.0,42200.0,11033.0,1378.0,-8.51374848753523,-9.66282874306891,-7.364668232001545,117.31945415823546
48381,Randall County,TX,Not expanded by 2023,,Metro,2023,34.1,-2.1999999999999957,19.6,11.0,11.009389870915584,2.63,18.48,13.31,11.749995589812386,2.0,60400.0,126753.0,11867.0,-6.281639872338609,-7.189033850230303,-5.374245894446914,745.4422036504227
48383,Reagan County,TX,Not expanded by 2023,,"Rural, near a metro",2023,39.1,-16.199999999999996,22.1,9.9,11.030428113191096,2.2,65.35,10.49,8.197814032221203,6.0,61700.0,3633.0,307.0,-8.833957740066786,-10.51475188210979,-7.153163598023779,27.120250262005033
48385,Real County,TX,Not expanded by 2023,,Remote rural,2023,30.9,-11.700000000000003,22.6,21.6,10.450336475478775,0.69,27.46,27.82,8.10711747075039,9.0,34600.0,3318.0,353.0,-7.98102775342794,-10.254812061540523,-5.707243445315346,28.17302796960063
48387,Red River County,TX,Not expanded by 2023,,"Rural, near a metro",2023,31.2,-0.6999999999999993,24.5,19.7,10.354849755031296,17.07,6.72,22.65,9.432443382115146,6.0,31400.0,12487.0,1699.0,-5.835317823220732,-7.686842032790394,-3.9837936136510743,99.14204981652024
48389,Reeves County,TX,Not expanded by 2023,,Remote rural,2023,38.4,-6.700000000000003,27.7,27.4,10.520104599106125,5.02,74.51,12.19,9.581490049669227,7.0,37100.0,14494.0,1328.0,-9.930079117032887,-11.632385178538097,-8.227773055527688,131.87145067419675
48391,Refugio County,TX,Not expanded by 2023,,"Rural, near a metro",2023,28.9,-4.800000000000004,21.2,16.1,10.719162052375765,5.72,48.61,20.9,8.892748769118258,6.0,45200.0,7279.0,819.0,-7.803416967581316,-9.134910123018248,-6.471923812144377,63.909984964490974
48393,Roberts County,TX,Not expanded by 2023,,Remote rural,2023,29.4,-4.399999999999999,18.2,8.7,11.158063162917404,0.11,11.21,17.95,6.823286122355687,9.0,70100.0,919.0,68.0,-5.290884023590946,-5.898911416923515,-4.682856630258378,3.5978011360418436
48395,Robertson County,TX,Not expanded by 2023,,Metro,2023,32.7,-3.299999999999997,23.0,22.8,10.612286601034295,20.39,19.3,18.01,9.706925073451831,3.0,40600.0,16431.0,2028.0,-5.435496576729158,-6.934446348712951,-3.9365468047453653,110.23187057606732
48397,Rockwall County,TX,Not expanded by 2023,,Metro,2023,38.1,-4.699999999999996,20.9,6.6,11.434596288363432,5.67,16.6,10.9,11.346516626636323,1.0,92500.0,84670.0,5686.0,-7.464783513226614,-8.437147749522,-6.492419276931232,424.4475905620653
48399,Runnels County,TX,Not expanded by 2023,,"Rural, near a metro",2023,35.3,-5.100000000000001,25.0,18.7,10.512410377841734,1.79,33.19,20.1,9.229750765496005,6.0,36800.0,10196.0,1065.0,-8.540637609031664,-10.645959309192174,-6.435315908871163,90.95779053618723
48401,Rusk County,TX,Not expanded by 2023,,Metro,2023,34.9,-9.0,23.1,21.5,10.6998454395692,17.02,15.52,14.93,10.88429180523535,3.0,44300.0,53332.0,5404.0,-6.312746328318051,-7.592841143034399,-5.0326515136017,341.14081158230744
48403,Sabine County,TX,Not expanded by 2023,,"Rural, near a metro",2023,29.7,-3.5000000000000036,22.2,18.0,10.53412082770683,7.03,3.46,29.22,9.251866118804681,8.0,37600.0,10424.0,1224.0,-6.760623773825256,-7.812149219883782,-5.70909832776673,82.75003499162113
48405,San Augustine County,TX,Not expanded by 2023,,Remote rural,2023,34.3,0.09999999999999432,22.9,23.4,10.377856639291503,22.59,6.8,24.07,9.06681636189014,9.0,32100.0,8663.0,1146.0,-7.369312374695869,-8.993230725039751,-5.745394024351988,84.45231981401466
48407,San Jacinto County,TX,Not expanded by 2023,,"Rural, near a metro",2023,38.7,-2.0,25.1,22.8,10.65301506653218,10.01,11.65,19.27,10.193579219581707,8.0,42300.0,26731.0,3444.0,-8.73215756400192,-11.263181716033266,-6.201133411970581,300.7355065042261
48409,San Patricio County,TX,Not expanded by 2023,,Metro,2023,33.5,-7.700000000000003,23.5,16.2,10.753232416566384,1.5,55.61,13.62,11.09943826575915,2.0,46800.0,66134.0,8839.0,-9.121255386908919,-10.913774615880257,-7.328736157937576,806.2277636488793
48411,San Saba County,TX,Not expanded by 2023,,Remote rural,2023,41.0,-4.0,29.0,22.7,10.492107203742139,3.34,28.84,20.84,8.692825760059396,7.0,36000.0,5960.0,680.0,-9.099421926142881,-10.400722868263514,-7.798120984022238,61.87606909777159
48413,Schleicher County,TX,Not expanded by 2023,,"Rural, near a metro",2023,37.7,-12.5,24.4,13.7,10.827786135811811,1.22,50.33,14.89,8.068089626278244,8.0,50400.0,3191.0,252.0,-9.253022928825422,-10.650579885967119,-7.855465971683724,23.317617780640063
48415,Scurry County,TX,Not expanded by 2023,,Remote rural,2023,34.5,-6.399999999999999,24.3,15.0,10.882170754426548,4.42,38.57,13.96,9.756841972194643,7.0,53200.0,17272.0,1602.0,-7.507492137680503,-8.97900461936213,-6.035979655998876,120.27002404564165
48417,Shackelford County,TX,Not expanded by 2023,,"Rural, near a metro",2023,29.9,-8.0,20.4,14.7,10.841852838728594,0.71,11.14,18.46,8.12415060330663,8.0,51100.0,3375.0,324.0,-5.8329840856233055,-6.3882093867975325,-5.27775878444908,18.898868437419512
48419,Shelby County,TX,Not expanded by 2023,,Remote rural,2023,36.5,-8.700000000000003,26.6,21.0,10.506846777705052,17.15,17.1,16.02,10.16496681011591,7.0,36600.0,25977.0,3498.0,-5.977680035656509,-8.349795214892378,-3.605564856420639,209.0992476472647
48421,Sherman County,TX,Not expanded by 2023,,Remote rural,2023,46.1,-12.699999999999996,32.3,12.6,10.780080657551737,0.75,42.96,13.55,8.029432840581244,9.0,48100.0,3070.0,295.0,-10.214305792445842,-11.2807580414039,-9.147853543487791,30.132202087715235
48423,Smith County,TX,Not expanded by 2023,,Metro,2023,36.6,-7.299999999999997,25.5,16.8,10.77291725825696,17.48,18.33,15.12,12.285230346316002,3.0,47700.0,216475.0,26084.0,-4.900883954017056,-6.929111325654588,-2.872656582379524,1278.3465705658089
48425,Somervell County,TX,Not expanded by 2023,,Metro,2023,37.1,-3.6000000000000014,20.3,11.5,10.938130047199616,0.83,19.13,16.78,9.055556158175316,1.0,56300.0,8566.0,757.0,-7.6991859576281225,-9.339865736325267,-6.058506178930972,58.28283769924489
48427,Starr County,TX,Not expanded by 2023,,"Rural, near a metro",2023,44.6,-8.199999999999996,29.7,36.3,10.142819364046863,0.08,95.9,10.71,11.041016020812398,4.0,25400.0,62381.0,12450.0,-10.70347589059654,-12.3214265667013,-9.085525214491781,1332.582748379269
48429,Stephens County,TX,Not expanded by 2023,,Remote rural,2023,33.7,-6.799999999999997,23.9,19.9,10.686909529335855,2.35,22.47,18.71,9.145375093123823,7.0,43800.0,9371.0,1096.0,-7.331446089356856,-9.138163178425296,-5.524729000288427,80.35264913935114
48431,Sterling County,TX,Not expanded by 2023,,"Rural, near a metro",2023,39.6,-11.0,22.0,12.9,10.95546235835288,1.14,37.67,15.79,7.113956109566034,8.0,57300.0,1229.0,106.0,-9.5559586199836,-12.392277827285639,-6.71963941268156,10.129316137182617
48433,Stonewall County,TX,Not expanded by 2023,,Remote rural,2023,31.0,-7.799999999999997,21.2,15.8,10.64917974375984,3.31,15.94,24.33,7.257002707092073,9.0,42200.0,1418.0,113.0,-6.287185703117544,-7.049515808721422,-5.524855597513671,7.104519844522825
48435,Sutton County,TX,Not expanded by 2023,,Remote rural,2023,40.9,-9.399999999999999,27.3,13.0,10.986952361874025,0.23,61.65,15.12,8.289539484624141,7.0,59100.0,3982.0,308.0,-10.469132833198639,-12.563715796078906,-8.374549870318372,32.24492912625181
48437,Swisher County,TX,Not expanded by 2023,,"Rural, near a metro",2023,38.0,-10.200000000000003,26.2,21.0,10.480129006333248,7.01,42.44,17.15,8.951569643018821,6.0,35600.0,7720.0,936.0,-9.029249294040474,-10.530423241778765,-7.528075346302172,84.51377339221884
48439,Tarrant County,TX,Not expanded by 2023,,Metro,2023,39.9,-7.200000000000003,26.3,15.2,10.949156062709815,15.2,27.59,9.86,14.464061442781697,1.0,56900.0,1912767.0,198035.0,-6.223445675695292,-7.679293483958466,-4.767597867432119,12324.60064386317
48441,Taylor County,TX,Not expanded by 2023,,Metro,2023,30.6,-2.799999999999997,21.3,17.0,10.69378412959488,6.99,23.08,13.69,11.805050154369221,3.0,44100.0,133927.0,17582.0,-5.738627215758713,-6.912117621752012,-4.565136809765415,1008.965437074697
48443,Terrell County,TX,Not expanded by 2023,,Remote rural,2023,26.3,-12.7,12.7,18.6,10.510858956074669,0.79,50.51,23.91,6.792344427470809,9.0,36700.0,891.0,76.0,-6.959955426508597,-9.467671429034297,-4.452239423982894,5.289566124146534
48445,Terry County,TX,Not expanded by 2023,,"Rural, near a metro",2023,42.5,-3.6000000000000014,30.2,22.4,10.531802835594531,4.01,52.65,14.58,9.450380370950123,6.0,37500.0,12713.0,1639.0,-9.234075784821917,-11.231658513514425,-7.236493056129397,151.34650211323122
48447,Throckmorton County,TX,Not expanded by 2023,,Remote rural,2023,31.5,-4.899999999999999,22.2,15.1,10.635422660303334,0.81,11.58,25.4,7.381501894506707,9.0,41600.0,1606.0,168.0,-6.97033405084522,-8.372645326919477,-5.56802277477096,11.71016120541997
48449,Titus County,TX,Not expanded by 2023,,Remote rural,2023,42.3,-8.700000000000003,30.2,20.8,10.609081944147828,9.42,41.11,12.57,10.391668714817564,7.0,40500.0,32587.0,4081.0,-8.387067385144855,-10.150465369190403,-6.623669401099314,342.2762199877615
48451,Tom Green County,TX,Not expanded by 2023,,Metro,2023,34.8,-0.7000000000000028,23.9,14.5,10.723377510123928,3.79,37.51,14.37,11.649900919997306,3.0,45400.0,114680.0,12647.0,-7.368775088596023,-8.692106459923613,-6.045443717268443,931.9289854547391
48453,Travis County,TX,Not expanded by 2023,,Metro,2023,30.6,-3.8999999999999986,21.6,15.9,11.008280700279318,8.07,33.84,8.15,13.930844374508485,1.0,60400.0,1122248.0,120076.0,-5.548702887836079,-6.69988670107045,-4.397519074601715,6662.66047959805
48455,Trinity County,TX,Not expanded by 2023,,Remote rural,2023,30.6,-2.3999999999999986,20.5,20.9,10.41771737543568,9.37,8.94,24.72,9.578103612900335,7.0,33400.0,14445.0,1918.0,-5.941967274359405,-7.350023070557418,-4.53391147816139,113.9669323222134
48457,Tyler County,TX,Not expanded by 2023,,"Rural, near a metro",2023,31.1,-1.2999999999999972,22.7,20.9,10.620985823959904,10.64,7.08,20.45,9.976180237929569,6.0,41000.0,21508.0,2362.0,-6.468212670668541,-7.288115107740557,-5.648310233596526,152.77918328119094
48459,Upshur County,TX,Not expanded by 2023,,Metro,2023,28.3,-7.599999999999998,19.6,18.1,10.746971004451137,8.49,7.29,16.93,10.590541205207513,3.0,46500.0,39757.0,5525.0,-5.3968869718047925,-6.4178936158322974,-4.375880327777289,298.17800519221475
48461,Upton County,TX,Not expanded by 2023,,"Rural, near a metro",2023,36.8,-15.0,23.9,13.8,10.906854659287504,1.62,51.54,14.15,8.12740456269308,8.0,54500.0,3386.0,299.0,-8.79283081011559,-9.811892654731874,-7.773768965499312,26.29056412224561
48463,Uvalde County,TX,Not expanded by 2023,,"Rural, near a metro",2023,36.2,-6.799999999999997,27.7,24.8,10.486066234965218,0.53,70.31,15.6,10.200030253420106,6.0,35800.0,26904.0,3645.0,-10.345854986863793,-12.467888721700739,-8.223821252026838,377.10641427118526
48465,Val Verde County,TX,Not expanded by 2023,,Remote rural,2023,34.4,-14.0,23.3,23.9,10.562172679540971,1.2,80.48,13.34,10.800473133352277,5.0,38600.0,49044.0,5924.0,-9.83827301918503,-11.382551250568968,-8.293994787801099,582.8192936565212
48467,Van Zandt County,TX,Not expanded by 2023,,"Rural, near a metro",2023,37.6,-0.29999999999999716,26.7,16.2,10.674058630060877,2.68,9.75,19.36,10.865286879641049,6.0,43200.0,52328.0,6856.0,-8.547198741275535,-10.759809330426798,-6.334588152124273,585.9959457018507
48469,Victoria County,TX,Not expanded by 2023,,Metro,2023,32.5,-8.799999999999997,25.0,15.8,10.850191090818479,5.88,45.24,14.23,11.408298013888231,3.0,51500.0,90066.0,10983.0,-7.627010171962338,-9.854233418276106,-5.399786925648572,837.6745271866235
48471,Walker County,TX,Not expanded by 2023,,"Rural, near a metro",2023,32.4,5.599999999999998,20.4,25.5,10.598932092144757,22.47,17.4,11.26,11.147699781721562,4.0,40100.0,69404.0,10876.0,-4.6933220830860565,-6.463404444986963,-2.9232397211851495,510.4457097564395
48473,Waller County,TX,Not expanded by 2023,,Metro,2023,43.9,-9.100000000000001,28.5,19.4,10.806206604380188,26.14,28.74,11.24,10.723443579959769,1.0,49300.0,45408.0,6091.0,-6.418367427251525,-8.079656048705878,-4.757078805797171,390.9427599938903
48475,Ward County,TX,Not expanded by 2023,,"Rural, near a metro",2023,36.8,-10.600000000000001,27.1,13.7,10.84009058572216,3.95,50.5,14.02,9.324115386235027,6.0,51000.0,11205.0,1074.0,-8.410477279703462,-10.485140125404838,-6.335814434002087,90.32852598401519
48477,Washington County,TX,Not expanded by 2023,,"Rural, near a metro",2023,33.7,-4.199999999999996,23.0,14.2,10.809162131947094,17.31,14.82,19.43,10.440010162389305,6.0,49500.0,34201.0,3190.0,-6.265670498453269,-7.220130237910492,-5.311210758996042,199.87488890065927
48479,Webb County,TX,Not expanded by 2023,,Metro,2023,47.1,-12.899999999999999,36.6,30.6,10.5623537991192,0.26,95.49,8.3,12.48533184497087,2.0,38700.0,264430.0,39897.0,-9.41288609616356,-12.300410749631853,-6.525361442695273,3755.459165786375
48481,Wharton County,TX,Not expanded by 2023,,"Rural, near a metro",2023,36.8,-9.300000000000004,26.4,18.7,10.665740931494621,13.37,39.12,15.21,10.624298537078547,4.0,42900.0,41122.0,4920.0,-7.100097617636305,-9.314709766887614,-4.885485468384999,349.3248027877062
48483,Wheeler County,TX,Not expanded by 2023,,Remote rural,2023,42.6,-8.299999999999997,29.5,13.1,10.857497871437298,2.29,26.28,17.2,8.651024539049757,9.0,51900.0,5716.0,596.0,-7.893974292261012,-10.039283760749406,-5.7486648237726286,47.04808678187563
48485,Wichita County,TX,Not expanded by 2023,,Metro,2023,31.5,-1.8999999999999986,21.9,19.5,10.679895334714034,10.19,17.91,13.39,11.792010690196491,3.0,43500.0,132192.0,15125.0,-5.496025595297816,-6.631318756418132,-4.360732434177504,831.2738712887947
48487,Wilbarger County,TX,Not expanded by 2023,,"Rural, near a metro",2023,31.3,-8.8,25.5,17.5,10.541122023165814,7.38,28.04,16.71,9.488275092973083,6.0,37800.0,13204.0,1871.0,-6.686782857984675,-7.86684786848867,-5.506717847480681,125.10970727289329
48489,Willacy County,TX,Not expanded by 2023,,"Rural, near a metro",2023,37.6,-6.799999999999997,25.0,43.1,10.273152756513104,1.82,87.68,12.58,9.999660995984785,6.0,28900.0,22019.0,3094.0,-10.328672150568565,-12.594376367884028,-8.062967933253095,319.56911633859136
48491,Williamson County,TX,Not expanded by 2023,,Metro,2023,35.2,-7.099999999999994,20.7,7.8,11.173978167912376,5.98,23.74,10.35,13.060524143244882,1.0,71300.0,470017.0,38274.0,-6.10066362862173,-7.139673599794258,-5.0616536574492015,2334.967997218681
48493,Wilson County,TX,Not expanded by 2023,,Metro,2023,33.9,-8.399999999999999,19.8,11.3,11.016068490431634,1.46,38.78,13.88,10.719228401304807,1.0,60800.0,45217.0,3911.0,-7.3298223711890484,-8.795079241710432,-5.864565500667665,286.6693529372037
48495,Winkler County,TX,Not expanded by 2023,,"Rural, near a metro",2023,40.0,-11.299999999999997,27.0,14.5,10.902169002579189,1.87,57.29,11.51,8.940498217652733,6.0,54300.0,7635.0,623.0,-9.769341826646908,-11.455060639230618,-8.083623014063207,60.86299958001024
48497,Wise County,TX,Not expanded by 2023,,Metro,2023,38.9,-11.700000000000003,26.3,11.3,10.974934173131468,1.15,18.2,13.97,11.018940570066889,1.0,58400.0,61019.0,6178.0,-9.034447625005509,-11.17402844834356,-6.894866801667459,558.1481742728404
48499,Wood County,TX,Not expanded by 2023,,"Rural, near a metro",2023,33.7,-4.699999999999996,26.2,15.7,10.731231183345313,4.73,9.26,25.88,10.653629244615882,6.0,45800.0,42346.0,5158.0,-7.413409262115045,-8.177310223020358,-6.6495083012097425,382.383649739894
48501,Yoakum County,TX,Not expanded by 2023,,Remote rural,2023,45.6,-18.9,32.9,12.6,10.968112078915977,0.8,63.11,11.54,9.014568767457824,7.0,58000.0,8222.0,697.0,-10.513995692254355,-12.091645058300282,-8.936346326208428,73.28254997501286
48503,Young County,TX,Not expanded by 2023,,Remote rural,2023,39.9,1.0,26.6,18.2,10.70036391885855,1.25,17.23,19.0,9.817602813378958,7.0,44400.0,18354.0,2019.0,-9.364684373638486,-10.576396542957603,-8.152972204319367,189.07297750376105
48505,Zapata County,TX,Not expanded by 2023,,"Rural, near a metro",2023,47.0,-8.0,30.7,29.5,10.448888500941809,0.18,93.69,11.37,9.573941275985648,6.0,34500.0,14385.0,2313.0,-10.981625569837561,-12.600388910202025,-9.362862229473102,254.0049994303428
48507,Zavala County,TX,Not expanded by 2023,,Remote rural,2023,29.9,-9.200000000000003,19.7,33.4,10.138203880202953,0.37,93.31,12.69,9.40878131065002,7.0,25300.0,12195.0,1635.0,-9.055533189255414,-11.230069002751087,-6.880997375759753,148.057967644326
49001,Beaver County,UT,Expanded 2019-2022,2020.0,Remote rural,2019,26.5,-1.8000000000000007,15.8,10.6,10.739392184451031,0.15,10.35,13.33,8.772920092626467,7.0,46100.0,6457.0,656.0,-4.4996017173365885,-4.972884686589045,-4.026318748084129,29.51738726572802
49003,Box Elder County,UT,Expanded 2019-2022,2020.0,Metro,2019,24.7,3.0,13.5,10.4,11.008280700279318,0.35,8.91,11.86,10.834213592206538,2.0,60400.0,50727.0,4501.0,-3.1556779471668217,-4.022337658997832,-2.2890182353358126,142.03706440197865
49005,Cache County,UT,Expanded 2019-2022,2020.0,Metro,2019,19.0,-1.1000000000000014,12.1,14.2,10.81085862223563,0.57,10.25,8.26,11.670142866168272,3.0,49600.0,117025.0,15846.0,-1.8603644961426038,-2.8052792228182835,-0.9154497694669246,294.793358058757
49007,Carbon County,UT,Expanded 2019-2022,2020.0,Remote rural,2019,18.9,-1.8000000000000007,12.0,16.1,10.705354599810315,0.51,13.08,14.55,9.947647968321782,7.0,44600.0,20903.0,2367.0,-1.895264510640752,-2.5630844219290134,-1.2274445993524914,44.8609109668666
49009,Daggett County,UT,Expanded 2019-2022,2020.0,Remote rural,2019,18.1,-5.199999999999999,12.1,7.5,10.879555488446144,0.35,4.12,19.91,7.038783541388542,9.0,53100.0,1140.0,72.0,-1.9692190719179021,-2.390296321956642,-1.5481418218791612,1.4178377317808895
49011,Davis County,UT,Expanded 2019-2022,2020.0,Metro,2019,23.8,1.4000000000000021,13.0,8.2,11.162743680485296,1.18,8.84,8.92,12.683014648494206,2.0,70500.0,322228.0,17332.0,-2.9693209535498606,-3.9486206255384526,-1.9900212815612695,514.6427076692619
49013,Duchesne County,UT,Expanded 2019-2022,2020.0,Remote rural,2019,25.6,-3.099999999999998,18.9,10.5,11.024937075106996,0.31,7.73,10.45,9.901485549865455,7.0,61400.0,19960.0,1932.0,-5.145524290682899,-5.868439078418232,-4.422609502947564,99.41152929599362
49015,Emery County,UT,Expanded 2019-2022,2020.0,Remote rural,2019,21.5,0.1999999999999993,11.9,13.0,10.860344246156945,0.33,6.19,14.06,9.283497892593909,7.0,52100.0,10759.0,901.0,-1.5694796517360279,-2.1426607579731334,-0.9962985454989209,14.141011662141612
49017,Garfield County,UT,Expanded 2019-2022,2020.0,Remote rural,2019,30.7,0.09999999999999787,17.8,12.0,10.687343433221535,0.34,5.15,18.63,8.522976436171964,9.0,43800.0,5029.0,547.0,-4.93268148719348,-5.48225192749102,-4.38311104689594,26.981767734948335
49019,Grand County,UT,Expanded 2019-2022,2020.0,Remote rural,2019,31.4,3.299999999999997,19.7,14.8,10.65414863929668,0.55,9.71,15.64,9.145908511816794,7.0,42400.0,9376.0,1018.0,-5.353434103062459,-6.381287258663396,-4.325580947461523,54.497959169175836
49021,Iron County,UT,Expanded 2019-2022,2020.0,"Rural, near a metro",2019,20.8,-0.8999999999999986,14.8,19.4,10.67911293408502,0.46,8.08,11.09,10.747852544838695,4.0,43400.0,46530.0,7810.0,-3.944987842408229,-4.676558984822263,-3.2134166999941938,308.1035504920827
49023,Juab County,UT,Expanded 2019-2022,2020.0,Metro,2019,22.9,-0.5,14.0,12.3,10.857882990443828,0.32,4.44,11.1,9.236105579862208,2.0,51900.0,10261.0,972.0,-3.5420080320264864,-4.142938824279598,-2.941077239773376,34.42831807129745
49025,Kane County,UT,Expanded 2019-2022,2020.0,"Rural, near a metro",2019,19.6,0.5,12.3,12.3,10.743976570994,0.32,4.14,21.57,8.871224644409553,6.0,46300.0,7124.0,738.0,-1.8624532349749596,-2.0831354054520643,-1.6417710644978551,13.744904874115202
49027,Millard County,UT,Expanded 2019-2022,2020.0,Remote rural,2019,31.2,-1.1999999999999993,17.9,13.7,10.84786026853724,0.27,12.53,15.37,9.437874271591685,7.0,51400.0,12555.0,1208.0,-5.082854995502561,-5.907356529561551,-4.258353461443563,61.400888345670936
49029,Morgan County,UT,Expanded 2019-2022,2020.0,Metro,2019,24.6,-0.5999999999999979,11.9,5.4,11.332554005499887,0.2,2.81,11.15,9.230829038403499,2.0,83500.0,10207.0,460.0,-2.3429565693382757,-2.8164171236238777,-1.8694960150526727,10.777600218956069
49031,Piute County,UT,Expanded 2019-2022,2020.0,Remote rural,2019,21.5,-4.5,13.4,21.8,10.542627232264719,0.2,8.53,22.78,7.305188215393037,9.0,37900.0,1488.0,191.0,-3.7127072765236138,-4.2900532738675246,-3.1353612791797008,7.091270898160102
49033,Rich County,UT,Expanded 2019-2022,2020.0,"Rural, near a metro",2019,20.0,-2.3000000000000007,11.0,11.2,10.908521494244672,0.0,4.99,16.66,7.724446645633537,8.0,54600.0,2263.0,215.0,-1.5378488586694257,-1.976348414338647,-1.0993493030002042,3.3063750461392654
49035,Salt Lake County,UT,Expanded 2019-2022,2020.0,Metro,2019,29.6,1.8000000000000007,17.3,12.7,11.030298495562917,1.52,17.52,9.37,13.891908477614292,1.0,61700.0,1079392.0,86360.0,-4.959905454008301,-6.192604328594961,-3.7272065794216416,4283.374350081569
49037,San Juan County,UT,Expanded 2019-2022,2020.0,Remote rural,2019,27.0,-3.5,21.9,27.6,10.604776498787697,0.29,4.88,12.31,9.615005159913578,7.0,40300.0,14988.0,2166.0,-6.09925999335789,-7.014038022078001,-5.184481964637776,132.10997145613192
49039,Sanpete County,UT,Expanded 2019-2022,2020.0,"Rural, near a metro",2019,27.4,1.1999999999999993,16.9,18.2,10.72190081192847,0.74,9.46,12.33,10.244520800484903,6.0,45300.0,28128.0,3562.0,-4.710294516151671,-5.678093116481319,-3.742495915822021,167.7806906653225
49041,Sevier County,UT,Expanded 2019-2022,2020.0,Remote rural,2019,20.5,-1.1000000000000014,14.8,13.7,10.817315253638798,0.27,4.84,15.23,9.940156936893139,7.0,49900.0,20747.0,2236.0,-3.5373165416942185,-4.2514733807092,-2.823159702679238,79.09439787228273
49043,Summit County,UT,Expanded 2019-2022,2020.0,"Rural, near a metro",2019,35.2,-1.1999999999999957,18.4,7.6,11.313339736274271,0.52,11.4,9.43,10.556333436322548,4.0,81900.0,38420.0,1731.0,-6.055733701967978,-6.974358839723225,-5.1371085642127365,104.8247503810657
49045,Tooele County,UT,Expanded 2019-2022,2020.0,Metro,2019,26.6,3.3000000000000007,15.5,9.1,10.992049505350737,0.68,11.86,8.13,11.012594578296879,1.0,59400.0,60633.0,5302.0,-4.412760495031633,-4.94760709115407,-3.8779138989091964,233.9645614465772
49047,Uintah County,UT,Expanded 2019-2022,2020.0,Remote rural,2019,27.1,-0.5,21.5,10.8,11.03534117498404,0.41,8.03,9.11,10.482401638934649,7.0,62000.0,35682.0,3576.0,-5.343605825706667,-6.287669717855771,-4.399541933557562,191.08734432727042
49049,Utah County,UT,Expanded 2019-2022,2020.0,Metro,2019,20.0,1.3999999999999986,13.0,13.8,11.00324918046076,0.51,10.96,6.95,13.219985428228807,2.0,60100.0,551273.0,59770.0,-2.624327283797456,-3.7614705397811576,-1.487184027813759,1568.5604175257395
49051,Wasatch County,UT,Expanded 2019-2022,2020.0,"Rural, near a metro",2019,32.3,-3.0,17.0,8.2,11.073225991189258,0.29,13.26,9.25,10.18806481003443,6.0,64400.0,26584.0,1885.0,-5.3596880934344275,-5.874028270031451,-4.845347916837403,101.03012056123896
49053,Washington County,UT,Expanded 2019-2022,2020.0,Metro,2019,29.2,3.5,19.4,15.4,10.82730985082563,0.51,9.72,18.75,11.898099426476085,3.0,50400.0,146987.0,15424.0,-4.6818545740020525,-5.888471084356765,-3.475238063647333,722.1292494940766
49055,Wayne County,UT,Expanded 2019-2022,2020.0,Remote rural,2019,26.2,0.5,16.5,15.9,10.569905673354048,0.15,4.68,17.85,7.905441649060286,9.0,38900.0,2712.0,298.0,-4.5882520963930755,-5.161571335616892,-4.014932857169259,13.672991247251366
49057,Weber County,UT,Expanded 2019-2022,2020.0,Metro,2019,22.2,-3.1000000000000014,13.5,13.3,10.897757325726872,1.21,17.33,10.82,12.380286422929965,2.0,54100.0,238062.0,20870.0,-3.471626672334765,-4.334538535088815,-2.608714809580714,724.5284865162654
51001,Accomack County,VA,Expanded 2019-2022,2019.0,"Rural, near a metro",2018,34.0,-4.399999999999999,20.4,19.3,10.54702423254274,28.19,8.75,20.75,10.403323005002216,8.0,38100.0,32969.0,4272.0,-6.267163711933708,-7.687515611187764,-4.846811812679651,267.73323377380797
51003,Albemarle County,VA,Expanded 2019-2022,2019.0,Metro,2018,28.5,-3.3000000000000007,16.8,9.5,11.156707559430677,9.45,5.55,15.69,11.535371653800059,3.0,70000.0,102270.0,7413.0,-5.434481007103193,-5.928937205604464,-4.940024808601925,402.85807705655964
51005,Alleghany County,VA,Expanded 2019-2022,2019.0,"Rural, near a metro",2018,21.8,-2.599999999999998,13.2,13.7,10.714039919598678,4.69,1.52,22.18,9.675519883856426,6.0,45000.0,15923.0,1840.0,-3.6272581178543666,-4.458209629715275,-2.796306605993463,66.74154936852034
51007,Amelia County,VA,Expanded 2019-2022,2019.0,Metro,2018,28.4,-1.8000000000000007,18.2,12.1,10.860056130908854,21.98,2.77,17.4,9.445886690007436,1.0,52100.0,12656.0,1239.0,-6.087182702615993,-6.8766884150114835,-5.297676990220505,75.42019368541216
51009,Amherst County,VA,Expanded 2019-2022,2019.0,Metro,2018,25.1,-2.6999999999999993,15.9,14.2,10.763588812758906,18.99,2.18,18.04,10.383348686544645,2.0,47300.0,32317.0,3362.0,-6.091336162710282,-6.707920088156021,-5.474752237264543,204.79072179031968
51011,Appomattox County,VA,Expanded 2019-2022,2019.0,Metro,2018,23.6,-3.299999999999997,15.0,16.2,10.69335301197251,19.67,1.08,18.81,9.636914443294582,2.0,44100.0,15320.0,1851.0,-5.610373131711359,-6.213435227737251,-5.0073110356854675,103.84800666797726
51013,Arlington County,VA,Expanded 2019-2022,2019.0,Metro,2018,28.0,1.0,16.3,8.5,11.52813914777561,8.29,15.4,9.21,12.323384459067741,1.0,101500.0,224894.0,13620.0,-4.948642921838253,-6.270378459223401,-3.626907384453107,674.0051659543701
51015,Augusta County,VA,Expanded 2019-2022,2019.0,Metro,2018,25.1,-5.199999999999999,15.3,8.9,10.912065718500257,3.88,2.34,18.3,11.209682954400392,3.0,54800.0,73842.0,5583.0,-4.990710492030278,-5.721202033813114,-4.260218950247442,278.6313667700504
51017,Bath County,VA,Expanded 2019-2022,2019.0,"Rural, near a metro",2018,28.0,2.6000000000000014,14.7,11.7,10.667815210028436,4.55,1.83,24.35,8.432070937999402,8.0,43000.0,4592.0,543.0,-4.0737366678668705,-4.930091756633646,-3.217381579100093,22.120390106517107
51019,Bedford County,VA,Expanded 2019-2022,2019.0,Metro,2018,26.2,-2.3000000000000007,15.2,8.9,10.948839701563355,6.81,1.9,18.64,11.24081485884236,2.0,56900.0,76177.0,5988.0,-5.302018451273873,-5.838239274746534,-4.765797627801214,317.48486486227955
51021,Bland County,VA,Expanded 2019-2022,2019.0,"Rural, near a metro",2018,22.7,-2.6000000000000014,11.8,15.0,10.643971460585572,3.7,0.61,19.21,8.805824812903607,8.0,41900.0,6673.0,529.0,-2.441219037574416,-3.121883770575578,-1.760554304573254,12.914048708768659
51023,Botetourt County,VA,Expanded 2019-2022,2019.0,Metro,2018,24.5,-2.6000000000000014,12.8,7.4,11.018711107009434,3.17,1.4,19.07,10.40408100573587,2.0,61000.0,32994.0,1886.0,-3.1179303764557282,-3.953904750895414,-2.2819560020160417,58.804166899955035
51025,Brunswick County,VA,Expanded 2019-2022,2019.0,"Rural, near a metro",2018,22.4,-2.3000000000000007,15.2,21.7,10.54006438160768,56.17,1.86,18.26,9.740027003383092,6.0,37800.0,16984.0,2103.0,-6.751421368461896,-7.6258980165273975,-5.876944720396404,141.98239137875368
51027,Buchanan County,VA,Expanded 2019-2022,2019.0,Remote rural,2018,20.7,-3.0,14.1,24.4,10.361576735816833,2.92,0.57,18.3,10.070060752361943,9.0,31600.0,23625.0,3981.0,-5.017676408166416,-5.608453729305089,-4.426899087027752,199.75369780910503
51029,Buckingham County,VA,Expanded 2019-2022,2019.0,Metro,2018,25.0,-3.1999999999999993,16.9,22.8,10.585017513755883,34.34,2.17,16.3,9.749753452594087,3.0,39500.0,17150.0,1971.0,-7.041107949700463,-7.934892889833025,-6.147323009567902,138.78023768859615
51031,Campbell County,VA,Expanded 2019-2022,2019.0,Metro,2018,25.6,-2.299999999999997,15.5,13.3,10.778581219559944,14.22,1.9,17.69,10.916505641362713,2.0,48000.0,55078.0,6146.0,-5.707754863159968,-6.650347267332706,-4.765162458987226,350.79861388981163
51033,Caroline County,VA,Expanded 2019-2022,2019.0,Metro,2018,26.5,-5.300000000000001,16.2,14.5,10.928812045434405,27.78,3.84,14.52,10.283566474253876,1.0,55800.0,29248.0,2709.0,-6.164457928271449,-7.204635212210674,-5.124280644332224,166.99516527687354
51035,Carroll County,VA,Expanded 2019-2022,2019.0,Remote rural,2018,24.2,-2.900000000000002,15.4,16.5,10.497311511801287,0.69,2.92,21.37,10.305914717430841,7.0,36200.0,29909.0,3879.0,-4.444466035466175,-4.994250946655652,-3.8946811242766914,172.40083751573292
51036,Charles City County,VA,Expanded 2019-2022,2019.0,Metro,2018,32.1,-4.5,19.5,12.2,10.787131118078038,47.31,1.64,19.7,8.863898604317479,1.0,48400.0,7072.0,655.0,-6.367845747619939,-7.078708429650198,-5.656983065589682,41.7093896469106
51037,Charlotte County,VA,Expanded 2019-2022,2019.0,"Rural, near a metro",2018,24.7,-3.1999999999999993,17.6,19.7,10.483326047589072,29.08,2.09,20.16,9.415645765160512,8.0,35700.0,12279.0,1859.0,-6.801863178417068,-7.403903267424633,-6.199823089409502,126.4466364867733
51041,Chesterfield County,VA,Expanded 2019-2022,2019.0,Metro,2018,30.8,-0.3000000000000007,17.4,8.0,11.119201163065084,22.33,7.74,12.27,12.699585260326819,1.0,67500.0,327612.0,20667.0,-4.470873130870186,-5.666464192173146,-3.2752820695672247,923.9953499569413
51043,Clarke County,VA,Expanded 2019-2022,2019.0,Metro,2018,32.1,-3.0,18.2,7.9,11.216996143930366,4.98,3.85,17.76,9.564722689855031,1.0,74400.0,14253.0,858.0,-5.878196295880426,-6.7552903407755185,-5.001102250985325,50.434924218654054
51045,Craig County,VA,Expanded 2019-2022,2019.0,Metro,2018,19.8,-2.5,11.0,12.9,10.726060835536376,0.19,1.13,19.44,8.544419177669829,2.0,45500.0,5138.0,561.0,-1.9010715019329822,-2.3226196610868177,-1.479523342779145,10.66501112584403
51047,Culpeper County,VA,Expanded 2019-2022,2019.0,Metro,2018,32.4,-2.3000000000000043,19.5,10.1,11.064698982960758,15.15,8.95,13.73,10.791502259058547,1.0,63900.0,48606.0,4112.0,-5.724652063521664,-6.732061261932902,-4.717242865110427,235.39769285201083
51049,Cumberland County,VA,Expanded 2019-2022,2019.0,"Rural, near a metro",2018,23.4,-3.200000000000003,14.9,18.2,10.640627694781701,31.73,2.36,18.85,9.19502366786429,8.0,41800.0,9848.0,1306.0,-6.32862924322545,-7.132228310444328,-5.525030176006574,82.65189791652438
51051,Dickenson County,VA,Expanded 2019-2022,2019.0,Remote rural,2018,19.6,-4.799999999999997,12.9,21.8,10.415891929415332,0.35,0.71,18.52,9.650271316965625,9.0,33400.0,15526.0,2662.0,-3.5044639842536744,-4.152970811153835,-2.8559571573535147,93.28883126083281
51053,Dinwiddie County,VA,Expanded 2019-2022,2019.0,Metro,2018,25.1,-2.0,15.1,14.5,10.856380186854832,32.15,2.82,15.18,10.24295529813714,1.0,51900.0,28084.0,3191.0,-5.873091044226998,-6.878218774065579,-4.867963314388416,187.4103352212835
51057,Essex County,VA,Expanded 2019-2022,2019.0,"Rural, near a metro",2018,23.6,-4.599999999999998,15.4,15.5,10.701602671705613,38.62,3.23,19.7,9.320180837655714,6.0,44400.0,11161.0,1277.0,-6.0655180613388655,-6.780158104903043,-5.350878017774692,77.45666564329731
51059,Fairfax County,VA,Expanded 2019-2022,2019.0,Metro,2018,36.9,-0.8000000000000043,21.2,6.0,11.614199642910862,9.25,16.04,11.22,13.939305706817354,1.0,110700.0,1131784.0,54172.0,-5.862726026239348,-7.356094043599829,-4.369358008878867,3175.95594293438
51061,Fauquier County,VA,Expanded 2019-2022,2019.0,Metro,2018,36.6,1.3999999999999986,20.0,7.0,11.323035338676322,7.8,6.91,14.32,11.114520376172287,1.0,82700.0,67139.0,3364.0,-6.924338823395645,-8.317545540516814,-5.5311321062744705,232.93475801902946
51063,Floyd County,VA,Expanded 2019-2022,2019.0,Metro,2018,27.2,0.3000000000000007,17.6,14.2,10.637104665649787,1.73,2.71,19.69,9.647433337764658,3.0,41700.0,15482.0,1723.0,-5.074567822799368,-5.6549266514113645,-4.494208994187372,87.43480358683311
51065,Fluvanna County,VA,Expanded 2019-2022,2019.0,Metro,2018,29.5,-2.3999999999999986,16.1,8.2,11.05274542587313,15.06,3.23,17.46,10.159098293987839,3.0,63100.0,25825.0,1686.0,-5.909479080419091,-6.577252865784699,-5.241705295053475,99.63381729586587
51067,Franklin County,VA,Expanded 2019-2022,2019.0,Metro,2018,24.7,-3.900000000000002,15.9,14.4,10.780413560888006,8.05,2.62,20.23,10.937899040810374,2.0,48100.0,56269.0,5939.0,-5.540780990144002,-6.26616859575338,-4.8153933845346275,329.0669830046523
51069,Frederick County,VA,Expanded 2019-2022,2019.0,Metro,2018,32.3,-3.4000000000000057,17.6,7.9,11.129701185797959,4.05,7.08,14.76,11.30803922992685,3.0,68200.0,81474.0,4928.0,-5.548545824746165,-6.761887302113663,-4.335204347378668,273.432338243491
51071,Giles County,VA,Expanded 2019-2022,2019.0,Metro,2018,21.2,-4.699999999999999,12.7,13.3,10.680608166872252,1.44,1.37,19.77,9.740262491433162,3.0,43500.0,16988.0,1876.0,-2.9004508316107778,-3.4116344232226568,-2.3892672399988997,54.41245760101819
51073,Gloucester County,VA,Expanded 2019-2022,2019.0,Metro,2018,26.0,-1.3000000000000007,15.4,10.6,10.982305213876058,8.17,2.87,16.75,10.512383180648483,1.0,58800.0,36768.0,2771.0,-5.302616523926764,-5.842366856102956,-4.762866191750574,146.93550387801062
51075,Goochland County,VA,Expanded 2019-2022,2019.0,Metro,2018,30.9,2.099999999999998,15.2,7.5,11.249519658285907,17.66,2.27,18.38,9.978826909081944,1.0,76800.0,21565.0,846.0,-5.094866744160065,-6.1556444805872985,-4.034089007732831,43.102572655594145
51077,Grayson County,VA,Expanded 2019-2022,2019.0,Remote rural,2018,22.8,-1.5999999999999979,14.7,18.3,10.413372734225062,2.03,2.85,22.71,9.624302610338294,9.0,33300.0,15128.0,2131.0,-4.8838411972121385,-5.427516176896627,-4.3401662175276465,104.07465591259066
51079,Greene County,VA,Expanded 2019-2022,2019.0,Metro,2018,31.9,-6.0,17.8,11.5,10.997589685726352,6.42,4.97,15.07,9.844162086451313,3.0,59700.0,18848.0,1781.0,-5.821787245170841,-6.458845264084248,-5.18472922625743,103.68603083649266
51081,Greensville County,VA,Expanded 2019-2022,2019.0,"Rural, near a metro",2018,22.3,0.5,13.1,26.3,10.546288358659336,59.04,1.87,14.36,9.366403507607771,6.0,38000.0,11689.0,1186.0,-4.989432191537782,-6.33093776537005,-3.6479266177055143,59.1746657916381
51083,Halifax County,VA,Expanded 2019-2022,2019.0,"Rural, near a metro",2018,21.4,-3.900000000000002,14.0,22.2,10.478779819856559,36.34,1.85,21.51,10.474071540672949,6.0,35600.0,35386.0,4548.0,-6.4589590824390175,-7.01402098549088,-5.903897179387153,293.7534590693265
51085,Hanover County,VA,Expanded 2019-2022,2019.0,Metro,2018,27.3,-1.0999999999999979,14.6,5.6,11.255656198926642,9.26,2.54,14.95,11.523519153181098,1.0,77300.0,101065.0,4283.0,-4.915425605479496,-5.660464612541314,-4.170386598417686,210.52767868268683
51087,Henrico County,VA,Expanded 2019-2022,2019.0,Metro,2018,29.0,-2.1000000000000014,17.2,11.3,11.002932827508129,29.22,5.23,13.35,12.671817217855526,1.0,60000.0,318640.0,25020.0,-5.125192284577946,-6.111412138550414,-4.138972430605478,1282.3231096014022
51089,Henry County,VA,Expanded 2019-2022,2019.0,"Rural, near a metro",2018,26.6,-1.2999999999999972,17.0,18.5,10.493105872267217,21.75,5.0,21.45,10.87328113592759,4.0,36100.0,52748.0,7631.0,-6.405717431420282,-7.714828979036899,-5.096605883803659,488.82029719168173
51091,Highland County,VA,Expanded 2019-2022,2019.0,"Rural, near a metro",2018,29.8,-7.599999999999998,19.4,14.6,10.553570643625047,0.54,1.09,28.66,7.6984827878809465,8.0,38300.0,2205.0,245.0,-5.715075069306097,-6.637878514753143,-4.792271623859047,14.001933919799939
51093,Isle of Wight County,VA,Expanded 2019-2022,2019.0,Metro,2018,24.6,-2.5,14.3,10.6,11.042841832524322,23.81,2.43,16.42,10.478020101759832,1.0,62500.0,35526.0,2704.0,-5.643248109887552,-6.279213202240093,-5.007283017535012,152.59342889135942
51095,James City County,VA,Expanded 2019-2022,2019.0,Metro,2018,26.7,-6.599999999999998,14.3,7.5,11.235932724170642,13.2,5.25,22.57,11.164955380709173,1.0,75800.0,70612.0,3912.0,-5.1314916639293955,-5.602091081089423,-4.660892246769366,200.74395389291794
51097,King and Queen County,VA,Expanded 2019-2022,2019.0,"Rural, near a metro",2018,29.5,-2.5,18.2,13.4,10.707661664255449,26.69,3.43,19.23,8.857799727175905,8.0,44700.0,7029.0,731.0,-6.220988591646088,-6.741828874226541,-5.700148309065637,45.4754266049329
51099,King George County,VA,Expanded 2019-2022,2019.0,"Rural, near a metro",2018,23.0,-1.5,12.6,7.9,11.266769139346946,16.88,4.13,11.26,10.122502593266558,6.0,78200.0,24897.0,1647.0,-3.1349904357201304,-4.438905604070493,-1.8310752673697708,51.633292476310544
51101,King William County,VA,Expanded 2019-2022,2019.0,Metro,2018,26.1,-2.0,14.6,9.1,11.021624652135246,16.95,2.31,13.86,9.686077533069678,1.0,61200.0,16092.0,1198.0,-5.642140264847466,-6.42308638926899,-4.861194140425939,67.59284037287264
51103,Lancaster County,VA,Expanded 2019-2022,2019.0,Remote rural,2018,27.8,0.1999999999999993,18.0,15.2,10.748883605633734,28.24,1.56,33.55,9.301916315463393,9.0,46600.0,10959.0,879.0,-5.837446873029433,-6.639201223508567,-5.035692522550295,51.31115801392871
51105,Lee County,VA,Expanded 2019-2022,2019.0,"Rural, near a metro",2018,18.8,-3.599999999999998,13.9,29.0,10.376362056873546,3.74,1.77,17.82,10.129825994746858,8.0,32100.0,25080.0,4361.0,-4.991174108586816,-5.841888934198182,-4.140459282975454,217.66510287547106
51107,Loudoun County,VA,Expanded 2019-2022,2019.0,Metro,2018,40.6,-2.6999999999999957,19.8,3.8,11.67572435527532,7.09,13.05,7.66,12.765445546828168,1.0,117700.0,349915.0,12045.0,-7.900534217823531,-8.70770655279809,-7.09336188284896,951.6193465368443
51109,Louisa County,VA,Expanded 2019-2022,2019.0,"Rural, near a metro",2018,30.9,-2.3000000000000043,18.0,11.7,10.881249606498384,16.8,2.45,16.87,10.433733377541598,8.0,53200.0,33987.0,3494.0,-6.174974512702183,-7.36288990299649,-4.987059122407877,215.75360947381427
51111,Lunenburg County,VA,Expanded 2019-2022,2019.0,Remote rural,2018,28.3,-1.3000000000000007,18.6,21.4,10.537733625175912,33.63,3.89,19.21,9.436040652072082,9.0,37700.0,12532.0,1644.0,-6.619433148343087,-7.398409713516381,-5.840456583169791,108.82348095876036
51113,Madison County,VA,Expanded 2019-2022,2019.0,"Rural, near a metro",2018,27.5,-3.6000000000000014,16.4,12.7,10.855241948685853,9.37,2.13,19.61,9.479603858903946,8.0,51800.0,13090.0,1290.0,-5.610824229742288,-6.237608578549232,-4.984039880935341,72.37963256367551
51115,Mathews County,VA,Expanded 2019-2022,2019.0,Metro,2018,25.3,-3.1999999999999993,13.8,10.5,10.917413033037043,8.81,2.01,27.33,9.093581811365986,1.0,55100.0,8898.0,621.0,-4.622552526710555,-5.183202487926016,-4.061902565495096,28.706051190872547
51117,Mecklenburg County,VA,Expanded 2019-2022,2019.0,Remote rural,2018,21.1,-7.599999999999998,14.3,17.1,10.556827848177686,34.99,2.43,23.12,10.349422593198005,7.0,38400.0,31239.0,4044.0,-6.150052827651257,-6.864965342718074,-5.435140312584441,248.70813635021685
51119,Middlesex County,VA,Expanded 2019-2022,2019.0,"Rural, near a metro",2018,23.4,-2.1000000000000014,14.3,15.5,10.76635641041421,17.73,2.1,28.75,9.285540604539118,8.0,47400.0,10781.0,930.0,-5.322249282164446,-6.048445472744387,-4.596053091584509,49.496918324129346
51121,Montgomery County,VA,Expanded 2019-2022,2019.0,Metro,2018,19.2,-2.3000000000000007,13.9,23.4,10.73691827854313,3.86,2.92,10.77,11.478220142081131,3.0,46000.0,96589.0,17396.0,-4.477563538384414,-5.492229246353278,-3.4628978304155456,778.9169531373527
51125,Nelson County,VA,Expanded 2019-2022,2019.0,Metro,2018,28.6,-3.0,17.1,15.8,10.73617926053397,12.03,3.49,22.7,9.602382459752207,3.0,46000.0,14800.0,1436.0,-5.821014805152852,-6.447442669882257,-5.194586940423449,83.58977260199495
51127,New Kent County,VA,Expanded 2019-2022,2019.0,Metro,2018,29.4,-5.399999999999999,15.6,6.7,11.186502564202017,13.19,2.52,14.54,9.878989920935728,1.0,72200.0,19516.0,924.0,-5.774322868182605,-6.292009538942993,-5.256636197422217,53.354743302007265
51131,Northampton County,VA,Expanded 2019-2022,2019.0,"Rural, near a metro",2018,27.3,-2.3000000000000007,17.9,22.4,10.497118219058828,35.44,8.0,23.97,9.395158808968725,8.0,36200.0,12030.0,1572.0,-5.958138138043631,-6.672948405286917,-5.24332787080035,93.66193153004588
51133,Northumberland County,VA,Expanded 2019-2022,2019.0,Remote rural,2018,26.8,-4.199999999999999,16.4,16.1,10.800677011107881,24.7,3.37,33.79,9.417191926513414,9.0,49100.0,12298.0,1076.0,-6.041362377151147,-7.015110343615203,-5.067614410687093,65.00505917814634
51135,Nottoway County,VA,Expanded 2019-2022,2019.0,"Rural, near a metro",2018,24.7,-1.5,17.5,23.5,10.457516333602767,39.06,3.93,18.12,9.65739517984351,6.0,34800.0,15637.0,2184.0,-6.916906747303912,-7.553784937799704,-6.280028556808122,151.06524336111744
51137,Orange County,VA,Expanded 2019-2022,2019.0,"Rural, near a metro",2018,27.7,-4.300000000000001,16.5,10.4,11.01582192792268,12.51,4.23,19.31,10.4521868287302,6.0,60800.0,34620.0,2877.0,-5.758851418742161,-6.382329956072012,-5.135372881412311,165.68215531721196
51139,Page County,VA,Expanded 2019-2022,2019.0,"Rural, near a metro",2018,23.7,-3.6999999999999993,15.9,15.3,10.623033206950604,1.86,1.75,19.34,10.074200320662365,6.0,41100.0,23723.0,3031.0,-4.97521012646277,-5.370059372180795,-4.580360880744739,150.79861893308654
51141,Patrick County,VA,Expanded 2019-2022,2019.0,"Rural, near a metro",2018,24.7,-3.3000000000000007,15.7,19.4,10.453168438070792,5.74,2.58,23.47,9.811865562988816,8.0,34700.0,18249.0,2360.0,-5.652207613690768,-6.049891019579052,-5.2545242078024845,133.39209968310215
51143,Pittsylvania County,VA,Expanded 2019-2022,2019.0,"Rural, near a metro",2018,24.1,-3.099999999999998,15.8,15.2,10.611720370514114,21.61,2.41,19.25,11.043785462691345,4.0,40600.0,62554.0,7553.0,-6.137041206902655,-6.952509623915741,-5.321572789889572,463.5307223573575
51145,Powhatan County,VA,Expanded 2019-2022,2019.0,Metro,2018,30.0,-2.799999999999997,15.9,7.7,11.222840507902138,12.77,1.96,15.0,10.25061708363133,1.0,74800.0,28300.0,1325.0,-5.8396916361991265,-6.210913925234131,-5.468469347164119,77.37591417963843
51147,Prince Edward County,VA,Expanded 2019-2022,2019.0,"Rural, near a metro",2018,21.2,-2.3000000000000007,15.7,23.5,10.573289337601082,32.23,2.4,15.04,10.030736753451592,6.0,39100.0,22714.0,3282.0,-6.960253392144661,-7.836999379552266,-6.083507404737052,228.43551633018777
51149,Prince George County,VA,Expanded 2019-2022,2019.0,Metro,2018,24.1,-2.5,13.3,12.9,11.091711999893924,31.21,7.15,11.67,10.527632932997834,1.0,65600.0,37333.0,2787.0,-4.11641010128587,-5.3973033240007595,-2.83551687857098,114.72434952283719
51153,Prince William County,VA,Expanded 2019-2022,2019.0,Metro,2018,42.2,-2.0999999999999943,24.0,7.0,11.447543921922854,20.1,21.35,7.96,12.989368983427363,1.0,93700.0,437735.0,25022.0,-7.573558211952428,-10.271588587500023,-4.875527836404837,1895.0557357947368
51155,Pulaski County,VA,Expanded 2019-2022,2019.0,Metro,2018,20.1,-2.5,12.6,15.7,10.681779786252992,5.1,1.37,19.97,10.45004704825323,3.0,43600.0,34546.0,3879.0,-3.030069123238707,-3.955272685493651,-2.1048655609837637,117.53638129042945
51157,Rappahannock County,VA,Expanded 2019-2022,2019.0,Metro,2018,33.3,-5.200000000000003,19.2,10.3,11.017727097089937,4.13,3.37,22.13,8.913011922472597,1.0,60900.0,7428.0,534.0,-6.0295368172923824,-6.765387687297287,-5.293685947287479,32.19772660434132
51159,Richmond County,VA,Expanded 2019-2022,2019.0,Remote rural,2018,27.5,-5.100000000000001,15.7,20.3,10.662843733206408,30.26,6.08,19.5,9.09963224999176,9.0,42700.0,8952.0,907.0,-5.901336455293911,-6.62080629120439,-5.1818666193834275,53.525121649515775
51161,Roanoke County,VA,Expanded 2019-2022,2019.0,Metro,2018,24.4,-2.0,13.7,7.7,10.96237099897524,5.33,2.59,18.84,11.443693279135596,2.0,57700.0,93311.0,5948.0,-4.109515158675318,-4.879097150761963,-3.3399331665886716,244.43396163800793
51163,Rockbridge County,VA,Expanded 2019-2022,2019.0,"Rural, near a metro",2018,23.8,-3.599999999999998,15.2,13.6,10.755389085456933,2.66,1.44,22.75,10.013596775216158,6.0,46900.0,22328.0,2331.0,-4.7608103581640115,-5.394053581601167,-4.127567134726856,110.97448944880311
51165,Rockingham County,VA,Expanded 2019-2022,2019.0,Metro,2018,29.8,-4.699999999999999,17.4,9.6,10.926585752727021,1.71,5.97,17.07,11.25698750748919,3.0,55600.0,77419.0,6654.0,-5.096682555251415,-6.012504129082719,-4.18086098142011,339.1332572264292
51167,Russell County,VA,Expanded 2019-2022,2019.0,Remote rural,2018,18.8,-6.599999999999998,12.5,18.8,10.494242031340844,0.78,1.08,18.23,10.251888360022615,7.0,36100.0,28336.0,4101.0,-3.0905367231607626,-4.0056664653541105,-2.1754069809674146,126.74291101682287
51169,Scott County,VA,Expanded 2019-2022,2019.0,Metro,2018,19.8,-2.099999999999998,12.8,18.4,10.55414468147512,0.65,1.25,21.4,10.033111320329633,2.0,38300.0,22768.0,3044.0,-3.2726380410674976,-3.8385715397438567,-2.706704542391139,99.61910197009462
51171,Shenandoah County,VA,Expanded 2019-2022,2019.0,"Rural, near a metro",2018,27.6,-5.0,16.6,11.6,10.776327838536336,1.89,6.56,19.82,10.657400521418637,6.0,47900.0,42506.0,4176.0,-4.891511065119097,-5.796633953077731,-3.98638817716047,204.2695020793735
51173,Smyth County,VA,Expanded 2019-2022,2019.0,Remote rural,2018,20.5,-1.8000000000000007,13.5,17.3,10.531429322970798,2.06,1.92,19.52,10.366340677753023,7.0,37500.0,31772.0,4668.0,-4.386996159858671,-5.168531878828338,-3.6054604408890083,204.78498074220278
51175,Southampton County,VA,Expanded 2019-2022,2019.0,"Rural, near a metro",2018,22.1,-4.099999999999998,13.5,16.7,10.748217833797062,36.31,1.27,16.87,9.816239783971849,6.0,46500.0,18329.0,1901.0,-5.319765537776012,-6.140680299857999,-4.498850775694022,101.12874287312198
51177,Spotsylvania County,VA,Expanded 2019-2022,2019.0,Metro,2018,31.3,-4.699999999999999,17.5,7.7,11.199747790952038,14.99,8.21,11.62,11.755024225800044,1.0,73100.0,127392.0,8620.0,-5.516586601564805,-6.819140783914493,-4.214032419215119,475.52976505488624
51179,Stafford County,VA,Expanded 2019-2022,2019.0,Metro,2018,29.5,-2.5,15.9,6.4,11.440505298440149,16.76,10.46,8.61,11.81984382790918,1.0,93000.0,135923.0,6410.0,-5.2085923524986875,-6.040214496637256,-4.376970208360119,333.87076979516587
51181,Surry County,VA,Expanded 2019-2022,2019.0,"Rural, near a metro",2018,23.7,-3.1999999999999993,13.2,13.6,10.830797350892716,44.45,1.8,18.24,8.822764296703758,8.0,50600.0,6787.0,687.0,-4.238701307038965,-5.770821050398511,-2.706581563679419,29.11987797935769
51183,Sussex County,VA,Expanded 2019-2022,2019.0,Metro,2018,25.1,-1.2999999999999972,15.9,24.0,10.569982702098647,58.27,2.49,15.68,9.3729692954244,1.0,38900.0,11766.0,1288.0,-6.833962247591876,-7.710592214358124,-5.957332280825629,88.02143374898337
51185,Tazewell County,VA,Expanded 2019-2022,2019.0,Remote rural,2018,21.1,-4.399999999999999,14.7,17.5,10.55414468147512,3.21,0.86,18.47,10.692331201917552,5.0,38300.0,44017.0,5210.0,-5.066383918845689,-5.692987119627312,-4.439780718064067,263.9586021718604
51187,Warren County,VA,Expanded 2019-2022,2019.0,Metro,2018,28.1,-2.0,17.6,12.0,10.93828994344506,4.71,3.87,13.85,10.558413520275876,1.0,56300.0,38500.0,3486.0,-5.642367664654118,-6.538650970961711,-4.746084358346523,196.69293678984252
51191,Washington County,VA,Expanded 2019-2022,2019.0,Metro,2018,23.5,-1.1999999999999993,15.4,14.9,10.651170265744087,1.33,1.48,19.54,10.9110074208009,2.0,42200.0,54776.0,6207.0,-4.435937717494812,-4.841466418114628,-4.030409016874995,275.338654124903
51193,Westmoreland County,VA,Expanded 2019-2022,2019.0,"Rural, near a metro",2018,27.6,-3.099999999999998,17.0,15.3,10.734808458400192,27.01,6.07,22.98,9.772923182515012,6.0,45900.0,17552.0,1847.0,-6.038845148923852,-7.01306179753374,-5.064628500313962,111.53746990062355
51195,Wise County,VA,Expanded 2019-2022,2019.0,Remote rural,2018,20.0,-2.3999999999999986,14.6,19.3,10.531829509729958,5.16,1.19,15.35,10.613049274364167,7.0,37500.0,40662.0,6223.0,-5.278425376456009,-5.855212334307787,-4.701638418604231,328.4764111768574
51197,Wythe County,VA,Expanded 2019-2022,2019.0,"Rural, near a metro",2018,22.2,-4.699999999999999,14.5,15.1,10.625416534521525,2.85,1.09,19.13,10.284728271753428,6.0,41200.0,29282.0,3697.0,-4.859901370201294,-5.455485337941361,-4.264317402461235,179.67055365634187
51199,York County,VA,Expanded 2019-2022,2019.0,Metro,2018,26.8,-3.8000000000000007,14.1,6.0,11.268647650125732,12.78,5.46,14.03,11.097106944782572,1.0,78300.0,65980.0,3165.0,-5.10228741224973,-5.529900864714709,-4.674673959784752,161.48739659770396
51510,Alexandria city,VA,Expanded 2019-2022,2019.0,Metro,2018,37.5,-3.1000000000000014,22.4,8.8,11.356996538332211,21.56,16.71,9.93,11.91596764014564,1.0,85600.0,149637.0,12183.0,-6.905016786169204,-7.920671251887111,-5.889362320451301,841.2381950589942
51520,Bristol city,VA,Expanded 2019-2022,2019.0,Metro,2018,18.5,-3.3000000000000007,12.8,21.6,10.467863421858212,5.4,1.93,19.53,9.76342056363901,2.0,35200.0,17386.0,2831.0,-4.077555297400587,-4.6865059855528735,-3.468604609248299,115.43559046941061
51530,Buena Vista city,VA,Expanded 2019-2022,2019.0,"Rural, near a metro",2018,18.3,-2.599999999999998,11.2,17.2,10.516373251493265,5.05,2.24,17.48,8.802672840312818,6.0,36900.0,6652.0,1075.0,-2.3435996692020797,-3.455013638611228,-1.2321856997929317,25.19369644392236
51540,Charlottesville city,VA,Expanded 2019-2022,2019.0,Metro,2018,18.5,-7.600000000000001,14.1,22.9,10.721503715141942,19.18,4.87,9.81,10.714684399869888,3.0,45300.0,45012.0,9029.0,-5.144564184917676,-5.769539647243139,-4.519588722592211,464.50270025621694
51550,Chesapeake city,VA,Expanded 2019-2022,2019.0,Metro,2018,22.6,-3.0,13.6,9.6,11.105197799207804,29.33,5.05,11.46,12.34725531732161,1.0,66500.0,230327.0,17272.0,-4.320881381454999,-5.2359658650643315,-3.4057968978456685,746.3026322049074
51570,Colonial Heights city,VA,Expanded 2019-2022,2019.0,Metro,2018,23.3,-2.0,14.4,10.8,10.814061977414173,12.07,4.83,20.11,9.76921302671366,1.0,49700.0,17487.0,1964.0,-4.913801620829808,-5.83841241928187,-3.989190822377746,96.50706383309743
51580,Covington city,VA,Expanded 2019-2022,2019.0,"Rural, near a metro",2018,20.6,-3.799999999999997,12.7,16.9,10.431288280508081,12.17,2.8,20.27,8.670257567143075,6.0,33900.0,5827.0,822.0,-4.029379190231267,-5.150198157711131,-2.9085602227514102,33.12149694370101
51590,Danville city,VA,Expanded 2019-2022,2019.0,"Rural, near a metro",2018,19.5,-1.8000000000000007,14.0,25.0,10.339805124127057,49.21,3.27,19.3,10.660149292663887,4.0,30900.0,42623.0,7216.0,-6.380334917873326,-7.111425320689879,-5.649244515056774,460.4049676737392
51595,Emporia city,VA,Expanded 2019-2022,2019.0,"Rural, near a metro",2018,16.5,-4.199999999999999,12.2,26.0,10.39439614246176,63.13,5.36,17.27,8.646992628951082,6.0,32700.0,5693.0,1144.0,-3.698881089950062,-4.76776074130873,-2.6300014385913952,42.315199669028715
51600,Fairfax city,VA,Expanded 2019-2022,2019.0,Metro,2018,39.2,-4.899999999999999,19.9,7.3,11.402072113495027,5.08,16.65,14.26,10.053199825764455,1.0,89500.0,23230.0,1221.0,-8.3578893173591,-9.153640013703518,-7.562138621014673,102.0498285649546
51610,Falls Church city,VA,Expanded 2019-2022,2019.0,Metro,2018,25.4,-4.700000000000003,12.6,3.0,11.673785018464852,3.99,9.98,11.65,9.500020447090638,1.0,117500.0,13360.0,402.0,-2.9428343808228563,-3.714669923445694,-2.170998838200019,11.830194210907882
51620,Franklin city,VA,Expanded 2019-2022,2019.0,"Rural, near a metro",2018,16.1,-7.399999999999999,11.7,21.9,10.500289017309388,56.58,2.3,17.69,9.05204779298159,6.0,36300.0,8536.0,1286.0,-3.2698615724664104,-4.608897639455039,-1.9308255054777816,42.05041982191804
51630,Fredericksburg city,VA,Expanded 2019-2022,2019.0,Metro,2018,24.9,1.2999999999999972,17.0,17.5,10.782117953227607,22.79,10.63,9.66,10.233438572167076,1.0,48200.0,27818.0,3523.0,-4.883307993912967,-6.222628841996025,-3.5439871458299095,172.03894062555383
51640,Galax city,VA,Expanded 2019-2022,2019.0,Remote rural,2018,28.8,-3.599999999999998,16.6,22.8,10.426350436912623,5.87,14.37,20.49,8.843759381917984,7.0,33700.0,6931.0,1156.0,-5.064942703124943,-6.178959985604603,-3.9509254206452846,58.55073764812435
51650,Hampton city,VA,Expanded 2019-2022,2019.0,Metro,2018,18.6,-3.1999999999999993,12.7,15.6,10.720907774144534,48.45,5.17,13.3,11.830156630878559,1.0,45300.0,137332.0,16239.0,-3.5301878727802842,-4.907270250461649,-2.153105495098921,573.2672086607903
51660,Harrisonburg city,VA,Expanded 2019-2022,2019.0,Metro,2018,23.8,-0.5,17.4,29.3,10.534440129502956,6.65,17.75,8.4,10.850055275294554,3.0,37600.0,51537.0,12334.0,-4.967303095321648,-6.254878850361879,-3.6797273402814183,612.6671637769721
51670,Hopewell city,VA,Expanded 2019-2022,2019.0,Metro,2018,22.2,-2.6999999999999993,15.5,22.6,10.582535808716571,37.95,6.94,15.62,10.006089266196847,1.0,39400.0,22161.0,3872.0,-6.175678270865177,-7.152795701638047,-5.198560840092308,239.12226264789967
51678,Lexington city,VA,Expanded 2019-2022,2019.0,"Rural, near a metro",2018,18.7,-4.699999999999999,11.8,24.3,10.633954602328156,9.35,3.85,15.59,8.874308038583354,6.0,41500.0,7146.0,513.0,-2.6739379123595937,-3.576614987301663,-1.7712608374175254,13.717301490404715
51680,Lynchburg city,VA,Expanded 2019-2022,2019.0,Metro,2018,20.6,-2.6999999999999993,13.5,22.6,10.594582628969942,28.52,3.39,13.84,11.2636945788927,2.0,39900.0,77940.0,12766.0,-5.895211662109335,-7.044415973119991,-4.746007351098689,752.5827207848777
51683,Manassas city,VA,Expanded 2019-2022,2019.0,Metro,2018,43.2,-2.5999999999999943,25.3,10.1,11.158148718314576,13.61,32.78,7.97,10.623325348349118,1.0,70100.0,41082.0,3315.0,-7.309218835208602,-9.45095243795955,-5.167485232457652,242.30060438716518
51685,Manassas Park city,VA,Expanded 2019-2022,2019.0,Metro,2018,41.3,-8.300000000000004,23.5,8.4,11.180831629147635,12.73,35.45,6.62,9.673822784231653,1.0,71700.0,15896.0,1829.0,-7.872602716611558,-9.301413514399783,-6.44379191882334,143.98990368682541
51690,Martinsville city,VA,Expanded 2019-2022,2019.0,"Rural, near a metro",2018,19.3,-3.1999999999999993,12.9,25.8,10.343225254586388,45.2,4.52,19.47,9.504203303503045,4.0,31000.0,13416.0,2246.0,-5.003777076103609,-6.173430513951199,-3.8341236382560147,112.38483312928706
51700,Newport News city,VA,Expanded 2019-2022,2019.0,Metro,2018,22.6,-1.1999999999999993,15.1,17.5,10.766820447545506,39.76,8.2,11.47,12.107770494239793,1.0,47400.0,181275.0,22213.0,-4.875548576534817,-6.263637497557806,-3.4874596555118282,1083.005605305679
51710,Norfolk city,VA,Expanded 2019-2022,2019.0,Metro,2018,22.8,-2.3999999999999986,16.8,23.3,10.667768644254274,41.83,7.24,9.87,12.410921871488725,1.0,42900.0,245468.0,33321.0,-5.085735351217071,-6.3346172232245035,-3.836853479209648,1694.6178763790401
51720,Norton city,VA,Expanded 2019-2022,2019.0,Remote rural,2018,17.7,-6.100000000000001,11.2,22.0,10.382915384154703,6.42,3.07,15.05,8.318498320504338,7.0,32300.0,4099.0,769.0,-2.5428611276268254,-3.5491599753315244,-1.5365622799221246,19.554602071450287
51730,Petersburg city,VA,Expanded 2019-2022,2019.0,Metro,2018,18.5,-2.5,14.7,28.1,10.392772840063916,77.07,4.35,15.89,10.383163008509824,1.0,32600.0,32311.0,6326.0,-6.220482067241906,-7.70850420092711,-4.732459933556701,393.50769557372297
51735,Poquoson city,VA,Expanded 2019-2022,2019.0,Metro,2018,22.0,-6.5,11.5,5.5,11.324364483386255,0.97,2.16,17.68,9.400464740833158,1.0,82800.0,12094.0,492.0,-1.979826253263028,-2.5130878686765805,-1.4465646378494745,9.740745166054099
51740,Portsmouth city,VA,Expanded 2019-2022,2019.0,Metro,2018,19.3,-3.8000000000000007,14.1,20.9,10.6699084287665,52.91,3.65,13.5,11.472884415433045,1.0,43000.0,96075.0,12832.0,-5.98261401515575,-6.881704809902705,-5.083523220408801,767.6890304247859
51750,Radford city,VA,Expanded 2019-2022,2019.0,Metro,2018,12.9,-1.6999999999999993,10.3,31.3,10.452620010456705,8.77,2.8,8.63,9.747827400695664,3.0,34600.0,17117.0,4251.0,-2.769389874712094,-3.7578887701320864,-1.780890979292102,117.72676357401113
51760,Richmond city,VA,Expanded 2019-2022,2019.0,Metro,2018,22.9,-4.300000000000001,17.7,25.4,10.577681245178987,49.94,6.23,11.42,12.273076874310648,1.0,39200.0,213860.0,40091.0,-5.369772672829457,-7.117510941198937,-3.6220344044599817,2152.7955622640575
51770,Roanoke city,VA,Expanded 2019-2022,2019.0,Metro,2018,24.9,-2.5,16.8,23.3,10.524682128775064,28.39,5.77,14.5,11.501348712209706,2.0,37200.0,98849.0,15691.0,-6.3084250608909915,-7.939098471744616,-4.677751650037369,989.8549763044055
51775,Salem city,VA,Expanded 2019-2022,2019.0,Metro,2018,19.0,-8.5,11.6,10.1,10.77555467762812,6.96,2.97,17.71,10.139231385826076,2.0,47800.0,25317.0,2171.0,-1.9494682430835442,-2.4771839236947715,-1.4217525624723168,42.32295555734375
51790,Staunton city,VA,Expanded 2019-2022,2019.0,Metro,2018,19.6,-5.0,13.3,15.8,10.589408688004333,11.76,2.6,19.96,10.090008612393838,3.0,39700.0,24101.0,2900.0,-4.282492266877699,-5.0818312746434,-3.483153259112,124.19227573945328
51800,Suffolk city,VA,Expanded 2019-2022,2019.0,Metro,2018,21.5,-3.0,13.8,11.5,10.993193631733241,42.26,3.58,12.63,11.359203026767767,1.0,59500.0,85751.0,7557.0,-5.079268303274955,-5.779361289998599,-4.379175316551309,383.84030567848833
51810,Virginia Beach city,VA,Expanded 2019-2022,2019.0,Metro,2018,25.0,-1.5,15.4,9.0,11.043065825357488,18.89,7.41,11.84,13.011892045970837,1.0,62500.0,447706.0,30723.0,-4.29034924687886,-5.222941820323422,-3.3577566734342996,1318.1239991185923
51820,Waynesboro city,VA,Expanded 2019-2022,2019.0,Metro,2018,24.1,-1.8999999999999986,16.1,16.7,10.655705206673062,10.99,6.52,17.83,9.96019864412017,3.0,42400.0,21167.0,3029.0,-5.358822934702154,-6.073175613076824,-4.644470256327487,162.31874669212823
51830,Williamsburg city,VA,Expanded 2019-2022,2019.0,Metro,2018,20.4,-6.0,13.1,21.1,10.77645315967191,14.37,7.43,13.89,9.589940513889292,1.0,47900.0,14617.0,1604.0,-3.744168181863792,-4.391855657135391,-3.0964807065921924,60.05645763709522
51840,Winchester city,VA,Expanded 2019-2022,2019.0,Metro,2018,31.7,-3.3000000000000007,20.3,14.1,10.690648618528321,10.46,16.31,14.11,10.215410916235928,3.0,43900.0,27321.0,3599.0,-5.8527478059730695,-6.802515472106295,-4.902980139839844,210.64039353697078
53001,Adams County,WA,Expanded 2014,2014.0,"Rural, near a metro",2013,52.3,-0.20000000000000284,33.7,17.6,10.718210566991154,0.42,61.34,10.45,9.857338896510148,6.0,45200.0,19098.0,3205.0,-9.162871247191925,-11.748204197844393,-6.577538296539432,293.67002347250116
53003,Asotin County,WA,Expanded 2014,2014.0,Metro,2013,29.4,-1.8000000000000007,19.7,16.8,10.665274208812761,0.49,3.49,20.53,10.004644244495866,3.0,42800.0,22129.0,3098.0,-5.693679579823736,-6.241266341496248,-5.146092818151224,176.39019338293934
53005,Benton County,WA,Expanded 2014,2014.0,Metro,2013,43.5,-0.10000000000000142,25.2,13.2,10.989757318005852,1.36,19.87,12.86,12.12441780573635,2.0,59300.0,184318.0,19644.0,-9.35872507206573,-10.342568841585356,-8.374881302546102,1838.427953156592
53007,Chelan County,WA,Expanded 2014,2014.0,Metro,2013,46.1,1.7000000000000028,30.3,16.0,10.820438066706068,0.47,26.93,16.75,11.208070105475565,3.0,50000.0,73723.0,9371.0,-9.857509860448046,-11.443601647444149,-8.271418073451933,923.7472490225863
53009,Clallam County,WA,Expanded 2014,2014.0,Remote rural,2013,35.4,-3.0,24.3,17.5,10.747874036118608,0.87,5.63,25.95,11.18506008288446,5.0,46500.0,72046.0,8977.0,-8.41459576252711,-9.19895845392466,-7.63023307112956,755.3782616020587
53011,Clark County,WA,Expanded 2014,2014.0,Metro,2013,38.3,-1.6000000000000014,22.8,12.6,10.966230838123327,1.87,8.32,13.1,12.997573098261304,1.0,57900.0,441341.0,48205.0,-7.3768482232417645,-9.254864532981083,-5.498831913502451,3556.0096860136928
53013,Columbia County,WA,Expanded 2014,2014.0,Metro,2013,36.5,-3.6000000000000014,20.8,17.0,10.653298580213615,0.47,6.32,25.19,8.294549515143679,3.0,42300.0,4002.0,520.0,-8.54352073971465,-9.290288546156717,-7.796752933272585,44.42630784651618
53015,Cowlitz County,WA,Expanded 2014,2014.0,Metro,2013,36.1,0.5,22.9,15.9,10.788225695897177,0.67,8.24,17.41,11.527646575751621,3.0,48400.0,101483.0,15202.0,-8.316909331561371,-9.168059178274355,-7.46575948484839,1264.3365565839597
53017,Douglas County,WA,Expanded 2014,2014.0,Metro,2013,51.6,-0.5,30.6,14.4,10.80553736211994,0.38,30.04,15.34,10.58119109160222,3.0,49300.0,39387.0,5312.0,-9.51866575167259,-11.1623197389108,-7.875011764434384,505.6315247288479
53019,Ferry County,WA,Expanded 2014,2014.0,Remote rural,2013,37.8,1.5,27.6,22.1,10.553257393126504,0.51,3.9,20.91,8.935113740791747,9.0,38300.0,7594.0,1480.0,-9.465329670511364,-11.09004366835305,-7.840615672669681,140.0868791235682
53021,Franklin County,WA,Expanded 2014,2014.0,Metro,2013,51.2,2.4000000000000057,32.6,17.1,10.872750169176388,2.07,51.45,7.74,11.367298356083847,2.0,52700.0,86448.0,13104.0,-7.2244494427272485,-10.588334543802448,-3.860564341652074,946.6918549749787
53023,Garfield County,WA,Expanded 2014,2014.0,"Rural, near a metro",2013,34.1,-6.199999999999996,17.9,15.1,10.739803907735464,0.09,4.6,22.57,7.71289096149013,8.0,46200.0,2237.0,276.0,-5.991396892407295,-6.4790801199248635,-5.503713664889726,16.536255423044135
53025,Grant County,WA,Expanded 2014,2014.0,Remote rural,2013,47.7,-0.8999999999999986,31.8,18.4,10.737808721543033,0.85,39.66,12.39,11.426288563310505,5.0,46100.0,91701.0,14463.0,-9.971681944301947,-11.88219268858858,-8.061171200015318,1442.2043596043904
53027,Grays Harbor County,WA,Expanded 2014,2014.0,"Rural, near a metro",2013,41.4,2.1000000000000014,27.8,19.4,10.640436284325322,1.18,9.52,18.37,11.171082833559012,4.0,41800.0,71046.0,11330.0,-10.058004779352173,-11.90010262380712,-8.215906934897216,1139.5719415006013
53029,Island County,WA,Expanded 2014,2014.0,"Rural, near a metro",2013,34.5,-3.299999999999997,20.0,10.9,10.883804174174841,2.34,6.5,21.26,11.266999350758775,4.0,53300.0,78198.0,7622.0,-6.2916890760248885,-7.447269120354952,-5.136109031694825,479.55254137461696
53031,Jefferson County,WA,Expanded 2014,2014.0,"Rural, near a metro",2013,38.4,-2.0,23.4,13.6,10.772875338324026,0.97,3.13,30.39,10.309085985089528,6.0,47700.0,30004.0,3350.0,-9.943125279060444,-11.555456712299819,-8.330793845821074,333.0946968485249
53033,King County,WA,Expanded 2014,2014.0,Metro,2013,39.5,-1.8999999999999986,23.6,12.4,11.181347233147324,6.29,9.22,11.87,14.531994798621971,1.0,71800.0,2047223.0,212111.0,-7.247546216570664,-9.144835936160991,-5.350256496980336,15372.842755430203
53035,Kitsap County,WA,Expanded 2014,2014.0,Metro,2013,35.1,-2.5,21.1,11.4,11.043177802962084,2.64,6.88,15.19,12.438774371606481,2.0,62500.0,252401.0,24713.0,-6.142200414379314,-7.162574970849537,-5.12182585790909,1517.92198840556
53037,Kittitas County,WA,Expanded 2014,2014.0,"Rural, near a metro",2013,36.4,0.3999999999999986,23.4,19.0,10.763990695266562,0.98,8.25,14.31,10.64132125071848,4.0,47300.0,41828.0,8251.0,-8.641074718706177,-9.992984599403316,-7.289164838009034,712.9750750404467
53039,Klickitat County,WA,Expanded 2014,2014.0,"Rural, near a metro",2013,39.3,0.6999999999999957,25.1,15.9,10.77812260914145,0.31,11.76,20.28,9.94611591459175,6.0,48000.0,20871.0,3035.0,-10.280052850484893,-11.340383265393797,-9.219722435575992,311.9996040122165
53041,Lewis County,WA,Expanded 2014,2014.0,"Rural, near a metro",2013,37.3,-0.10000000000000142,23.5,18.9,10.629222922689225,0.65,9.39,18.8,11.224736597452853,4.0,41300.0,74962.0,11061.0,-9.729435019849697,-11.36724592364861,-8.091624116050786,1076.172807545575
53043,Lincoln County,WA,Expanded 2014,2014.0,"Rural, near a metro",2013,34.8,-1.2000000000000028,19.7,14.1,10.776766393816992,0.31,2.9,23.09,9.23941361946189,8.0,47900.0,10295.0,1177.0,-6.788366727981779,-7.298371830429608,-6.278361625533949,79.89907638834553
53045,Mason County,WA,Expanded 2014,2014.0,"Rural, near a metro",2013,43.0,2.299999999999997,25.7,18.2,10.755474402409464,1.17,8.62,20.51,11.009968799582932,4.0,46900.0,60474.0,7853.0,-10.684729925406954,-11.692795731570122,-9.676664119243775,839.0718410422081
53047,Okanogan County,WA,Expanded 2014,2014.0,"Rural, near a metro",2013,46.8,0.19999999999999574,33.3,21.7,10.571675835054878,0.56,18.8,19.42,10.62261919381804,6.0,39000.0,41053.0,7163.0,-9.866074168559283,-11.968143238858833,-7.764005098259735,706.7068926939014
53049,Pacific County,WA,Expanded 2014,2014.0,Remote rural,2013,37.7,-2.8999999999999986,25.9,19.0,10.482989997850549,0.54,8.61,27.55,9.925346886889022,7.0,35700.0,20442.0,3066.0,-10.06834779060813,-10.916571154277058,-9.220124426939202,308.6955432600452
53051,Pend Oreille County,WA,Expanded 2014,2014.0,Metro,2013,32.9,0.7999999999999972,20.2,18.8,10.711792102483521,0.57,3.32,22.25,9.463819123086465,2.0,44900.0,12885.0,2009.0,-6.337394203870307,-7.1728853410327,-5.501903066707914,127.31824955575448
53053,Pierce County,WA,Expanded 2014,2014.0,Metro,2013,34.4,-5.0,22.3,14.1,10.961607653402877,6.74,9.81,12.18,13.618293004649306,1.0,57600.0,821012.0,95261.0,-5.318819184315516,-6.111977323623542,-4.525661045007494,5066.760343170804
53055,San Juan County,WA,Expanded 2014,2014.0,Remote rural,2013,45.5,3.200000000000003,29.6,10.4,10.944947309699929,0.54,5.62,27.91,9.67464026580524,9.0,56700.0,15909.0,1680.0,-10.155230279136802,-12.385717262278165,-7.92474329599545,170.60786868949828
53057,Skagit County,WA,Expanded 2014,2014.0,Metro,2013,41.5,-2.5,26.5,16.3,10.869044525713202,0.61,17.49,17.88,11.680598588758363,3.0,52500.0,118255.0,14691.0,-9.881979624631896,-11.63243906377028,-8.131520185493518,1451.7616266546718
53059,Skamania County,WA,Expanded 2014,2014.0,Metro,2013,37.9,2.1999999999999957,20.9,13.0,10.8774243571031,0.54,5.43,17.09,9.33326571881348,1.0,53000.0,11308.0,1360.0,-8.252967116965646,-9.478840518985706,-7.027093714945593,112.24035279073277
53061,Snohomish County,WA,Expanded 2014,2014.0,Metro,2013,40.1,-5.5,23.6,11.2,11.119038075672119,2.76,9.4,11.61,13.519946840119985,1.0,67400.0,744112.0,69301.0,-8.020636760142878,-9.496921958620472,-6.544351561665289,5558.381481146616
53063,Spokane County,WA,Expanded 2014,2014.0,Metro,2013,35.6,0.30000000000000426,22.5,17.0,10.770104730166711,1.72,5.0,14.16,13.078060331047418,2.0,47600.0,478332.0,69541.0,-7.112223095662623,-9.362636597259108,-4.861809594066139,4945.911062954745
53065,Stevens County,WA,Expanded 2014,2014.0,Metro,2013,37.3,0.3999999999999986,24.0,16.5,10.684531135002258,0.45,3.31,19.84,10.675237943652137,2.0,43700.0,43271.0,6257.0,-9.672152276630344,-10.74038622593577,-8.603918327324914,605.1865679487606
53067,Thurston County,WA,Expanded 2014,2014.0,Metro,2013,33.7,-3.1999999999999957,20.8,12.5,11.000047737078107,2.9,7.99,14.48,12.47553473763913,2.0,59900.0,261852.0,28456.0,-5.447048646758883,-6.454800324451246,-4.439296969066523,1550.0121629217076
53069,Wahkiakum County,WA,Expanded 2014,2014.0,"Rural, near a metro",2013,40.2,2.0,22.6,14.9,10.75062111371267,0.25,3.79,29.42,8.302513718514158,8.0,46700.0,4034.0,490.0,-11.138204876895685,-13.103805881985968,-9.172603871805402,54.57720389678886
53071,Walla Walla County,WA,Expanded 2014,2014.0,Metro,2013,40.6,-4.100000000000001,24.8,17.3,10.742767642044035,1.75,20.72,16.02,10.99139272406055,3.0,46300.0,59361.0,8224.0,-9.862237311412278,-11.232290407563783,-8.492184215260776,811.0703964905457
53073,Whatcom County,WA,Expanded 2014,2014.0,Metro,2013,37.5,4.200000000000003,25.1,16.4,10.841911527044745,0.94,8.55,14.85,12.235985753929917,3.0,51100.0,206073.0,32110.0,-6.662032776590565,-8.277506705354307,-5.046558847826824,2139.1787245632304
53075,Whitman County,WA,Expanded 2014,2014.0,"Rural, near a metro",2013,27.2,1.5,17.8,26.4,10.662001036527325,2.05,5.4,9.67,10.753467527122861,4.0,42700.0,46792.0,12003.0,-5.067734635581048,-6.090849179260773,-4.044620091901323,608.2801883087932
53077,Yakima County,WA,Expanded 2014,2014.0,Metro,2013,52.5,0.29999999999999716,37.5,21.1,10.643470607933105,0.77,47.1,12.36,12.415056418686351,3.0,41900.0,246485.0,44118.0,-10.865255859988011,-14.204050250250214,-7.526461469725819,4793.533580309511
54001,Barbour County,WV,Expanded 2014,2014.0,"Rural, near a metro",2013,39.6,-3.1000000000000014,22.2,21.4,10.478920445076517,0.87,0.71,17.62,9.733351450605975,6.0,35600.0,16871.0,2748.0,-11.530334700863621,-12.67453815036229,-10.386131251364953,316.8535975797323
54003,Berkeley County,WV,Expanded 2014,2014.0,Metro,2013,41.7,-4.899999999999999,21.6,13.2,10.896924493586937,6.95,3.88,12.88,11.59445936795149,2.0,54000.0,108495.0,13493.0,-10.519141465620324,-12.289848265629196,-8.748434665611452,1419.3477579561504
54005,Boone County,WV,Expanded 2014,2014.0,Metro,2013,36.0,-1.0,18.7,22.5,10.547917066298643,0.59,0.55,15.87,10.089510583746897,3.0,38100.0,24089.0,3928.0,-9.000306565079036,-10.347092299959241,-7.653520830198838,353.5320418763045
54007,Braxton County,WV,Expanded 2014,2014.0,"Rural, near a metro",2013,38.8,0.8999999999999986,22.4,22.3,10.471524922053229,0.56,0.57,19.29,9.573941275985648,8.0,35300.0,14385.0,2668.0,-10.810586643264061,-11.762892954370235,-9.858280332157888,288.42645164228514
54009,Brooke County,WV,Expanded 2014,2014.0,Metro,2013,37.3,-5.100000000000001,17.9,14.7,10.685538069201806,1.39,0.88,20.3,10.068535780659627,3.0,43700.0,23589.0,2810.0,-8.573253922808785,-9.784259348077278,-7.362248497540301,240.90843523092687
54011,Cabell County,WV,Expanded 2014,2014.0,Metro,2013,37.1,0.30000000000000426,21.1,23.4,10.535503733091842,4.89,1.28,16.76,11.482734262805998,2.0,37600.0,97026.0,18293.0,-10.939859516074016,-12.430595278687441,-9.449123753460588,2001.2285012754198
54013,Calhoun County,WV,Expanded 2014,2014.0,"Rural, near a metro",2013,39.8,1.3999999999999986,22.8,21.0,10.371802256349902,0.16,1.19,20.43,8.92903790648844,8.0,31900.0,7548.0,1363.0,-11.27409600286702,-12.223617322551359,-10.324574683182686,153.66592851907748
54015,Clay County,WV,Expanded 2014,2014.0,Metro,2013,37.2,-1.0999999999999943,20.2,23.6,10.393293809078044,0.13,0.57,17.66,9.120306249272202,3.0,32600.0,9139.0,1788.0,-10.390390312906161,-12.032330689284134,-8.74844993652819,185.78017879476218
54017,Doddridge County,WV,Expanded 2014,2014.0,Remote rural,2013,40.1,-3.8999999999999986,19.9,18.1,10.58149571425327,1.7,0.64,18.03,9.053569596026234,9.0,39400.0,8549.0,1204.0,-12.1060361181327,-12.992663956776626,-11.219408279488773,145.7566748623177
54019,Fayette County,WV,Expanded 2014,2014.0,Metro,2013,39.6,-0.10000000000000142,22.3,22.6,10.425846412115792,4.57,1.02,17.92,10.726719568158678,3.0,33700.0,45557.0,7842.0,-12.125055872614546,-13.890386218779224,-10.35972552644986,950.8468815304327
54021,Gilmer County,WV,Expanded 2014,2014.0,Remote rural,2013,39.7,-2.5999999999999943,21.8,31.1,10.472883925659898,11.81,6.02,14.78,9.06207235530708,7.0,35300.0,8622.0,1218.0,-10.704230679257044,-12.147731566545362,-9.260729791968727,130.3775296733508
54023,Grant County,WV,Expanded 2014,2014.0,Remote rural,2013,42.5,-1.8999999999999986,22.0,16.7,10.552369316798059,0.73,1.2,20.78,9.370757093382087,7.0,38300.0,11740.0,1662.0,-12.488097693301105,-13.594263852670402,-11.381931533931812,207.55218366266436
54025,Greenbrier County,WV,Expanded 2014,2014.0,"Rural, near a metro",2013,40.8,-3.3000000000000043,23.2,17.7,10.524547794201172,2.68,1.35,20.55,10.485647304906445,6.0,37200.0,35798.0,5953.0,-11.626437257713091,-12.77427382157633,-10.478600693849852,692.1218099516602
54027,Hampshire County,WV,Expanded 2014,2014.0,Metro,2013,45.2,-0.3999999999999986,25.2,16.9,10.530601762491635,1.11,1.14,19.01,10.064032034093815,3.0,37400.0,23483.0,3902.0,-11.8217138959436,-13.755252365440697,-9.888175426446502,461.2832762197192
54029,Hancock County,WV,Expanded 2014,2014.0,Metro,2013,38.6,-2.299999999999997,19.1,14.6,10.602840437817578,2.46,1.22,20.05,10.321605606767609,3.0,40200.0,30382.0,4452.0,-10.863849272736221,-12.223673672692273,-9.504024872780173,483.6585696222166
54031,Hardy County,WV,Expanded 2014,2014.0,"Rural, near a metro",2013,42.1,-0.7999999999999972,22.1,18.0,10.49274535700381,2.53,3.8,18.86,9.544524278079383,6.0,36100.0,13968.0,2370.0,-12.597257548807193,-14.099595070880946,-11.094920026733424,298.55500390673046
54033,Harrison County,WV,Expanded 2014,2014.0,Remote rural,2013,39.2,-3.8999999999999986,21.4,16.1,10.650104407449692,1.64,1.43,17.4,11.140513048357864,5.0,42200.0,68907.0,9913.0,-11.193468833083987,-12.085185199233898,-10.30175246693408,1109.6085654236156
54035,Jackson County,WV,Expanded 2014,2014.0,"Rural, near a metro",2013,39.2,-3.1999999999999957,20.0,18.1,10.562043288326453,0.42,0.78,18.46,10.281684233490099,6.0,38600.0,29193.0,4125.0,-11.099208986242084,-12.022770297906971,-10.175647674577197,457.842370682486
54037,Jefferson County,WV,Expanded 2014,2014.0,Metro,2013,46.2,-0.29999999999999716,23.6,11.3,11.080849405435773,6.39,5.14,13.6,10.915106645867503,1.0,64900.0,55001.0,5590.0,-10.978449161444017,-12.75729073953644,-9.199607583351593,613.6953081247206
54039,Kanawha County,WV,Expanded 2014,2014.0,Metro,2013,36.5,-3.0,20.5,15.3,10.73330494447094,7.37,1.02,17.72,12.162846722220381,3.0,45900.0,191539.0,25927.0,-7.966915281387403,-9.164935764072776,-6.76889479870203,2065.582125005312
54041,Lewis County,WV,Expanded 2014,2014.0,Remote rural,2013,37.4,-4.899999999999999,19.6,17.4,10.557426019870793,0.46,0.81,19.01,9.709902803463462,7.0,38500.0,16480.0,2640.0,-9.618132573943505,-10.471338549350612,-8.764926598536405,253.91869995210854
54043,Lincoln County,WV,Expanded 2014,2014.0,Metro,2013,37.5,-0.7000000000000028,20.8,23.7,10.477963803378394,0.25,0.58,16.29,9.973573160102816,2.0,35500.0,21452.0,4153.0,-10.763049929937345,-12.43503963910291,-9.09106022077178,446.989463590298
54045,Logan County,WV,Expanded 2014,2014.0,"Rural, near a metro",2013,35.4,-4.300000000000004,19.9,22.2,10.484948697900347,1.96,0.8,16.35,10.48941137230805,6.0,35800.0,35933.0,6551.0,-8.546948640536291,-9.763182164109573,-7.330715116963007,559.9106054415324
54047,McDowell County,WV,Expanded 2014,2014.0,Remote rural,2013,36.7,1.2000000000000028,21.5,36.5,10.13479766651673,8.95,1.02,17.51,9.950275714034888,7.0,25200.0,20958.0,5102.0,-9.62879332871218,-11.282839634766857,-7.9747470226575015,491.2610356308954
54049,Marion County,WV,Expanded 2014,2014.0,"Rural, near a metro",2013,38.6,-4.600000000000001,20.2,15.3,10.638376304675711,3.37,1.13,17.76,10.94593505120364,4.0,41700.0,56723.0,8033.0,-10.991961249198978,-12.05370440691037,-9.930218091487585,882.9842471481539
54051,Marshall County,WV,Expanded 2014,2014.0,Metro,2013,40.8,1.8999999999999986,19.2,16.9,10.635446708881462,0.61,0.95,19.14,10.393385716619122,3.0,41600.0,32643.0,4570.0,-12.468336837030733,-13.762710453845138,-11.173963220216326,569.8029934523045
54053,Mason County,WV,Expanded 2014,2014.0,"Rural, near a metro",2013,32.9,1.5,17.7,22.3,10.503806470784879,0.75,0.62,18.49,10.208911306464065,6.0,36500.0,27144.0,4338.0,-5.965947934940339,-6.75596483324415,-5.175931036636529,258.8028214177119
54055,Mercer County,WV,Expanded 2014,2014.0,"Rural, near a metro",2013,36.8,-1.6000000000000014,20.9,26.7,10.443483553601899,6.12,1.03,19.01,11.033453148862234,4.0,34300.0,61911.0,11648.0,-10.190622671268246,-11.544114645375485,-8.837130697161006,1187.0037287493253
54057,Mineral County,WV,Expanded 2014,2014.0,Metro,2013,39.9,-2.3999999999999986,19.6,16.4,10.553727232084796,2.84,0.88,19.01,10.22886272963353,3.0,38300.0,27691.0,3871.0,-12.10386640078121,-12.989496244589679,-11.218236556972743,468.54066837424057
54059,Mingo County,WV,Expanded 2014,2014.0,Remote rural,2013,35.0,0.20000000000000284,20.6,24.9,10.386870034471961,1.79,0.69,15.03,10.16635169204527,7.0,32400.0,26013.0,5071.0,-8.480741652349604,-9.903750617299714,-7.057732687399494,430.0584091906484
54061,Monongalia County,WV,Expanded 2014,2014.0,Metro,2013,34.0,0.7000000000000028,19.7,19.2,10.763863802448526,3.73,2.0,10.63,11.535332540881056,3.0,47300.0,102266.0,21505.0,-6.010135243826446,-7.692782447168286,-4.3274880404846074,1292.4795841848772
54063,Monroe County,WV,Expanded 2014,2014.0,"Rural, near a metro",2013,45.4,-1.7000000000000028,24.1,17.3,10.512899800876138,0.77,0.8,21.93,9.511925349596956,8.0,36800.0,13520.0,1965.0,-11.734828103585274,-12.99641638364363,-10.473239823526928,230.58937223545064
54065,Morgan County,WV,Expanded 2014,2014.0,"Rural, near a metro",2013,45.3,-2.0,23.4,15.4,10.662399065120399,0.72,1.47,19.97,9.766808353620874,8.0,42700.0,17445.0,2480.0,-12.306321358687986,-13.336025064031926,-11.276617653344047,305.1967696954621
54067,Nicholas County,WV,Expanded 2014,2014.0,"Rural, near a metro",2013,40.6,-0.6000000000000014,20.8,18.6,10.557139982397933,0.25,0.64,18.61,10.163849814332947,6.0,38500.0,25948.0,4178.0,-12.497449038283895,-14.28445862694959,-10.710439449618192,522.1434208195011
54069,Ohio County,WV,Expanded 2014,2014.0,Metro,2013,37.8,-1.6000000000000014,18.6,15.3,10.62154683379229,3.46,0.96,19.37,10.685835378554376,3.0,41000.0,43732.0,5675.0,-10.321799816322915,-11.704219213533232,-8.939380419112581,585.7621395763255
54071,Pendleton County,WV,Expanded 2014,2014.0,"Rural, near a metro",2013,43.1,-2.8999999999999986,23.2,18.0,10.515099245113555,2.31,1.3,23.7,8.905851181208021,8.0,36900.0,7375.0,1098.0,-11.488763107095803,-12.553710112163458,-10.423816102028152,126.14661891591193
54073,Pleasants County,WV,Expanded 2014,2014.0,"Rural, near a metro",2013,39.6,-1.8999999999999986,16.0,15.0,10.672947415945236,1.32,0.88,17.31,8.925055424124123,6.0,43200.0,7518.0,864.0,-10.737069715511735,-13.284397661786784,-8.189741769236687,92.7682823420214
54075,Pocahontas County,WV,Expanded 2014,2014.0,Remote rural,2013,43.5,-0.7999999999999972,22.0,19.2,10.379690675149634,1.03,1.37,21.65,9.068776807654396,9.0,32200.0,8680.0,1551.0,-12.410105781915059,-13.61338057787199,-11.206830985958128,192.48074067750255
54077,Preston County,WV,Expanded 2014,2014.0,Metro,2013,42.7,-2.6999999999999957,22.4,17.0,10.6498673956928,1.15,0.86,17.06,10.424718849016,3.0,42200.0,33682.0,4211.0,-12.516753752370557,-13.483114820327987,-11.550392684413133,527.0805005123242
54079,Putnam County,WV,Expanded 2014,2014.0,Metro,2013,42.8,-4.100000000000001,18.8,11.0,10.934926741499206,0.96,1.04,15.73,10.941854314188955,2.0,56100.0,56492.0,5235.0,-11.360385504454678,-12.016763000496224,-10.704008008413131,594.7161811582024
54081,Raleigh County,WV,Expanded 2014,2014.0,Metro,2013,38.2,-2.0999999999999943,21.3,20.2,10.596584731846031,7.98,1.46,17.47,11.274655585410118,3.0,40000.0,78799.0,11263.0,-12.051866837435753,-13.660783131111163,-10.442950543760347,1357.401761900389
54083,Randolph County,WV,Expanded 2014,2014.0,Remote rural,2013,39.1,-0.6999999999999957,21.0,18.5,10.476104176458326,1.46,0.77,19.2,10.292891027096942,7.0,35500.0,29522.0,4373.0,-11.352634595044936,-12.171376983131251,-10.53389220695862,496.4507108413151
54085,Ritchie County,WV,Expanded 2014,2014.0,"Rural, near a metro",2013,43.0,1.6000000000000014,23.0,19.1,10.549202396661185,0.31,0.72,19.93,9.224933374279082,8.0,38100.0,10147.0,1722.0,-12.531733157546602,-13.95784708103046,-11.10561923406275,215.7964449729525
54087,Roane County,WV,Expanded 2014,2014.0,"Rural, near a metro",2013,37.0,-2.700000000000003,21.8,23.1,10.490774092396565,0.23,0.84,18.92,9.589256144850811,6.0,36000.0,14607.0,2756.0,-10.047036196602786,-11.72626048068104,-8.367811912524534,276.8963175783728
54089,Summers County,WV,Expanded 2014,2014.0,"Rural, near a metro",2013,36.4,-2.0,21.5,22.6,10.343386292962181,4.65,1.74,20.61,9.517015920920498,6.0,31100.0,13589.0,2162.0,-9.640931251716074,-11.085395693268229,-8.196466810163923,208.43693366210152
54091,Taylor County,WV,Expanded 2014,2014.0,"Rural, near a metro",2013,40.7,-2.3999999999999986,20.9,17.2,10.564111541390513,1.02,0.93,17.46,9.740380214665977,6.0,38700.0,16990.0,2463.0,-12.637712500296203,-14.154603216124357,-11.120821784468037,311.2668588822955
54093,Tucker County,WV,Expanded 2014,2014.0,"Rural, near a metro",2013,43.0,-3.1000000000000014,20.8,16.3,10.534519939024273,0.31,0.73,22.85,8.865029186687766,8.0,37600.0,7080.0,1092.0,-11.61618028656205,-12.492171065198315,-10.740189507925786,126.84868872925759
54095,Tyler County,WV,Expanded 2014,2014.0,Remote rural,2013,44.6,2.1000000000000014,20.3,17.9,10.5815464756746,0.2,0.61,20.12,9.105757331783742,9.0,39400.0,9007.0,1209.0,-12.788896293269685,-13.691182280376825,-11.886610306162545,154.6177561856305
54097,Upshur County,WV,Expanded 2014,2014.0,Remote rural,2013,39.0,-3.6000000000000014,20.7,20.6,10.536778565942708,0.83,1.09,17.71,10.110542371500753,7.0,37700.0,24601.0,3794.0,-11.482246993216517,-13.053352609253455,-9.911141377179579,435.63645092263465
54099,Wayne County,WV,Expanded 2014,2014.0,Metro,2013,38.5,-1.8999999999999986,20.6,20.0,10.562974531603437,0.36,0.6,18.19,10.641608098738805,2.0,38700.0,41840.0,7004.0,-11.127150033455715,-12.304912340258957,-9.949387726652475,779.3455883432383
54101,Webster County,WV,Expanded 2014,2014.0,Remote rural,2013,33.9,-2.200000000000003,19.2,27.1,10.367378789112905,0.24,0.46,19.97,9.086249986745132,9.0,31800.0,8833.0,1962.0,-6.837504475792155,-7.762130808327932,-5.912878143256371,134.1518378150421
54103,Wetzel County,WV,Expanded 2014,2014.0,"Rural, near a metro",2013,40.3,-1.0,20.6,19.7,10.58263722345222,0.34,0.68,20.83,9.687319614958344,6.0,39400.0,16112.0,2356.0,-12.304441731654624,-13.888088518900942,-10.720794944408306,289.89264719778294
54105,Wirt County,WV,Expanded 2014,2014.0,Metro,2013,41.1,-0.3999999999999986,19.6,21.3,10.522234410519824,0.31,0.67,17.52,8.67214355141406,3.0,37100.0,5838.0,1047.0,-12.807925976167725,-14.100910798896404,-11.514941153439054,134.09898497047607
54107,Wood County,WV,Expanded 2014,2014.0,Metro,2013,36.4,-2.1000000000000014,19.8,17.9,10.626314887197484,1.15,0.96,18.19,11.368153995842357,3.0,41200.0,86522.0,12773.0,-8.823040122639119,-10.468449668635756,-7.177630576642478,1126.9669148646947
54109,Wyoming County,WV,Expanded 2014,2014.0,"Rural, near a metro",2013,37.3,0.09999999999999432,19.5,24.3,10.449438978277493,0.59,0.54,16.63,10.040637390683361,6.0,34500.0,22940.0,4049.0,-10.67045183874556,-12.279792659300862,-9.061111018190262,432.0465949508077
55001,Adams County,WI,Not expanded by 2023,,"Rural, near a metro",2023,11.3,-2.6999999999999993,8.6,15.1,10.687708679995445,3.0,3.85,26.03,9.923927231773584,8.0,43800.0,20413.0,2049.0,-1.988798537778457,-2.5365483829787236,-1.4410486925781905,40.75048203908058
55003,Ashland County,WI,Not expanded by 2023,,Remote rural,2023,8.8,-6.1,7.9,18.1,10.542943829898158,0.44,2.42,16.61,9.678467241209058,7.0,37900.0,15970.0,1769.0,-2.3182467144490024,-2.914657921391621,-1.7218355075063816,41.00978437860286
55005,Barron County,WI,Not expanded by 2023,,"Rural, near a metro",2023,12.9,-4.799999999999999,9.7,13.5,10.693897550716283,0.97,2.23,19.53,10.727246242006135,6.0,44100.0,45581.0,4176.0,-1.9358995727298258,-2.50738650163667,-1.3644126438229836,80.84316615719752
55007,Bayfield County,WI,Not expanded by 2023,,"Rural, near a metro",2023,10.3,-6.599999999999998,8.6,13.9,10.724720072859292,0.47,1.48,23.2,9.62331057957012,8.0,45500.0,15113.0,1380.0,-2.0556943889358346,-2.4820933136653673,-1.6292954642062987,28.368582567314515
55009,Brown County,WI,Not expanded by 2023,,Metro,2023,13.2,-4.900000000000002,9.9,12.1,10.858152485527174,2.27,7.88,12.58,12.445919909814616,2.0,52000.0,254211.0,21280.0,-1.282681883055721,-2.0583582242675114,-0.5070055418439309,272.95470471425745
55011,Buffalo County,WI,Not expanded by 2023,,"Rural, near a metro",2023,12.2,-4.699999999999999,8.1,12.0,10.787626924393198,0.34,1.89,19.39,9.50039462857302,8.0,48400.0,13365.0,1076.0,-1.977291377414507,-2.2541170615231136,-1.7004656933059012,21.275655220980095
55013,Burnett County,WI,Not expanded by 2023,,"Rural, near a metro",2023,10.8,-6.300000000000001,9.2,14.3,10.630746262724841,0.6,1.52,25.38,9.633579908183512,8.0,41400.0,15269.0,1503.0,-2.120761192939185,-2.4172262558291933,-1.8242961300491787,31.87504072987595
55015,Calumet County,WI,Not expanded by 2023,,Metro,2023,13.6,-2.700000000000001,6.7,6.4,11.107315346348548,0.5,3.7,12.79,10.812713386688161,3.0,66700.0,49648.0,2578.0,-1.7567723540993292,-2.260941181462332,-1.2526035267363278,45.289591288680704
55017,Chippewa County,WI,Not expanded by 2023,,Metro,2023,12.4,-2.9000000000000004,8.7,11.5,10.809546113844034,1.52,1.41,15.72,11.052285856117408,3.0,49500.0,63088.0,5150.0,-1.5696934655609796,-2.1111583351845136,-1.0282285959374455,80.83921347639044
55019,Clark County,WI,Not expanded by 2023,,"Rural, near a metro",2023,23.5,-2.8999999999999986,19.4,14.5,10.65671803195308,0.38,3.98,15.95,10.449815446144616,6.0,42500.0,34538.0,3068.0,-5.152299158291352,-6.178414100985078,-4.126184215597629,158.07253817637869
55021,Columbia County,WI,Not expanded by 2023,,Metro,2023,12.8,-5.0,7.9,9.2,10.961503515663267,1.36,2.79,15.82,10.943428518789158,2.0,57600.0,56581.0,3949.0,-1.6385556946014495,-2.24234860918218,-1.034762780020719,64.70656437981124
55023,Crawford County,WI,Not expanded by 2023,,Remote rural,2023,11.6,-2.9000000000000004,7.8,14.3,10.635807368170546,1.9,1.07,19.83,9.704548689918736,7.0,41600.0,16392.0,1562.0,-2.1467508565460496,-2.5438826110618415,-1.7496191020302605,33.53224837924929
55025,Dane County,WI,Not expanded by 2023,,Metro,2023,11.2,-3.200000000000001,6.8,13.7,11.007518467231098,5.14,6.08,11.45,13.141699229111065,2.0,60300.0,509762.0,51819.0,-1.5458363619907654,-2.3670633882371708,-0.7246093357443613,801.0369444199947
55027,Dodge County,WI,Not expanded by 2023,,"Rural, near a metro",2023,12.4,-2.6999999999999993,8.0,9.4,10.851722588592787,2.97,4.34,15.58,11.384330439839488,4.0,51600.0,87933.0,5954.0,-1.3972597769638435,-1.9166553593082718,-0.8778641946194131,83.19284712042723
55029,Door County,WI,Not expanded by 2023,,"Rural, near a metro",2023,13.5,-3.6000000000000014,9.1,10.1,10.854392248926331,0.59,2.77,24.92,10.225897085506967,6.0,51800.0,27609.0,2025.0,-1.728899089033586,-2.0828244652021093,-1.3749737128650632,35.01020655293012
55031,Douglas County,WI,Not expanded by 2023,,Metro,2023,10.6,-2.5,8.0,17.3,10.678606348461217,1.15,1.35,15.51,10.686475437095863,2.0,43400.0,43760.0,3965.0,-1.871090829545663,-2.1998615315217345,-1.542320127569592,74.18875139148554
55033,Dunn County,WI,Not expanded by 2023,,"Rural, near a metro",2023,11.1,-4.800000000000001,7.2,14.9,10.828242362822413,0.65,1.63,13.55,10.692989821338836,6.0,50400.0,44046.0,4522.0,-1.6138356041324506,-2.3190848566229794,-0.9085863516419219,72.97764601886942
55035,Eau Claire County,WI,Not expanded by 2023,,Metro,2023,12.1,-7.200000000000001,7.8,13.7,10.806591722606107,0.92,2.17,13.63,11.530116842782805,3.0,49300.0,101734.0,10497.0,-1.5136312000302534,-2.103280514542206,-0.9239818855183013,158.8858670671757
55037,Florence County,WI,Not expanded by 2023,,Remote rural,2023,13.3,-5.399999999999999,8.1,13.5,10.695099024366057,0.34,0.91,22.72,8.38548870041881,9.0,44100.0,4383.0,377.0,-2.086584884196719,-2.5129751783031384,-1.6601945900903026,7.866425013421632
55039,Fond du Lac County,WI,Not expanded by 2023,,Metro,2023,11.6,-4.799999999999999,7.4,9.1,10.908686195175605,1.35,4.65,16.06,11.5306376735688,3.0,54600.0,101787.0,7167.0,-1.4653261132194013,-2.159182197087744,-0.7714700293510611,105.0199225344345
55041,Forest County,WI,Not expanded by 2023,,Remote rural,2023,10.4,-11.1,10.4,18.1,10.60045243638427,0.94,1.9,21.45,9.114930187171524,9.0,40200.0,9090.0,950.0,-2.452928731279248,-2.955188632831725,-1.9506688297267718,23.302822947152855
55043,Grant County,WI,Not expanded by 2023,,"Rural, near a metro",2023,14.0,-2.1000000000000014,9.6,17.2,10.733217714882608,1.16,1.36,16.07,10.839463257726681,6.0,45900.0,50994.0,5631.0,-1.8089953397868057,-2.243469642314725,-1.3745210372588876,101.86452758339503
55045,Green County,WI,Not expanded by 2023,,Metro,2023,11.5,-5.0,7.5,10.7,10.928309767233483,0.54,2.92,16.05,10.516887815005818,2.0,55700.0,36934.0,2366.0,-1.6126790710537282,-2.2039081415118567,-1.0214500005955989,38.155986821131215
55047,Green Lake County,WI,Not expanded by 2023,,"Rural, near a metro",2023,14.8,-6.300000000000001,10.4,13.9,10.696118011581023,0.52,4.32,20.04,9.84585843969949,6.0,44200.0,18880.0,1657.0,-1.8863310503250206,-2.322482243572506,-1.450179857077535,31.25650550388559
55049,Iowa County,WI,Not expanded by 2023,,Metro,2023,11.8,-2.0,7.3,11.0,10.881550482802885,0.48,1.66,15.45,10.067135844064461,2.0,53200.0,23556.0,1592.0,-1.7058741362316547,-2.3293911699973875,-1.0823571024659215,27.157516248807944
55051,Iron County,WI,Not expanded by 2023,,Remote rural,2023,11.1,-3.0999999999999996,6.5,15.3,10.529746787554442,0.12,0.91,27.43,8.67060073804555,9.0,37400.0,5829.0,541.0,-2.3392321503151368,-2.7626169253937567,-1.9158473752365168,12.65524593320489
55053,Jackson County,WI,Not expanded by 2023,,"Rural, near a metro",2023,11.2,-9.5,9.3,16.0,10.745959501206636,2.01,3.06,17.14,9.931054080253933,6.0,46400.0,20559.0,2038.0,-1.888942060700754,-2.4859991953275538,-1.2918849260739567,38.49663919708137
55055,Jefferson County,WI,Not expanded by 2023,,"Rural, near a metro",2023,12.6,-4.299999999999999,8.0,10.6,10.866642786157566,0.87,6.72,14.52,11.345736825800465,4.0,52400.0,84604.0,5579.0,-1.4297666719118804,-2.0516507911680777,-0.8078825526556832,79.76668262596381
55057,Juneau County,WI,Not expanded by 2023,,Remote rural,2023,11.5,-3.0999999999999996,9.1,14.8,10.718122010680352,2.24,2.88,18.84,10.187425123082926,7.0,45200.0,26567.0,2756.0,-1.983819275126532,-2.4479101664132137,-1.519728383839853,54.674059222487216
55059,Kenosha County,WI,Not expanded by 2023,,Metro,2023,14.2,-3.5,9.2,15.8,10.857632679961252,6.64,12.3,12.11,12.027543886974914,1.0,51900.0,167300.0,14467.0,-1.3298022853947453,-1.9765485968203382,-0.683055973969152,192.38249662805782
55061,Kewaunee County,WI,Not expanded by 2023,,Metro,2023,13.0,-5.600000000000001,7.5,10.0,10.877178891141387,0.34,2.35,17.91,9.921818509220852,2.0,53000.0,20370.0,1279.0,-1.7591977118659305,-2.275929869683584,-1.2424655540482772,22.50013873476525
55063,La Crosse County,WI,Not expanded by 2023,,Metro,2023,9.9,-4.0,5.7,14.8,10.845913758014909,1.34,1.68,14.17,11.66891160217169,3.0,51300.0,116881.0,11620.0,-1.320881627659121,-2.191549836674569,-0.4502134186436746,153.4864451339899
55065,Lafayette County,WI,Not expanded by 2023,,"Rural, near a metro",2023,17.2,-2.1999999999999993,11.9,11.7,10.745528763777509,0.35,3.25,16.1,9.721305985943088,8.0,46400.0,16669.0,1492.0,-1.8261049420980902,-2.2314743312885117,-1.4207355529076695,27.245485736103504
55067,Langlade County,WI,Not expanded by 2023,,"Rural, near a metro",2023,11.8,-2.8999999999999986,9.6,16.1,10.646019958276817,0.57,1.67,21.3,9.873440631183831,6.0,42000.0,19408.0,2021.0,-2.090391845140064,-2.388717026235201,-1.7920666640449272,42.24681919028069
55069,Lincoln County,WI,Not expanded by 2023,,"Rural, near a metro",2023,12.3,-3.3999999999999986,8.2,12.4,10.77312683156647,0.71,1.36,19.55,10.25079374647076,6.0,47700.0,28305.0,2290.0,-1.984085190007187,-2.41476791845961,-1.553402461554764,45.435550851164585
55071,Manitowoc County,WI,Not expanded by 2023,,"Rural, near a metro",2023,12.1,-2.9000000000000004,8.4,10.7,10.775512868112267,0.65,3.44,17.95,11.29582611064033,4.0,47800.0,80485.0,6059.0,-1.715750805928247,-2.1811732256490806,-1.250328386207411,103.95734133119248
55073,Marathon County,WI,Not expanded by 2023,,Metro,2023,13.7,-5.199999999999999,9.1,11.1,10.855724411183752,0.73,2.44,15.25,11.812170428786462,3.0,51800.0,134884.0,9993.0,-1.3420429297737646,-2.3384714451822735,-0.3456144143652571,134.1103499722923
55075,Marinette County,WI,Not expanded by 2023,,"Rural, near a metro",2023,10.0,-4.300000000000001,7.2,14.3,10.632146654097433,0.37,1.43,20.91,10.628327179828563,6.0,41400.0,41288.0,3772.0,-2.1054596293359715,-2.326344608994733,-1.8845746496772091,79.41793721855285
55077,Marquette County,WI,Not expanded by 2023,,"Rural, near a metro",2023,12.2,-2.6000000000000014,8.1,11.5,10.773943748066484,0.59,3.02,22.76,9.627668172626858,8.0,47800.0,15179.0,1399.0,-1.9526268341375363,-2.3038539426696043,-1.6013997256054702,27.317249409584136
55078,Menominee County,WI,Not expanded by 2023,,"Rural, near a metro",2023,5.4,-9.299999999999999,4.7,38.8,10.397238225511654,0.66,5.75,12.07,8.38548870041881,8.0,32800.0,4383.0,541.0,-2.4625567576634815,-3.061149202178486,-1.8639643131484758,13.322432058959434
55079,Milwaukee County,WI,Not expanded by 2023,,Metro,2023,15.3,0.0,11.2,22.4,10.64680489700865,26.32,13.98,11.95,13.772021468238846,1.0,42100.0,957443.0,115517.0,-1.6623516809583427,-2.409704008361435,-0.9149993535552505,1920.2987912926487
55081,Monroe County,WI,Not expanded by 2023,,"Rural, near a metro",2023,14.2,-4.5,10.5,14.2,10.847607436328959,1.34,3.86,15.0,10.717147373323323,6.0,51400.0,45123.0,4526.0,-1.346611438088442,-2.2018296548564553,-0.49139322132042873,60.94763368788288
55083,Oconto County,WI,Not expanded by 2023,,Metro,2023,11.7,-6.400000000000002,8.3,9.7,10.874266469694353,0.28,1.62,17.79,10.528516479019784,2.0,52800.0,37366.0,2862.0,-1.6898578156213167,-2.3057155747385405,-1.0740000565040932,48.363730683082075
55085,Oneida County,WI,Not expanded by 2023,,Remote rural,2023,10.9,-2.0,7.6,11.6,10.75306139234466,0.47,1.27,23.08,10.478920445076517,7.0,46800.0,35558.0,2956.0,-2.019608789924624,-2.3145593679326777,-1.7246582119165708,59.69963583017188
55087,Outagamie County,WI,Not expanded by 2023,,Metro,2023,12.4,-6.1,8.5,8.6,10.952979622572824,1.07,3.88,12.79,12.102543784701318,3.0,57100.0,180330.0,11417.0,-1.4979764813555945,-2.1680508416022697,-0.8279021211089199,171.02397487636821
55089,Ozaukee County,WI,Not expanded by 2023,,Metro,2023,13.0,-3.5,6.9,6.0,11.217103688158033,1.39,2.56,16.86,11.376108681354177,1.0,74400.0,87213.0,3476.0,-1.744472167478507,-2.4695936857000587,-1.0193506492569553,60.63785254155291
55091,Pepin County,WI,Not expanded by 2023,,"Rural, near a metro",2023,14.8,-4.699999999999999,9.1,12.7,10.834233305379868,0.34,1.52,19.7,8.902047345620277,8.0,50700.0,7347.0,534.0,-1.8025031535111338,-2.3425810343387132,-1.2624252726835543,9.625366839749454
55093,Pierce County,WI,Not expanded by 2023,,Metro,2023,10.5,-5.5,6.3,10.6,11.015739726908272,0.56,1.73,12.24,10.61678043878903,1.0,60800.0,40814.0,2850.0,-1.7576138212814625,-2.3097308605292803,-1.205496782033641,50.09199390652168
55095,Polk County,WI,Not expanded by 2023,,"Rural, near a metro",2023,12.9,-3.4999999999999982,9.1,10.5,10.8023879452062,0.31,1.77,17.74,10.676208099877172,6.0,49100.0,43313.0,3344.0,-1.7347061831489148,-2.010352766087586,-1.45905960021024,58.00857476449971
55097,Portage County,WI,Not expanded by 2023,,"Rural, near a metro",2023,13.6,-3.0000000000000018,8.5,13.8,10.851024981743453,0.67,2.87,13.92,11.163623275360909,4.0,51600.0,70518.0,6438.0,-1.4464778447839377,-2.1659077145466172,-0.7270479750212583,93.12424364718991
55099,Price County,WI,Not expanded by 2023,,Remote rural,2023,12.1,-1.8000000000000007,8.0,15.5,10.669048413605118,0.44,1.55,22.8,9.527920994773828,9.0,43000.0,13738.0,1368.0,-2.088406316583192,-2.4001618525540223,-1.7766507806123586,28.56939841085807
55101,Racine County,WI,Not expanded by 2023,,Metro,2023,15.0,-0.5999999999999996,10.0,13.3,10.904174578382314,10.97,12.19,14.32,12.17911246394739,3.0,54400.0,194680.0,16364.0,-1.2744493410479178,-1.8661489300027614,-0.6827497520930749,208.5508901690813
55103,Richland County,WI,Not expanded by 2023,,"Rural, near a metro",2023,13.0,-4.0,8.8,15.7,10.683614859597412,0.63,2.14,19.33,9.788469440951861,6.0,43600.0,17827.0,1641.0,-2.088606895028688,-2.481839374515996,-1.695374415541382,34.27403914742077
55105,Rock County,WI,Not expanded by 2023,,Metro,2023,11.8,-5.099999999999998,8.0,14.3,10.802774536594097,4.82,7.99,14.65,11.985058076324407,3.0,49200.0,160341.0,13677.0,-1.3796955599658596,-2.213551915944828,-0.5458392039868915,188.70096173653062
55107,Rusk County,WI,Not expanded by 2023,,"Rural, near a metro",2023,12.3,-1.5999999999999996,9.1,18.5,10.528088190560963,0.76,1.66,21.73,9.572689189010719,6.0,37300.0,14367.0,1489.0,-2.302990702627903,-2.9892152077883782,-1.6167661974674288,34.29153156212948
55109,St. Croix County,WI,Not expanded by 2023,,Metro,2023,13.7,-4.0,8.0,6.3,11.151108753342497,0.72,2.13,11.49,11.357942772449716,1.0,69600.0,85643.0,4454.0,-1.9047988756459482,-2.5584483075597433,-1.251149443732153,84.83974192127053
55111,Sauk County,WI,Not expanded by 2023,,"Rural, near a metro",2023,12.6,-4.6,9.0,12.0,10.838069966882449,0.65,4.62,16.19,11.0474236871679,4.0,50900.0,62782.0,5010.0,-1.4803453654089316,-1.9708375956355357,-0.9898531351823289,74.16530280698747
55113,Sawyer County,WI,Not expanded by 2023,,Remote rural,2023,11.1,-6.6,10.9,17.6,10.611720370514114,0.52,2.27,22.59,9.709538659501193,7.0,40600.0,16474.0,1822.0,-2.1798068652371327,-2.778512809768224,-1.5811009207060396,39.716081084620555
55115,Shawano County,WI,Not expanded by 2023,,"Rural, near a metro",2023,10.6,-9.200000000000001,9.4,14.2,10.73537441400955,0.37,2.43,19.31,10.631253527491689,6.0,46000.0,41409.0,3433.0,-1.9671158185669275,-2.416155480142027,-1.5180761569918284,67.53108605140262
55117,Sheboygan County,WI,Not expanded by 2023,,Metro,2023,14.1,-2.5000000000000018,8.4,11.0,10.861035384258484,1.53,5.79,15.64,11.650049147587964,3.0,52100.0,114697.0,7906.0,-1.3047102232654755,-1.964475031728771,-0.64494541480218,103.15039025136849
55119,Taylor County,WI,Not expanded by 2023,,"Rural, near a metro",2023,16.6,-0.29999999999999716,10.8,13.8,10.736070535336799,0.32,1.66,17.07,9.924465958921319,6.0,46000.0,20424.0,1614.0,-1.5993866576146312,-1.8972509942346971,-1.3015223209945663,25.814100653900145
55121,Trempealeau County,WI,Not expanded by 2023,,"Rural, near a metro",2023,17.3,-3.1999999999999993,9.8,9.9,10.838658918173572,0.33,6.59,16.46,10.290822633771823,6.0,51000.0,29461.0,2374.0,-1.398619686136185,-1.7994791398975614,-0.9977602323748072,33.20323134887303
55123,Vernon County,WI,Not expanded by 2023,,"Rural, near a metro",2023,17.9,-1.8000000000000007,11.9,13.9,10.7592424086558,0.4,1.58,17.72,10.311914935439406,6.0,47100.0,30089.0,2686.0,-1.807463029786436,-2.0826233400185976,-1.5323027195542718,48.54845698006367
55125,Vilas County,WI,Not expanded by 2023,,Remote rural,2023,9.6,-6.6,9.2,14.4,10.607920805113041,0.24,1.86,28.11,9.970912528850917,9.0,40500.0,21395.0,1978.0,-2.1983329409615306,-2.490064160839042,-1.9066017210840192,43.48302557221908
55127,Walworth County,WI,Not expanded by 2023,,"Rural, near a metro",2023,16.4,-1.7000000000000028,10.6,12.9,10.870661494724853,0.99,10.66,14.8,11.540472536299529,4.0,52600.0,102793.0,8436.0,-1.1828972659281582,-1.6085647742693268,-0.7572297575869907,99.78921335369942
55129,Washburn County,WI,Not expanded by 2023,,Remote rural,2023,12.3,-2.5,9.5,13.6,10.682537162096777,0.36,1.58,23.17,9.658928824466434,7.0,43600.0,15661.0,1606.0,-2.069952907311463,-2.31894882363392,-1.8209569909890038,33.243443691422094
55131,Washington County,WI,Not expanded by 2023,,Metro,2023,11.4,-3.799999999999999,6.4,7.0,11.116558839847324,0.96,2.9,15.17,11.79757043007701,1.0,67300.0,132929.0,6206.0,-1.6683419572857427,-2.33442795207636,-1.0022559624951235,103.53730186915318
55133,Waukesha County,WI,Not expanded by 2023,,Metro,2023,12.3,-5.399999999999999,6.6,5.8,11.233899156408345,1.27,4.4,15.95,12.8844792151436,1.0,75700.0,394147.0,15225.0,-1.7361522711966464,-2.406712238360321,-1.0655923040329731,264.3291832896894
55135,Waupaca County,WI,Not expanded by 2023,,"Rural, near a metro",2023,13.2,-2.8000000000000007,8.9,12.3,10.780122276529998,0.35,2.84,18.87,10.860267423540328,6.0,48100.0,52066.0,4004.0,-1.8459299758563292,-2.0707832437451454,-1.6210767079675146,73.91103623328743
55137,Waushara County,WI,Not expanded by 2023,,"Rural, near a metro",2023,14.0,-2.6000000000000014,10.2,13.1,10.67301690301488,1.95,6.17,21.54,10.096378060679317,6.0,43200.0,24255.0,2071.0,-1.8877725752402896,-2.3071305442373014,-1.4684146062432775,39.095770033226394
55139,Winnebago County,WI,Not expanded by 2023,,Metro,2023,12.2,-1.200000000000001,7.8,12.6,10.82911456538727,1.82,3.75,14.16,12.03932714961224,3.0,50500.0,169283.0,14756.0,-1.2813623295264334,-1.8573826783904623,-0.7053419806624041,189.0778253449205
55141,Wood County,WI,Not expanded by 2023,,"Rural, near a metro",2023,9.9,-4.5,7.1,11.7,10.793906476842713,0.62,2.54,18.13,11.210738706315565,4.0,48700.0,73920.0,6393.0,-1.7820874048762816,-2.1743651577130367,-1.3898096520395256,113.92884779374069
56001,Albany County,WY,Not expanded by 2023,,"Rural, near a metro",2023,27.0,2.0,16.1,20.2,10.655917278259798,1.71,9.08,9.55,10.533588431378439,4.0,42400.0,37556.0,6417.0,-4.667114348376479,-5.6251093311705915,-3.709119365582371,299.4887277353187
56003,Big Horn County,WY,Not expanded by 2023,,Remote rural,2023,32.7,-1.0999999999999943,24.3,11.2,10.800636238881916,0.94,8.63,18.55,9.387314322443542,9.0,49100.0,11936.0,1258.0,-6.626913256254185,-7.404306874806869,-5.849519637701505,83.36656876367765
56005,Campbell County,WY,Not expanded by 2023,,Remote rural,2023,29.0,-9.5,20.6,7.5,11.310221592893475,0.69,8.07,6.78,10.779747643353929,5.0,81700.0,48038.0,3605.0,-5.394251978219951,-6.291234987061338,-4.4972689693785695,194.46278381482924
56007,Carbon County,WY,Not expanded by 2023,,Remote rural,2023,34.6,-5.799999999999997,23.5,14.2,10.900620672254384,1.13,17.07,14.1,9.669914805731379,7.0,54200.0,15834.0,1252.0,-7.154746796133589,-8.216406938431,-6.093086653836181,89.57742988759253
56009,Converse County,WY,Not expanded by 2023,,"Rural, near a metro",2023,30.3,-6.199999999999999,21.1,9.4,11.041929343366853,0.74,7.5,13.77,9.572619582634747,6.0,62400.0,14366.0,1142.0,-5.848159156650394,-7.122308208373514,-4.5740101049272734,66.7859775689475
56011,Crook County,WY,Not expanded by 2023,,Remote rural,2023,29.9,-5.300000000000004,20.4,7.8,10.993563510181952,0.71,2.39,17.44,8.874727765766853,9.0,59500.0,7149.0,521.0,-5.889833381495818,-6.984084442906828,-4.795582320084809,30.686031917593212
56013,Fremont County,WY,Not expanded by 2023,,Remote rural,2023,22.3,-11.8,21.9,15.3,10.857459351377972,0.68,6.58,15.54,10.619178697530968,7.0,51900.0,40912.0,4201.0,-5.8011383718854015,-7.582517740379915,-4.019759003390889,243.70582300290573
56015,Goshen County,WY,Not expanded by 2023,,Remote rural,2023,26.9,-3.3000000000000007,18.6,16.3,10.676161923297924,0.86,10.36,19.82,9.513772754519195,7.0,43300.0,13545.0,1140.0,-5.290700676374505,-5.855597890772676,-4.725803461976333,60.31398771066936
56017,Hot Springs County,WY,Not expanded by 2023,,Remote rural,2023,23.4,-8.400000000000002,17.3,12.5,10.661813674121044,0.6,3.23,23.27,8.482808764554406,7.0,42700.0,4831.0,465.0,-4.737507576819332,-5.195435354472544,-4.27957979916612,22.02941023220989
56019,Johnson County,WY,Not expanded by 2023,,Remote rural,2023,28.0,0.3999999999999986,17.8,8.7,10.849744770527753,0.64,4.25,20.38,9.0642735958414,7.0,51500.0,8641.0,699.0,-4.7050774725228734,-5.097554368477813,-4.312600576567932,32.888491532934886
56021,Laramie County,WY,Not expanded by 2023,,Metro,2023,26.6,-2.8999999999999986,17.1,10.2,10.997288284207016,2.83,13.81,13.75,11.469046720011622,3.0,59700.0,95707.0,8109.0,-4.975275492537111,-6.169660343544949,-3.7808906415292753,403.4450896898344
56023,Lincoln County,WY,Not expanded by 2023,,Remote rural,2023,37.1,-3.799999999999997,25.5,8.9,11.116261512815132,0.58,4.26,14.37,9.815748638228122,7.0,67300.0,18320.0,1320.0,-8.290037729339685,-9.370849637326186,-7.2092258213531855,109.42849802728385
56025,Natrona County,WY,Not expanded by 2023,,Metro,2023,28.5,-3.700000000000003,20.8,10.1,10.96302978336854,1.45,7.9,12.69,11.30347523078802,3.0,57700.0,81103.0,7098.0,-5.516492999246862,-7.0121109012838705,-4.0208750972098555,391.56067308654224
56027,Niobrara County,WY,Not expanded by 2023,,Remote rural,2023,29.2,-3.5000000000000036,19.8,15.0,10.691808539965669,0.59,2.99,20.28,7.841492924460013,9.0,44000.0,2544.0,257.0,-5.741344260857798,-6.8561544892112725,-4.626534032504326,14.755254750404541
56029,Park County,WY,Not expanded by 2023,,Remote rural,2023,27.8,-4.300000000000001,20.0,10.0,10.838933643450025,1.04,5.3,19.44,10.276773762280058,7.0,51000.0,29050.0,2460.0,-5.41938625014284,-6.292668436317795,-4.546104063967887,133.31690175351386
56031,Platte County,WY,Not expanded by 2023,,Remote rural,2023,28.7,-5.400000000000002,18.0,10.9,10.79181081532623,0.64,7.28,22.14,9.072227069846548,7.0,48600.0,8710.0,766.0,-5.25568498708777,-6.013955297369977,-4.497414676805562,40.25854700109232
56033,Sheridan County,WY,Not expanded by 2023,,Remote rural,2023,27.0,-4.199999999999999,19.3,10.1,10.851819439955078,1.02,4.12,17.31,10.300012819074817,7.0,51600.0,29733.0,2589.0,-5.408862941373142,-6.153276063681951,-4.664449819064331,140.03546155215065
56035,Sublette County,WY,Not expanded by 2023,,Remote rural,2023,34.9,-4.5,22.3,6.3,11.22458984566989,0.79,7.21,13.46,9.227689010310796,9.0,75000.0,10175.0,601.0,-6.839074745015747,-7.564346215945809,-6.113803274085685,41.10283921754464
56037,Sweetwater County,WY,Not expanded by 2023,,Remote rural,2023,30.1,-9.399999999999999,18.3,8.7,11.19683020048154,1.29,15.81,9.12,10.717900585587556,5.0,72900.0,45157.0,3515.0,-5.585590829322324,-6.498556470376539,-4.67262518826811,196.3335176506797
56039,Teton County,WY,Not expanded by 2023,,Remote rural,2023,41.8,-0.9000000000000057,27.1,7.7,11.159117834926688,1.15,14.93,11.75,10.01301437706337,7.0,70200.0,22315.0,1183.0,-9.073401758888801,-11.079980271410871,-7.066823246366734,107.33834280765451
56041,Uinta County,WY,Not expanded by 2023,,Remote rural,2023,28.4,-8.200000000000003,17.8,12.0,11.017858354370803,0.63,8.67,10.33,9.949941656908011,7.0,61000.0,20951.0,1745.0,-5.180997279770102,-6.107518576100267,-4.25447598343993,90.40840253198827
56043,Washakie County,WY,Not expanded by 2023,,Remote rural,2023,26.7,-7.599999999999998,17.5,11.3,10.834469833153273,0.58,14.26,19.05,9.037533407550814,7.0,50700.0,8413.0,726.0,-5.075283907349215,-5.508065442868238,-4.642502371830192,36.846561167355304
56045,Weston County,WY,Not expanded by 2023,,Remote rural,2023,27.9,-2.400000000000002,20.1,9.9,10.990600644811217,0.48,3.7,17.0,8.872907674259846,7.0,59300.0,7136.0,567.0,-5.5775651878484815,-6.410813902635563,-4.744316473061401,31.62479461510089
